Time,EMG,Envelope,HandPosition,Pressure,FeedbackPWM
0.0,2190.6544765686713,142.65447656867127,0.0,0.0,0
0.001000100010001,2378.754025463229,236.70425101595015,0.001,0.0,0
0.002000200020002,1908.002257082491,204.46874831646974,0.002,0.0,0
0.003000300030003,2177.2828665460024,185.67227787385292,0.003,0.0,0
0.004000400040004,2592.1880256450395,257.37542742809023,0.004,0.0,0
0.005000500050005001,1406.256156049597,321.43683018180906,0.005,0.0,0
0.006000600060006,1735.6602981532994,320.1372404196507,0.006,0.0,0
0.0070007000700070005,1786.3936097522044,312.82088414816883,0.007,0.0,0
0.008000800080008,2123.388478322944,286.43950572314384,0.008,0.0,0
0.009000900090009001,2038.172530188435,258.7783021319859,0.009000000000000001,0.0,0
0.010001000100010001,1761.6864155364542,261.2815096166732,0.010000000000000002,0.0,0
0.011001100110011002,1958.4461225845237,246.97087359990678,0.011000000000000003,0.0,0
0.012001200120012,1964.2200647600166,234.41772449529728,0.012000000000000004,0.0,0
0.013001300130013,1767.6056959087089,237.7017658950111,0.013000000000000005,0.0,0
0.014001400140014001,2002.473739993098,224.8900655024705,0.014000000000000005,0.0,0
0.015001500150015001,2391.48972513902,232.30254422975483,0.015000000000000006,0.0,0
0.016001600160016,2602.8294305538757,251.27471401352662,0.016000000000000007,0.0,0
0.017001700170017002,2056.140915812208,237.76728078012002,0.017000000000000008,0.0,0
0.018001800180018002,1957.004221668155,230.04246486178977,0.01800000000000001,0.0,0
0.019001900190019003,2057.715955803029,219.02613940885172,0.01900000000000001,0.0,0
0.020002000200020003,2101.4475785379345,211.14144603404614,0.02000000000000001,0.0,0
0.021002100210021003,2119.1939837890127,204.78019775018095,0.02100000000000001,0.0,0
0.022002200220022004,1974.779465955234,199.06021237168466,0.022000000000000013,0.0,0
0.023002300230023004,1805.453263450273,200.8721508791031,0.023000000000000013,0.0,0
0.024002400240024,2281.07994635478,202.16046269813017,0.024000000000000014,0.0,0
0.025002500250025,2150.605163741696,198.33141273826732,0.025000000000000015,0.0,0
0.026002600260026,1860.6706777142508,197.92392790669257,0.026000000000000016,0.0,0
0.027002700270027002,1966.3257533581482,193.7721535758054,0.027000000000000017,0.0,0
0.028002800280028002,2264.999339327231,194.57309101550973,0.028000000000000018,0.0,0
0.029002900290029002,1902.5005232271487,192.93730387408777,0.02900000000000002,0.0,0
0.030003000300030003,2137.0006320290504,189.58450800811883,0.03000000000000002,0.0,0
0.031003100310031003,2102.1665424548523,185.35269658457923,0.03100000000000002,0.0,0
0.032003200320032,1923.6101208936154,183.50533847917941,0.03200000000000002,0.0,0
0.033003300330033,2173.895908305339,181.81094347406645,0.03300000000000002,0.0,0
0.034003400340034004,2113.438527309349,178.48601729793165,0.03400000000000002,0.0,0
0.035003500350035,1910.3391684046837,177.3519843617479,0.035000000000000024,0.0,0
0.036003600360036005,1871.546918573537,177.32768968782128,0.036000000000000025,0.0,0
0.037003700370037,2089.7042757716104,173.75865247949991,0.037000000000000026,0.0,0
0.038003800380038005,1866.4279015541756,173.95899724786722,0.03800000000000003,0.0,0
0.039003900390039,1706.860041576991,178.13852127724576,0.03900000000000003,0.0,0
0.040004000400040006,2379.387750120476,181.87630734659285,0.04000000000000003,0.0,0
0.041004100410041,2239.7623909517642,182.11169028957312,0.04100000000000003,0.0,0
0.04200420042004201,1578.308016192946,188.79960409230523,0.04200000000000003,0.0,0
0.043004300430043,2281.9943046723597,189.82675637821558,0.04300000000000003,0.0,0
0.04400440044004401,2211.6931178192904,189.2460088546839,0.04400000000000003,0.0,0
0.045004500450045004,1770.3534089385412,191.1677606417877,0.04500000000000003,0.0,0
0.04600460046004601,1675.4752622919889,195.02641972830307,0.046000000000000034,0.0,0
0.047004700470047005,1251.788258398889,207.55111393398658,0.047000000000000035,0.0,0
0.048004800480048,2186.376545474357,206.13938804705538,0.048000000000000036,0.0,0
0.049004900490049005,2267.279529375497,206.4021908736242,0.04900000000000004,0.0,0
0.05000500050005,1853.778219354594,207.43353695515893,0.05000000000000004,0.0,0
0.051005100510051006,2093.572945877676,201.72991536344787,0.05100000000000004,0.0,0
0.052005200520052,2229.154337360027,202.55304725229823,0.05200000000000004,0.0,0
0.05300530053005301,2183.334960206774,202.67408912551363,0.05300000000000004,0.0,0
0.054005400540054004,1915.2141070552454,194.44604647150794,0.05400000000000004,0.0,0
0.05500550055005501,1630.081772171843,189.96953414906307,0.05500000000000004,0.0,0
0.056005600560056004,1982.7412995630104,185.02791412086884,0.05600000000000004,0.0,0
0.05700570057005701,2114.663313001851,181.12905257594994,0.057000000000000044,0.0,0
0.058005800580058005,2239.666374366545,183.454610496822,0.058000000000000045,0.0,0
0.05900590059005901,1909.9849732363393,186.01836163586387,0.059000000000000045,0.0,0
0.060006000600060005,1800.9589063364165,185.2329118198646,0.060000000000000046,0.0,0
0.06100610061006101,1941.76983343991,185.56643760275693,0.06100000000000005,0.0,0
0.062006200620062006,2147.5914021005715,185.88266693996866,0.06200000000000005,0.0,0
0.063006300630063,1610.8805886314929,189.01716908551302,0.06300000000000004,0.0,0
0.064006400640064,2194.748978476044,191.04162345489584,0.06400000000000004,0.0,0
0.06500650065006501,1787.7673329464287,189.37648229318688,0.06500000000000004,0.0,0
0.066006600660066,2020.294874037199,178.83399620136538,0.06600000000000004,0.0,0
0.067006700670067,2172.896530296905,181.16910849105932,0.06700000000000005,0.0,0
0.06800680068006801,2003.5265931412152,180.23866106159807,0.06800000000000005,0.0,0
0.06900690069006901,2213.505393003371,183.3544498056049,0.06900000000000005,0.0,0
0.07000700070007,1909.298050718418,185.05953722047786,0.07000000000000005,0.0,0
0.071007100710071,2197.8915261133093,186.6334880669638,0.07100000000000005,0.0,0
0.07200720072007201,2357.030806240037,191.34969351086923,0.07200000000000005,0.0,0
0.07300730073007301,2243.237674654915,190.40351227297296,0.07300000000000005,0.0,0
0.074007400740074,1922.2385737443897,188.25714187098956,0.07400000000000005,0.0,0
0.075007500750075,2032.2041517399769,186.52095556135612,0.07500000000000005,0.0,0
0.07600760076007601,2053.906377417013,182.8924966639814,0.07600000000000005,0.0,0
0.07700770077007701,2075.346170723228,181.80593514560897,0.07700000000000005,0.0,0
0.078007800780078,2504.9532460313803,186.60501327969195,0.07800000000000006,0.0,0
0.07900790079007901,1817.0838055024537,188.31334763418582,0.07900000000000006,0.0,0
0.08000800080008001,1906.928222986963,189.3547705338656,0.08000000000000006,0.0,0
0.081008100810081,2123.2141502455775,189.77572268968004,0.08100000000000006,0.0,0
0.082008200820082,2012.557292195041,187.99677926365155,0.08200000000000006,0.0,0
0.08300830083008301,1976.051375940239,186.91783357874002,0.08300000000000006,0.0,0
0.08400840084008401,2257.2124441034753,189.79331191462254,0.08400000000000006,0.0,0
0.085008500850085,1799.5873477981177,192.00834832675383,0.08500000000000006,0.0,0
0.086008600860086,1932.7519292039412,190.78424811414578,0.08600000000000006,0.0,0
0.08700870087008701,1773.1374526807303,195.44741354509893,0.08700000000000006,0.0,0
0.08800880088008801,1988.9202824131355,192.99756592791974,0.08800000000000006,0.0,0
0.089008900890089,1635.3189183228394,194.42838839300285,0.08900000000000007,0.0,0
0.09000900090009001,1785.4626082346895,193.05138122589946,0.09000000000000007,0.0,0
0.09100910091009101,1654.1006762637016,197.09411988159016,0.09100000000000007,0.0,0
0.09200920092009202,1907.6881112920767,190.50651797960748,0.09200000000000007,0.0,0
0.093009300930093,2075.263829792948,186.37190848201925,0.09300000000000007,0.0,0
0.09400940094009401,2305.2905194341674,188.2438565143168,0.09400000000000007,0.0,0
0.09500950095009501,1978.9796483531493,184.07133172602465,0.09500000000000007,0.0,0
0.096009600960096,2341.219564407705,182.48522826001852,0.09600000000000007,0.0,0
0.09700970097009701,2148.481521760505,168.5706238632064,0.09700000000000007,0.0,0
0.09800980098009801,2077.911175152729,166.40131645677386,0.09800000000000007,0.0,0
0.09900990099009901,2047.2958174093224,162.02980952107748,0.09900000000000007,0.0,0
0.1000100010001,1814.1697656259014,162.82197859565133,0.10000000000000007,0.0,0
0.10101010101010101,2037.6930312812074,162.11665905247366,0.10100000000000008,0.0,0
0.10201020102010201,2111.5395599872227,159.7643635050176,0.10200000000000008,0.0,0
0.10301030103010302,2188.2449824190594,159.86256394926332,0.10300000000000008,0.0,0
0.104010401040104,2315.7868513117724,162.56258311660366,0.10400000000000008,0.0,0
0.10501050105010501,2120.760549589719,155.6594295518349,0.10500000000000008,0.0,0
0.10601060106010601,2439.5688059833287,162.18563166276166,0.10600000000000008,0.0,0
0.10701070107010702,2170.1652154526387,163.2956697117774,0.10700000000000008,0.0,0
0.10801080108010801,2503.097621957391,168.56429466359432,0.10800000000000008,0.0,0
0.10901090109010901,2060.7540514699017,166.05907515771915,0.10900000000000008,0.0,0
0.11001100110011001,3104.7202388342803,182.2526580611331,0.11000000000000008,0.0,0
0.11101110111011102,2082.238858149592,180.81283189292316,0.11100000000000008,0.0,0
0.11201120112011201,1783.8888964061382,184.1032259227889,0.11200000000000009,0.0,0
0.11301130113011301,1860.974195540522,179.10135378460836,0.11300000000000009,0.0,0
0.11401140114011402,2377.9847819512725,182.76606985411294,0.11400000000000009,0.0,0
0.115011501150115,2078.725363719317,178.17592378742782,0.11500000000000009,0.0,0
0.11601160116011601,2102.4335442462693,178.7104921530972,0.11600000000000009,0.0,0
0.11701170117011701,2300.519054106908,181.26294262929724,0.11700000000000009,0.0,0
0.11801180118011802,1780.6219324311387,185.72103584349878,0.11800000000000009,0.0,0
0.11901190119011901,2301.38595514747,187.47864708638076,0.11900000000000009,0.0,0
0.12001200120012001,1703.2710298982759,191.5991875027836,0.12000000000000009,0.0,0
0.12101210121012101,1678.280725435638,195.99574247180465,0.1210000000000001,0.0,0
0.12201220122012202,2090.8880236510468,190.67288682002487,0.1220000000000001,0.0,0
0.12301230123012301,1941.066271768974,188.90680789154706,0.1230000000000001,0.0,0
0.12401240124012401,2030.52587520097,186.74106186241548,0.1240000000000001,0.0,0
0.125012501250125,2368.5000919406943,192.83514673602886,0.12500000000000008,0.0,0
0.126012601260126,2230.9485277672384,196.37598974303341,0.12600000000000008,0.0,0
0.127012701270127,2064.096761996406,196.15100156849695,0.12700000000000009,0.0,0
0.128012801280128,1750.985564579061,192.95222535628815,0.12800000000000009,0.0,0
0.12901290129012902,1664.9948947272255,195.99400357179272,0.1290000000000001,0.0,0
0.13001300130013002,1663.9524356022382,200.85351931948725,0.1300000000000001,0.0,0
0.13101310131013102,2582.4877323032647,210.03899096064097,0.1310000000000001,0.0,0
0.132013201320132,1839.9995657148925,213.49014549024395,0.1320000000000001,0.0,0
0.133013301330133,2501.7248999227622,221.125671007504,0.1330000000000001,0.0,0
0.134013401340134,2191.3617009131704,219.80865614369787,0.1340000000000001,0.0,0
0.135013501350135,2226.9908536768116,218.4202201731965,0.1350000000000001,0.0,0
0.13601360136013602,2341.5860040188245,221.98697883765183,0.1360000000000001,0.0,0
0.13701370137013702,2427.929411087342,224.0883161130132,0.1370000000000001,0.0,0
0.13801380138013802,2609.056564146853,234.12785304421297,0.1380000000000001,0.0,0
0.13901390139013903,2261.294505863718,230.1401215279442,0.1390000000000001,0.0,0
0.14001400140014,1834.4175731043265,229.1610222305514,0.1400000000000001,0.0,0
0.141014101410141,2058.6670471417647,221.49637669866067,0.1410000000000001,0.0,0
0.142014201420142,1856.2700578850202,222.52473776680176,0.1420000000000001,0.0,0
0.14301430143014301,2156.7745171799497,224.15495151454184,0.1430000000000001,0.0,0
0.14401440144014402,1576.3832455069005,228.4414762157205,0.1440000000000001,0.0,0
0.14501450145014502,1827.5325021833478,231.4704191391165,0.1450000000000001,0.0,0
0.14601460146014603,1660.620063637112,233.35362657822017,0.1460000000000001,0.0,0
0.147014701470147,1904.2328890651224,234.2193383617076,0.1470000000000001,0.0,0
0.148014801480148,1736.589808965568,239.8493186793417,0.1480000000000001,0.0,0
0.149014901490149,2405.241188777709,246.98005880308233,0.1490000000000001,0.0,0
0.15001500150015,2253.861785710881,246.420689829818,0.1500000000000001,0.0,0
0.15101510151015102,2002.1281138631612,247.13198817817894,0.1510000000000001,0.0,0
0.15201520152015202,1750.5589673397708,251.81001763163906,0.1520000000000001,0.0,0
0.15301530153015303,2323.2862368085143,254.51084271942818,0.1530000000000001,0.0,0
0.15401540154015403,2285.286847867859,253.90084265055,0.1540000000000001,0.0,0
0.155015501550155,1904.535485272284,255.3149219533099,0.1550000000000001,0.0,0
0.156015601560156,1892.5989696412653,250.59156644081807,0.1560000000000001,0.0,0
0.157015701570157,1975.587713036002,249.59650787104525,0.1570000000000001,0.0,0
0.15801580158015802,2143.5883437974776,242.406322307847,0.1580000000000001,0.0,0
0.15901590159015902,1884.5706021642152,245.41982923516466,0.1590000000000001,0.0,0
0.16001600160016002,1601.4217441733651,233.21698957501172,0.16000000000000011,0.0,0
0.16101610161016103,1940.2559368677228,234.68709367466545,0.16100000000000012,0.0,0
0.162016201620162,1998.3475095087756,230.39792141261267,0.16200000000000012,0.0,0
0.163016301630163,2313.127900138406,231.95996332619126,0.16300000000000012,0.0,0
0.164016401640164,2035.8686019594893,225.60289564797594,0.16400000000000012,0.0,0
0.16501650165016502,1951.40968992187,226.9201945751522,0.16500000000000012,0.0,0
0.16601660166016602,2353.6424175440984,231.9443720411088,0.16600000000000012,0.0,0
0.16701670167016702,2267.3050173061733,231.28009130509415,0.16700000000000012,0.0,0
0.16801680168016803,2058.7597547806326,226.1477250493295,0.16800000000000012,0.0,0
0.16901690169016903,2252.0449028053636,225.16090400248737,0.16900000000000012,0.0,0
0.17001700170017,1909.7864299522657,221.03059600140753,0.17000000000000012,0.0,0
0.171017101710171,1881.873964687439,216.95873121637152,0.17100000000000012,0.0,0
0.172017201720172,2081.585668588619,216.772684115123,0.17200000000000013,0.0,0
0.17301730173017302,2362.2169558073906,220.9183486666503,0.17300000000000013,0.0,0
0.17401740174017402,2146.6559765455863,222.5419857015814,0.17400000000000013,0.0,0
0.17501750175017503,1821.1973748702574,220.66803636536235,0.17500000000000013,0.0,0
0.17601760176017603,2141.9625471742443,218.88831675350252,0.17600000000000013,0.0,0
0.177017701770177,1911.982487861724,221.28673175633992,0.17700000000000013,0.0,0
0.178017801780178,2039.768597006065,215.51107110779986,0.17800000000000013,0.0,0
0.179017901790179,2248.3288508130636,211.85754601860563,0.17900000000000013,0.0,0
0.18001800180018002,2313.4209672833995,209.4850140763184,0.18000000000000013,0.0,0
0.18101810181018102,2707.0058364266874,211.97537615878682,0.18100000000000013,0.0,0
0.18201820182018202,1753.9542270250604,213.6962829325835,0.18200000000000013,0.0,0
0.18301830183018303,1804.2805136932986,209.49617466026226,0.18300000000000013,0.0,0
0.18401840184018403,1828.3808531570173,211.02132357885841,0.18400000000000014,0.0,0
0.185018501850185,1756.117253684662,213.279161431629,0.18500000000000014,0.0,0
0.186018601860186,2190.7066190206815,210.26157373166606,0.18600000000000014,0.0,0
0.18701870187018702,2034.1096663166297,202.94079218358664,0.18700000000000014,0.0,0
0.18801880188018802,1340.6786073018784,205.86608875461198,0.18800000000000014,0.0,0
0.18901890189018902,2208.976835126882,204.81973533987534,0.18900000000000014,0.0,0
0.19001900190019003,1642.662672354984,208.65483335486218,0.19000000000000014,0.0,0
0.19101910191019103,2176.5444918450717,211.01238224892833,0.19100000000000014,0.0,0
0.192019201920192,2436.415136392703,214.94608613448278,0.19200000000000014,0.0,0
0.193019301930193,2294.242447331622,217.69544473751623,0.19300000000000014,0.0,0
0.19401940194019401,1671.5019331395251,215.79307098486376,0.19400000000000014,0.0,0
0.19501950195019502,2230.218452896904,215.02809008646884,0.19500000000000015,0.0,0
0.19601960196019602,2160.183503345681,209.52416142612466,0.19600000000000015,0.0,0
0.19701970197019703,2102.7676610720005,207.74417242886713,0.19700000000000015,0.0,0
0.19801980198019803,1989.6816415646435,202.68233577688568,0.19800000000000015,0.0,0
0.19901990199019903,1954.2159053899247,197.413193893533,0.19900000000000015,0.0,0
0.2000200020002,2266.765875078811,197.6712756808915,0.20000000000000015,0.0,0
0.201020102010201,2466.9109522509957,205.1320570031747,0.20100000000000015,0.0,0
0.20202020202020202,2040.2207344651617,199.33882166066687,0.20200000000000015,0.0,0
0.20302030203020302,1770.7567555888984,199.3779618127186,0.20300000000000015,0.0,0
0.20402040204020402,2122.286331328199,196.1179514819254,0.20400000000000015,0.0,0
0.20502050205020503,1972.978441822991,194.74909235091124,0.20500000000000015,0.0,0
0.20602060206020603,2083.350315699427,192.34807805772508,0.20600000000000016,0.0,0
0.20702070207020704,1925.5592916848163,193.3486464847488,0.20700000000000016,0.0,0
0.208020802080208,1926.6798493942415,193.8632826209144,0.20800000000000016,0.0,0
0.20902090209020902,2027.7588195127535,190.9995182739437,0.20900000000000016,0.0,0
0.21002100210021002,1522.4805986380998,192.57834118464896,0.21000000000000016,0.0,0
0.21102110211021102,2359.5424973422505,196.6543098688484,0.21100000000000016,0.0,0
0.21202120212021203,2086.2862403747754,196.42698486651946,0.21200000000000016,0.0,0
0.21302130213021303,1973.184527814581,192.6207363074597,0.21300000000000016,0.0,0
0.21402140214021403,2367.6866122846304,198.77184059234213,0.21400000000000016,0.0,0
0.215021502150215,1935.4927417615793,199.09017955554793,0.21500000000000016,0.0,0
0.21602160216021601,1926.0137443507108,195.41705631765177,0.21600000000000016,0.0,0
0.21702170217021702,2120.193196118085,192.47481989389004,0.21700000000000016,0.0,0
0.21802180218021802,1931.6719799365187,194.58618519954703,0.21800000000000017,0.0,0
0.21902190219021903,1983.0648574149018,191.80398999514173,0.21900000000000017,0.0,0
0.22002200220022003,2246.2325846309705,193.00437028680642,0.22000000000000017,0.0,0
0.22102210221022103,2010.4204008979605,190.433441562596,0.22100000000000017,0.0,0
0.22202220222022204,1461.911792201341,201.48349234679682,0.22200000000000017,0.0,0
0.223022302230223,2071.025848688141,195.6596702044118,0.22300000000000017,0.0,0
0.22402240224022402,2229.3805194016572,197.31416106153324,0.22400000000000017,0.0,0
0.22502250225022502,1998.059799679708,193.77691256534425,0.22500000000000017,0.0,0
0.22602260226022602,1555.3740681832226,201.75018025819492,0.22600000000000017,0.0,0
0.22702270227022703,1974.90013316621,200.49182735210516,0.22700000000000017,0.0,0
0.22802280228022803,2176.449839639351,202.89619608501343,0.22800000000000017,0.0,0
0.22902290229022904,2552.3449152799712,208.97651737435157,0.22900000000000018,0.0,0
0.23002300230023,2047.6367280310094,203.67536346806344,0.23000000000000018,0.0,0
0.23102310231023102,2138.656264763162,192.3083720347929,0.23100000000000018,0.0,0
0.23202320232023202,1652.891231182851,194.32963195163708,0.23200000000000018,0.0,0
0.23302330233023302,2337.6852659115025,195.24894754373312,0.23300000000000018,0.0,0
0.23402340234023403,2260.739735019361,195.11135930726067,0.23400000000000018,0.0,0
0.23502350235023503,2078.4834503221837,189.8833733873976,0.23500000000000018,0.0,0
0.23602360236023603,2184.7663556710413,189.76456812040476,0.23600000000000018,0.0,0
0.23702370237023704,1866.488227540771,193.11699689592191,0.23700000000000018,0.0,0
0.23802380238023801,2011.9905395706273,179.690758250547,0.23800000000000018,0.0,0
0.23902390239023902,2544.9802954715306,186.41082745743995,0.23900000000000018,0.0,0
0.24002400240024002,2337.670045889268,184.09748182232497,0.24000000000000019,0.0,0
0.24102410241024103,1931.0725827569179,183.8651403302852,0.2410000000000002,0.0,0
0.24202420242024203,1798.8535689647238,181.0797662231366,0.2420000000000002,0.0,0
0.24302430243024303,2480.470346043901,184.8043241973822,0.2430000000000002,0.0,0
0.24402440244024404,2389.2490339455685,184.0993435390841,0.2440000000000002,0.0,0
0.245024502450245,2562.770517001366,190.75038482117336,0.2450000000000002,0.0,0
0.24602460246024602,2062.483971395862,188.79639418217698,0.2460000000000002,0.0,0
0.24702470247024702,1930.8895747994225,190.04324946474853,0.2470000000000002,0.0,0
0.24802480248024802,2130.1476322585163,190.5198349412117,0.2480000000000002,0.0,0
0.24902490249024903,2079.2188217383878,189.26852948377794,0.2490000000000002,0.0,0
0.25002500250025,2031.906983239481,185.21507231741208,0.25000000000000017,0.0,0
0.251025102510251,2217.4098808191798,180.2250508887758,0.25100000000000017,0.0,0
0.252025202520252,2533.3052812205624,189.77557120249028,0.25200000000000017,0.0,0
0.253025302530253,1844.493887367049,188.30082856692724,0.25300000000000017,0.0,0
0.254025402540254,1699.9824199299333,193.7754535417646,0.25400000000000017,0.0,0
0.255025502550255,2139.730289571227,194.10962816964897,0.25500000000000017,0.0,0
0.256025602560256,1825.122512695171,197.86017160175703,0.25600000000000017,0.0,0
0.25702570257025703,1820.162358355039,199.96811026835258,0.2570000000000002,0.0,0
0.25802580258025803,1727.3672057744889,203.95436314074766,0.2580000000000002,0.0,0
0.25902590259025904,2167.5059597646778,205.9396587262963,0.2590000000000002,0.0,0
0.26002600260026004,1707.09953216893,202.24728005567968,0.2600000000000002,0.0,0
0.26102610261026105,2207.382067035947,199.2040714495536,0.2610000000000002,0.0,0
0.26202620262026205,1987.2986385109245,199.6523738718396,0.2620000000000002,0.0,0
0.26302630263026305,2282.969167562577,202.85544777938273,0.2630000000000002,0.0,0
0.264026402640264,2110.9471025369503,197.72065758442915,0.2640000000000002,0.0,0
0.265026502650265,2173.881001229375,197.98813244424827,0.2650000000000002,0.0,0
0.266026602660266,1832.6867121859686,199.85467308754306,0.2660000000000002,0.0,0
0.267026702670267,2033.979293486644,198.69122329544854,0.2670000000000002,0.0,0
0.268026802680268,1740.747816662807,202.50970656092272,0.2680000000000002,0.0,0
0.269026902690269,1912.6044722746853,203.91891426372706,0.2690000000000002,0.0,0
0.27002700270027,1952.7891267865793,201.8584800353761,0.2700000000000002,0.0,0
0.27102710271027103,2114.144782746049,202.42978370825628,0.2710000000000002,0.0,0
0.27202720272027203,2231.4482043675293,194.37698363963366,0.2720000000000002,0.0,0
0.27302730273027304,1723.3001888852898,200.41046288816497,0.2730000000000002,0.0,0
0.27402740274027404,2543.4086772623614,206.69102604537915,0.2740000000000002,0.0,0
0.27502750275027504,2207.508081740545,208.8823836737842,0.2750000000000002,0.0,0
0.27602760276027605,1902.6870258256045,201.9361245209366,0.2760000000000002,0.0,0
0.27702770277027705,2499.66337376054,209.50739465947154,0.2770000000000002,0.0,0
0.27802780278027805,2029.171226029041,207.31497334610373,0.2780000000000002,0.0,0
0.279027902790279,2110.7849815764475,198.4837746720332,0.2790000000000002,0.0,0
0.28002800280028,1864.2751220171554,202.15100679231026,0.2800000000000002,0.0,0
0.281028102810281,1834.5969729234207,204.6059420385786,0.2810000000000002,0.0,0
0.282028202820282,2102.2181611597393,197.78812988543046,0.2820000000000002,0.0,0
0.283028302830283,1716.7568491637383,198.61928758392565,0.2830000000000002,0.0,0
0.284028402840284,1919.225879493177,196.93997529367482,0.2840000000000002,0.0,0
0.285028502850285,1844.1138624542095,200.408029038147,0.2850000000000002,0.0,0
0.28602860286028603,2087.179556306582,198.45629305085785,0.2860000000000002,0.0,0
0.28702870287028703,2432.7969296029573,202.52199619373238,0.2870000000000002,0.0,0
0.28802880288028804,2133.740825533736,203.5166234958197,0.2880000000000002,0.0,0
0.28902890289028904,2024.1249270737792,194.05451904491346,0.2890000000000002,0.0,0
0.29002900290029004,1969.5210595509034,189.83069693611003,0.2900000000000002,0.0,0
0.29102910291029105,2210.443259143276,190.7410137741139,0.2910000000000002,0.0,0
0.29202920292029205,2452.123102287009,193.8405471991485,0.2920000000000002,0.0,0
0.29302930293029306,2401.5034791814123,192.26120986189872,0.2930000000000002,0.0,0
0.294029402940294,1993.9938801248588,186.51635158049015,0.2940000000000002,0.0,0
0.295029502950295,2314.5399227899125,181.5517396962611,0.2950000000000002,0.0,0
0.296029602960296,1619.9079956349997,189.82390035564384,0.2960000000000002,0.0,0
0.297029702970297,2837.8271048200604,203.27823394803352,0.2970000000000002,0.0,0
0.298029802980298,1944.5741275736516,203.7037987513902,0.2980000000000002,0.0,0
0.299029902990299,1763.2285784482956,208.77485074765653,0.2990000000000002,0.0,0
0.3000300030003,1939.3566747884554,210.62585691667704,0.3000000000000002,0.0,0
0.30103010301030103,2382.75813025055,213.93282190530442,0.3010000000000002,0.0,0
0.30203020302030203,1735.5810163212473,210.4750959544682,0.3020000000000002,0.0,0
0.30303030303030304,1981.1385365528974,207.74220297075126,0.3030000000000002,0.0,0
0.30403040304030404,2466.744709869535,209.15674556674065,0.3040000000000002,0.0,0
0.30503050305030505,2353.2777566365075,213.42769490804633,0.3050000000000002,0.0,0
0.30603060306030605,1980.1324294420365,210.32749657310896,0.3060000000000002,0.0,0
0.30703070307030705,1886.3001885820725,209.0047399685683,0.3070000000000002,0.0,0
0.30803080308030806,1740.262714464965,208.74682979475875,0.3080000000000002,0.0,0
0.309030903090309,2003.0158196316743,207.25639420683174,0.3090000000000002,0.0,0
0.31003100310031,1628.9516568104646,208.81935171400107,0.3100000000000002,0.0,0
0.311031103110311,2015.5148530336503,206.28141331260915,0.3110000000000002,0.0,0
0.312031203120312,1835.2782496350876,209.3218210901259,0.3120000000000002,0.0,0
0.313031303130313,2031.0718913809142,204.960999911256,0.3130000000000002,0.0,0
0.314031403140314,2082.6517903451286,204.39509366741956,0.3140000000000002,0.0,0
0.31503150315031503,2223.968232755207,205.3968382979362,0.3150000000000002,0.0,0
0.31603160316031603,1600.4431754468753,210.04170903271807,0.3160000000000002,0.0,0
0.31703170317031704,2075.657835795083,210.31445161835262,0.3170000000000002,0.0,0
0.31803180318031804,1931.457577609182,206.5002563994251,0.3180000000000002,0.0,0
0.31903190319031904,1973.201196150287,205.28832192191305,0.31900000000000023,0.0,0
0.32003200320032005,1960.8628632745526,205.12684719215355,0.32000000000000023,0.0,0
0.32103210321032105,2324.7536220346537,209.33902397792568,0.32100000000000023,0.0,0
0.32203220322032206,1584.8188340177612,214.9336832102199,0.32200000000000023,0.0,0
0.32303230323032306,2225.299283376995,211.98567265546558,0.32300000000000023,0.0,0
0.324032403240324,2767.55977709157,216.46869465204978,0.32400000000000023,0.0,0
0.325032503250325,2027.5710245538248,213.68711252616242,0.32500000000000023,0.0,0
0.326032603260326,1914.2485870912062,213.45588130085034,0.32600000000000023,0.0,0
0.327032703270327,1909.5217188958295,207.19217944772302,0.32700000000000023,0.0,0
0.328032803280328,2052.6970446431824,206.9095448611675,0.32800000000000024,0.0,0
0.329032903290329,1816.8880183608019,210.27608486242255,0.32900000000000024,0.0,0
0.33003300330033003,1909.800358798434,209.3655801267969,0.33000000000000024,0.0,0
0.33103310331033103,2434.5421241863173,212.82836206899174,0.33100000000000024,0.0,0
0.33203320332033204,2595.171907153717,222.68743698887127,0.33200000000000024,0.0,0
0.33303330333033304,1866.4426348602944,219.69372127494017,0.33300000000000024,0.0,0
0.33403340334033405,2133.0743230859516,218.81972532652267,0.33400000000000024,0.0,0
0.33503350335033505,1841.4401335794532,218.8731999040178,0.33500000000000024,0.0,0
0.33603360336033605,2285.8356100174096,222.84632097823436,0.33600000000000024,0.0,0
0.33703370337033706,1806.6883957828213,219.97661447051877,0.33700000000000024,0.0,0
0.33803380338033806,2482.1235619458666,226.9442691987614,0.33800000000000024,0.0,0
0.339033903390339,2093.0847556692197,227.3684628536214,0.33900000000000025,0.0,0
0.34003400340034,1967.7771393541154,227.40334125755717,0.34000000000000025,0.0,0
0.341034103410341,2164.2269460105763,226.47901499490317,0.34100000000000025,0.0,0
0.342034203420342,2197.6783374250986,221.39011969766497,0.34200000000000025,0.0,0
0.343034303430343,1911.7406438266657,217.04523723750341,0.34300000000000025,0.0,0
0.344034403440344,2089.860481918379,216.80232447836815,0.34400000000000025,0.0,0
0.34503450345034503,2279.664020471112,216.1048064319922,0.34500000000000025,0.0,0
0.34603460346034604,2103.0986533369796,208.64493941143178,0.34600000000000025,0.0,0
0.34703470347034704,2299.9186217441497,197.8867697499135,0.34700000000000025,0.0,0
0.34803480348034804,2205.210415855584,198.96246061849823,0.34800000000000025,0.0,0
0.34903490349034905,2224.7658205537464,196.80234859853906,0.34900000000000025,0.0,0
0.35003500350035005,2178.8440065763084,197.2463622258343,0.35000000000000026,0.0,0
0.35103510351035105,2046.6221344524906,190.57875693177343,0.35100000000000026,0.0,0
0.35203520352035206,1935.3437889509355,186.5835014791797,0.35200000000000026,0.0,0
0.35303530353035306,2098.301949782964,186.25231120589694,0.35300000000000026,0.0,0
0.354035403540354,2083.051629262075,178.5784495937478,0.35400000000000026,0.0,0
0.355035503550355,2323.170169852108,177.97629785805972,0.35500000000000026,0.0,0
0.356035603560356,1429.7510569940946,188.98392530701858,0.35600000000000026,0.0,0
0.357035703570357,1970.1329253306708,187.30727057204666,0.35700000000000026,0.0,0
0.358035803580358,1892.826000528595,184.25600485077402,0.35800000000000026,0.0,0
0.35903590359035903,1988.3872300578828,184.54857664224986,0.35900000000000026,0.0,0
0.36003600360036003,1944.2994396281651,178.24162098589582,0.36000000000000026,0.0,0
0.36103610361036104,2299.093656722779,182.61379118102442,0.36100000000000027,0.0,0
0.36203620362036204,2238.289236681638,182.16514090735893,0.36200000000000027,0.0,0
0.36303630363036304,1752.4887677638926,187.73680337969938,0.36300000000000027,0.0,0
0.36403640364036405,2290.8115527311734,191.89999862742027,0.36400000000000027,0.0,0
0.36503650365036505,1911.9804349041988,191.10102527423217,0.36500000000000027,0.0,0
0.36603660366036606,2415.4079676824535,189.49804813681874,0.36600000000000027,0.0,0
0.36703670367036706,2138.5331551996455,190.75555452490994,0.36700000000000027,0.0,0
0.36803680368036806,1860.3992449941904,192.1767211772098,0.36800000000000027,0.0,0
0.369036903690369,1887.0314969852911,193.9001151605097,0.36900000000000027,0.0,0
0.37003700370037,2138.6157389686914,193.96968720537458,0.3700000000000003,0.0,0
0.371037103710371,2122.7427829598982,189.9294704238795,0.3710000000000003,0.0,0
0.372037203720372,1424.4590420560453,193.13666626311377,0.3720000000000003,0.0,0
0.373037303730373,2313.0467764687965,194.89161612494982,0.3730000000000003,0.0,0
0.37403740374037403,1817.711609795405,185.10618838721027,0.3740000000000003,0.0,0
0.37503750375037503,1372.0523363253715,198.21656215177936,0.3750000000000003,0.0,0
0.37603760376037604,2447.7856422209234,203.53724673802193,0.3760000000000003,0.0,0
0.37703770377037704,1613.5639124434717,209.45640286706913,0.3770000000000003,0.0,0
0.37803780378037805,2625.4921753929357,220.91230548206423,0.3780000000000003,0.0,0
0.37903790379037905,1934.0424450278897,218.56921694872247,0.3790000000000003,0.0,0
0.38003800380038005,2492.885717879633,224.70293848228383,0.3800000000000003,0.0,0
0.38103810381038106,2038.0807881836752,217.17048023488394,0.3810000000000003,0.0,0
0.38203820382038206,1752.6214312915104,212.1346134659794,0.3820000000000003,0.0,0
0.38303830383038306,1918.2351854702815,211.09876245377967,0.3830000000000003,0.0,0
0.384038403840384,1771.306287154652,214.93115024896758,0.3840000000000003,0.0,0
0.385038503850385,1945.184254740995,212.85626782573675,0.3850000000000003,0.0,0
0.386038603860386,2241.635319647795,211.97226201834448,0.3860000000000003,0.0,0
0.387038703870387,2028.8093420977063,207.5298430920468,0.3870000000000003,0.0,0
0.38803880388038803,2006.385457494324,199.67966270324297,0.3880000000000003,0.0,0
0.38903890389038903,2517.137691579036,208.16072142143938,0.3890000000000003,0.0,0
0.39003900390039004,2257.477259894341,210.7458094064085,0.3900000000000003,0.0,0
0.39103910391039104,2441.96017083063,216.30047390280953,0.3910000000000003,0.0,0
0.39203920392039204,2440.074363947464,221.14839443325684,0.3920000000000003,0.0,0
0.39303930393039305,1807.559325670499,223.23202079638017,0.3930000000000003,0.0,0
0.39403940394039405,2281.2435006354003,227.0596811707206,0.3940000000000003,0.0,0
0.39503950395039505,2147.624760137433,224.41889596404698,0.3950000000000003,0.0,0
0.39603960396039606,2002.2331587680987,224.2322597219454,0.3960000000000003,0.0,0
0.39703970397039706,2267.864967537638,223.59118663781518,0.3970000000000003,0.0,0
0.39803980398039807,2749.8067638775824,234.48311359825522,0.3980000000000003,0.0,0
0.39903990399039907,2133.1101683559887,232.65000055430002,0.3990000000000003,0.0,0
0.4000400040004,2368.615478737281,236.44542999751945,0.4000000000000003,0.0,0
0.401040104010401,2208.648852163991,239.63084972984913,0.4010000000000003,0.0,0
0.402040204020402,1885.7047485531143,240.62363053780552,0.4020000000000003,0.0,0
0.40304030403040303,2067.9786641281444,240.01716482470914,0.4030000000000003,0.0,0
0.40404040404040403,2151.283114523478,241.38179452993714,0.4040000000000003,0.0,0
0.40504050405040504,2066.6265663044815,236.25092245898458,0.4050000000000003,0.0,0
0.40604060406040604,1603.9644920928274,232.76665375700995,0.4060000000000003,0.0,0
0.40704070407040704,1950.476048190197,233.15979129981943,0.4070000000000003,0.0,0
0.40804080408040805,2056.063264464,230.2175765996713,0.4080000000000003,0.0,0
0.40904090409040905,1832.3065459558647,233.3391902817117,0.4090000000000003,0.0,0
0.41004100410041006,2390.0805716540117,238.10679050735524,0.4100000000000003,0.0,0
0.41104110411041106,1720.644807446243,239.63202122397482,0.4110000000000003,0.0,0
0.41204120412041206,2370.2374141981745,242.27098477430553,0.4120000000000003,0.0,0
0.41304130413041307,1668.697324178666,243.94681364601013,0.4130000000000003,0.0,0
0.41404140414041407,2695.591066793548,252.0424039272576,0.4140000000000003,0.0,0
0.415041504150415,1875.7923506287516,252.7661656127665,0.4150000000000003,0.0,0
0.416041604160416,2038.0507387609775,245.61699148389786,0.4160000000000003,0.0,0
0.417041704170417,1877.1364162152856,247.22360005559932,0.4170000000000003,0.0,0
0.41804180418041803,2089.747853977146,244.30654203502604,0.4180000000000003,0.0,0
0.41904190419041903,2135.4528823925675,242.8362296225832,0.4190000000000003,0.0,0
0.42004200420042004,2209.147304632081,244.24686093585098,0.4200000000000003,0.0,0
0.42104210421042104,1954.9366826369017,244.61327162391493,0.4210000000000003,0.0,0
0.42204220422042205,2275.3521447959206,236.68949536095425,0.4220000000000003,0.0,0
0.42304230423042305,2360.9772160835996,237.6481041532503,0.4230000000000003,0.0,0
0.42404240424042405,2133.211795198582,234.74657225313007,0.4240000000000003,0.0,0
0.42504250425042506,2167.50897892695,223.61779855817647,0.4250000000000003,0.0,0
0.42604260426042606,2128.227746578135,217.22664064532066,0.4260000000000003,0.0,0
0.42704270427042706,2036.3066147706218,208.77178659877774,0.4270000000000003,0.0,0
0.42804280428042807,2007.4032258472166,198.03387857397465,0.4280000000000003,0.0,0
0.4290429042904291,2056.2036296091596,195.91880006671568,0.4290000000000003,0.0,0
0.43004300430043,2435.3646384534695,194.76837847819235,0.4300000000000003,0.0,0
0.431043104310431,2057.6852241394354,194.7636987246546,0.4310000000000003,0.0,0
0.43204320432043203,1975.2124521271223,190.31187830794235,0.43200000000000033,0.0,0
0.43304330433043303,1992.2488322377135,188.83160537259369,0.43300000000000033,0.0,0
0.43404340434043404,2475.490667318036,191.8475444620475,0.43400000000000033,0.0,0
0.43504350435043504,2111.4715537815937,191.06066063249926,0.43500000000000033,0.0,0
0.43604360436043604,2301.9925973101326,192.26780618574602,0.43600000000000033,0.0,0
0.43704370437043705,2089.0299830434237,192.70459268856862,0.43700000000000033,0.0,0
0.43804380438043805,2101.128263110799,192.93486710067108,0.43800000000000033,0.0,0
0.43904390439043905,1928.1452089998343,185.94920908909367,0.43900000000000033,0.0,0
0.44004400440044006,1934.0120955976229,184.03942197925437,0.44000000000000034,0.0,0
0.44104410441044106,2162.5682021674793,178.45158260599135,0.44100000000000034,0.0,0
0.44204420442044207,2175.433575255104,173.15876683214418,0.44200000000000034,0.0,0
0.44304430443044307,1880.9773768111918,171.69040580933034,0.44300000000000034,0.0,0
0.4440444044404441,2038.5043430594949,167.21544893543248,0.44400000000000034,0.0,0
0.445044504450445,1891.5929848832573,168.35109403501866,0.44500000000000034,0.0,0
0.446044604460446,2524.5665301002314,176.9670878123853,0.44600000000000034,0.0,0
0.44704470447044703,1964.14773448492,174.24683377193404,0.44700000000000034,0.0,0
0.44804480448044803,2077.6733509727346,160.8041655138371,0.44800000000000034,0.0,0
0.44904490449044904,2338.392182617075,164.9098057990588,0.44900000000000034,0.0,0
0.45004500450045004,1963.5695326590053,160.18610557113308,0.45000000000000034,0.0,0
0.45104510451045104,2327.4076544594395,162.56128161704203,0.45100000000000035,0.0,0
0.45204520452045205,1876.3735254850733,162.74790607840288,0.45200000000000035,0.0,0
0.45304530453045305,2314.5865748450883,167.68006429274175,0.45300000000000035,0.0,0
0.45404540454045406,1568.2497068250793,175.2094078657706,0.45400000000000035,0.0,0
0.45504550455045506,1997.9131777455862,175.83861298476924,0.45500000000000035,0.0,0
0.45604560456045606,1780.8217022131603,172.30146878236258,0.45600000000000035,0.0,0
0.45704570457045707,1681.6447467169655,177.6780948118272,0.45700000000000035,0.0,0
0.45804580458045807,1959.5160882610658,179.28650775732586,0.45800000000000035,0.0,0
0.4590459045904591,2320.871874046859,180.4300761573804,0.45900000000000035,0.0,0
0.46004600460046,2199.688626519755,176.62223725469522,0.46000000000000035,0.0,0
0.461046104610461,1905.1726291527627,172.93168082056482,0.46100000000000035,0.0,0
0.46204620462046203,1892.0964938165487,169.60500266027037,0.46200000000000035,0.0,0
0.46304630463046303,2163.181871264647,164.32258656913663,0.46300000000000036,0.0,0
0.46404640464046404,1978.1574929621456,152.76761537402274,0.46400000000000036,0.0,0
0.46504650465046504,2187.119352893827,152.10584944447433,0.46500000000000036,0.0,0
0.46604660466046605,1872.8335133769474,155.410193952155,0.46600000000000036,0.0,0
0.46704670467046705,2115.5002472033416,153.34292722052749,0.46700000000000036,0.0,0
0.46804680468046805,2591.983368313139,163.38763750724738,0.46800000000000036,0.0,0
0.46904690469046906,2333.2793465681725,167.34416679075946,0.46900000000000036,0.0,0
0.47004700470047006,2027.043267579655,164.54035534652473,0.47000000000000036,0.0,0
0.47104710471047107,2427.6205877639127,170.27150075454105,0.47100000000000036,0.0,0
0.47204720472047207,2100.9060926221796,166.78257971106623,0.47200000000000036,0.0,0
0.4730473047304731,2204.0711286578335,163.64445796255092,0.47300000000000036,0.0,0
0.4740474047404741,2081.441543674833,162.60905293207594,0.47400000000000037,0.0,0
0.475047504750475,1895.1777758807962,163.27531783592102,0.47500000000000037,0.0,0
0.47604760476047603,2050.004078952028,161.71084448339886,0.47600000000000037,0.0,0
0.47704770477047703,2067.329687181293,161.8635705224372,0.47700000000000037,0.0,0
0.47804780478047804,2247.9743448132317,165.05112193564617,0.47800000000000037,0.0,0
0.47904790479047904,1482.6732486888316,176.19358436968633,0.47900000000000037,0.0,0
0.48004800480048004,2057.1904816212996,168.63010123304292,0.48000000000000037,0.0,0
0.48104810481048105,1868.3289729363814,172.02981729152657,0.48100000000000037,0.0,0
0.48204820482048205,1849.9633693658539,174.53479894675192,0.4820000000000004,0.0,0
0.48304830483048306,2404.6410808348187,180.55259720820257,0.4830000000000004,0.0,0
0.48404840484048406,1889.0899574936634,175.18098471196868,0.4840000000000004,0.0,0
0.48504850485048506,1791.6130246893442,179.0392931425499,0.4850000000000004,0.0,0
0.48604860486048607,1827.9683687837942,178.36007382067132,0.4860000000000004,0.0,0
0.48704870487048707,1968.886166711107,179.1217508255807,0.4870000000000004,0.0,0
0.4880488048804881,2071.5238713942076,178.52966299124893,0.4880000000000004,0.0,0
0.4890489048904891,1914.7217457212919,178.79813225681977,0.4890000000000004,0.0,0
0.49004900490049,2008.8176859245118,177.30202045028193,0.4900000000000004,0.0,0
0.49104910491049103,2025.3640930656902,175.46337454561856,0.4910000000000004,0.0,0
0.49204920492049203,1839.0323717318279,177.0940556058799,0.4920000000000004,0.0,0
0.49304930493049304,2401.897710036458,180.8315573428329,0.4930000000000004,0.0,0
0.49404940494049404,1758.3660027861954,186.43432414829883,0.4940000000000004,0.0,0
0.49504950495049505,1996.5827399211769,184.33452904754049,0.4950000000000004,0.0,0
0.49604960496049605,1829.7809623752876,179.16757919803015,0.4960000000000004,0.0,0
0.49704970497049705,1519.5017952230673,188.0604979832672,0.4970000000000004,0.0,0
0.49804980498049806,1900.281223171712,190.42140650037825,0.4980000000000004,0.0,0
0.49904990499049906,2079.196511414633,185.23749307632937,0.4990000000000004,0.0,0
0.5000500050005,2459.096397683099,191.77081168317147,0.5000000000000003,0.0,0
0.5010501050105011,2064.238796860627,186.50743453119526,0.5010000000000003,0.0,0
0.502050205020502,2063.929287146565,183.393490783828,0.5020000000000003,0.0,0
0.5030503050305031,2099.6587119066626,179.09493352505956,0.5030000000000003,0.0,0
0.504050405040504,1943.4785765609906,171.59035613034132,0.5040000000000003,0.0,0
0.5050505050505051,1961.495656684182,172.31870655156933,0.5050000000000003,0.0,0
0.506050605060506,1855.380146590697,170.82753766401865,0.5060000000000003,0.0,0
0.5070507050705071,1869.5863381176573,167.06870583600477,0.5070000000000003,0.0,0
0.508050805080508,1820.6968715252478,169.84509017072114,0.5080000000000003,0.0,0
0.5090509050905091,2041.9860223448604,164.50793224288674,0.5090000000000003,0.0,0
0.51005100510051,2441.5414868586918,169.34498944966543,0.5100000000000003,0.0,0
0.5110511051105111,2315.3523746826354,171.8354895263734,0.5110000000000003,0.0,0
0.512051205120512,1680.340383503035,176.0706117326437,0.5120000000000003,0.0,0
0.513051305130513,2137.0236565841574,175.5474474390339,0.5130000000000003,0.0,0
0.5140514051405141,2107.06103687912,175.33181803585921,0.5140000000000003,0.0,0
0.515051505150515,2734.997284825378,186.28937667449026,0.5150000000000003,0.0,0
0.5160516051605161,2349.3803743909557,188.81365442984833,0.5160000000000003,0.0,0
0.517051705170517,2613.9641096009627,198.78293167780075,0.5170000000000003,0.0,0
0.5180518051805181,2078.2117887794143,188.5075000871263,0.5180000000000003,0.0,0
0.519051905190519,1998.4567343964973,183.79277846783282,0.5190000000000003,0.0,0
0.5200520052005201,1947.3859243358656,185.3859253327087,0.5200000000000004,0.0,0
0.521052105210521,2111.102245610326,179.0555584896369,0.5210000000000004,0.0,0
0.5220522052205221,2160.683174167493,180.25110012054316,0.5220000000000004,0.0,0
0.523052305230523,1754.9843622882493,182.9899903016215,0.5230000000000004,0.0,0
0.5240524052405241,1947.55681074375,184.3300232132498,0.5240000000000004,0.0,0
0.525052505250525,1923.6768982348813,183.76004076616817,0.5250000000000004,0.0,0
0.5260526052605261,2251.795524601615,187.79586967915992,0.5260000000000004,0.0,0
0.527052705270527,2312.964789466612,192.70857172486632,0.5270000000000004,0.0,0
0.528052805280528,2431.061811716667,196.370321062935,0.5280000000000004,0.0,0
0.5290529052905291,2136.8861660443413,186.84150935759848,0.5290000000000004,0.0,0
0.53005300530053,2161.3294407777207,188.92428854072685,0.5300000000000004,0.0,0
0.5310531053105311,2065.956366028257,185.68999532001962,0.5310000000000004,0.0,0
0.532053205320532,1860.9049675379326,185.47116335657807,0.5320000000000004,0.0,0
0.5330533053305331,2123.2976023196265,179.84429378627422,0.5330000000000004,0.0,0
0.534053405340534,1434.7502322178282,188.9310882917909,0.5340000000000004,0.0,0
0.5350535053505351,2126.4331667658385,185.37201212089457,0.5350000000000004,0.0,0
0.536053605360536,1824.3709518362805,185.44396045984482,0.5360000000000004,0.0,0
0.5370537053705371,1538.938443920048,194.04291491566602,0.5370000000000004,0.0,0
0.538053805380538,1666.8166314925875,201.19610485793012,0.5380000000000004,0.0,0
0.5390539053905391,2046.8416625344455,198.55370652166704,0.5390000000000004,0.0,0
0.54005400540054,1940.584320354872,199.91837383305986,0.5400000000000004,0.0,0
0.5410541054105411,1983.5424338702069,200.7548070169695,0.5410000000000004,0.0,0
0.5420542054205421,2266.4635790479747,200.94472603256557,0.5420000000000004,0.0,0
0.543054305430543,2053.116300980932,193.96909785145502,0.5430000000000004,0.0,0
0.5440544054405441,1616.8115037941193,196.80018783129657,0.5440000000000004,0.0,0
0.545054505450545,2047.1327402107456,195.78918782550517,0.5450000000000004,0.0,0
0.5460546054605461,2174.306985960451,193.95094679221995,0.5460000000000004,0.0,0
0.547054705470547,2241.6720957332163,187.25442461134563,0.5470000000000004,0.0,0
0.5480548054805481,1857.4318462817691,188.1114121491445,0.5480000000000004,0.0,0
0.549054905490549,2166.645029099691,189.86038250284568,0.5490000000000004,0.0,0
0.5500550055005501,1963.0724615796128,183.3370053175914,0.5500000000000004,0.0,0
0.551055105510551,1998.6703326833147,183.99882272671258,0.5510000000000004,0.0,0
0.5520552055205521,1917.6115266636102,186.28800645050913,0.5520000000000004,0.0,0
0.553055305530553,1922.9039685356172,187.7567528416635,0.5530000000000004,0.0,0
0.5540554055405541,2149.0273739861204,187.68687185260578,0.5540000000000004,0.0,0
0.555055505550555,2143.279499278111,187.86237497185158,0.5550000000000004,0.0,0
0.5560556055605561,2338.1720981063177,189.81341986579187,0.5560000000000004,0.0,0
0.5570557055705571,1734.154440466526,192.5220578188145,0.5570000000000004,0.0,0
0.558055805580558,2251.317395406895,192.04234315745737,0.5580000000000004,0.0,0
0.5590559055905591,1793.6057755995803,197.00994809236295,0.5590000000000004,0.0,0
0.56005600560056,2260.005607166905,193.37923049852716,0.5600000000000004,0.0,0
0.5610561056105611,1626.7591568247526,196.4569998683795,0.5610000000000004,0.0,0
0.562056205620562,2039.361543954595,189.27657665934825,0.5620000000000004,0.0,0
0.5630563056305631,2013.3138926642814,188.18982567437945,0.5630000000000004,0.0,0
0.564056405640564,1964.8594297616519,188.67141634156403,0.5640000000000004,0.0,0
0.5650565056505651,2267.8108259371697,179.32768716379985,0.5650000000000004,0.0,0
0.566056605660566,2227.5494070990217,176.89106781796116,0.5660000000000004,0.0,0
0.5670567056705671,1857.192939320508,169.38792683953176,0.5670000000000004,0.0,0
0.568056805680568,2166.4701426105457,171.15309391615435,0.5680000000000004,0.0,0
0.5690569056905691,1751.376168358136,176.0947052369216,0.5690000000000004,0.0,0
0.57005700570057,2143.1941187516722,175.98630609867234,0.5700000000000004,0.0,0
0.5710571057105711,2214.742038902353,178.05910196451296,0.5710000000000004,0.0,0
0.5720572057205721,1886.6188860387083,179.0330607603889,0.5720000000000004,0.0,0
0.573057305730573,1968.4249745977045,174.76424851419975,0.5730000000000004,0.0,0
0.5740574057405741,2258.2877398545234,176.96113952616528,0.5740000000000004,0.0,0
0.575057505750575,1981.5217328906224,175.80424283305044,0.5750000000000004,0.0,0
0.5760576057605761,1895.6877366455255,174.77457760810765,0.5760000000000004,0.0,0
0.577057705770577,2036.7080113194465,169.70112159238647,0.5770000000000004,0.0,0
0.5780578057805781,2260.1808525738347,166.2835024095298,0.5780000000000004,0.0,0
0.579057905790579,2475.1584986212238,173.04894906106745,0.5790000000000004,0.0,0
0.5800580058005801,2105.2252383559858,171.92686501263276,0.5800000000000004,0.0,0
0.581058105810581,1592.8987309894603,180.6697630722784,0.5810000000000004,0.0,0
0.5820582058205821,2145.709064183425,178.8820437067056,0.5820000000000004,0.0,0
0.583058305830583,2152.32063980687,179.4625044564505,0.5830000000000004,0.0,0
0.5840584058405841,2078.4105920587535,167.80572094198206,0.5840000000000004,0.0,0
0.585058505850585,2041.873741168763,166.35958278329002,0.5850000000000004,0.0,0
0.5860586058605861,1591.2465750151105,171.02207031971346,0.5860000000000004,0.0,0
0.5870587058705871,2523.609470325391,170.35302860462224,0.5870000000000004,0.0,0
0.588058805880588,1868.7208629077395,166.3149439763191,0.5880000000000004,0.0,0
0.5890589058905891,2534.3870767132403,176.01951876127285,0.5890000000000004,0.0,0
0.59005900590059,2059.0997299224555,174.09319976681937,0.5900000000000004,0.0,0
0.5910591059105911,1884.3734296301036,176.0765798516215,0.5910000000000004,0.0,0
0.592059205920592,2648.9245043537203,183.72579835773635,0.5920000000000004,0.0,0
0.5930593059305931,1895.3123357257111,186.67722562360348,0.5930000000000004,0.0,0
0.594059405940594,2188.2371654290373,180.85819900806666,0.5940000000000004,0.0,0
0.5950595059505951,2445.6736993480663,188.79432779924298,0.5950000000000004,0.0,0
0.596059605960596,1803.5477676449782,191.15723272713439,0.5960000000000004,0.0,0
0.5970597059705971,1545.4794112278669,197.3342025879127,0.5970000000000004,0.0,0
0.598059805980598,2092.5917970776263,194.41467545510065,0.5980000000000004,0.0,0
0.5990599059905991,1977.9225933270666,193.44332300656552,0.5990000000000004,0.0,0
0.6000600060006,1954.7417278130774,193.60993768189616,0.6000000000000004,0.0,0
0.6010601060106011,1880.0320442068007,195.98270345142646,0.6010000000000004,0.0,0
0.6020602060206021,2094.65357068684,194.30800539843548,0.6020000000000004,0.0,0
0.603060306030603,2293.0254179970316,196.70659312908845,0.6030000000000004,0.0,0
0.6040604060406041,1959.202018501632,196.46200527933343,0.6040000000000004,0.0,0
0.605060506050605,2104.2300075708476,195.68101544518814,0.6050000000000004,0.0,0
0.6060606060606061,1853.7330788947368,193.76291190516702,0.6060000000000004,0.0,0
0.607060706070607,1930.198450255355,189.84203170939043,0.6070000000000004,0.0,0
0.6080608060806081,2423.951748703261,193.29471877531773,0.6080000000000004,0.0,0
0.609060906090609,1445.2405610564451,200.2620230661805,0.6090000000000004,0.0,0
0.6100610061006101,2064.04378940247,196.34278671089174,0.6100000000000004,0.0,0
0.611061106110611,2381.841445523842,194.5947987578636,0.6110000000000004,0.0,0
0.6120612061206121,1980.8581491217167,195.7648666545212,0.6120000000000004,0.0,0
0.613061306130613,2438.050650073122,202.87215750926924,0.6130000000000004,0.0,0
0.6140614061406141,2468.8137055574716,209.62562021565176,0.6140000000000004,0.0,0
0.6150615061506151,2254.944105335662,209.36828580362163,0.6150000000000004,0.0,0
0.6160616061606161,2343.723061018557,211.6917588820123,0.6160000000000004,0.0,0
0.6170617061706171,2197.811151496403,210.87184069835058,0.6170000000000004,0.0,0
0.618061806180618,2000.2817458103832,209.456802929932,0.6180000000000004,0.0,0
0.6190619061906191,2339.9300756318553,209.36292780973181,0.6190000000000004,0.0,0
0.62006200620062,2018.038258081547,208.05828027306737,0.6200000000000004,0.0,0
0.6210621062106211,2145.4486819550802,206.67241313412197,0.6210000000000004,0.0,0
0.622062206220622,2002.542921728144,204.35393242033325,0.6220000000000004,0.0,0
0.6230623062306231,2159.7882814438726,204.99819754116479,0.6230000000000004,0.0,0
0.624062406240624,2142.961716536708,202.69167707480847,0.6240000000000004,0.0,0
0.6250625062506251,2584.9005252043057,212.10012223670702,0.6250000000000004,0.0,0
0.626062606260626,1939.5109667686788,211.22365763424398,0.6260000000000004,0.0,0
0.6270627062706271,1621.935529649916,219.51910726763458,0.6270000000000004,0.0,0
0.628062806280628,1773.8027008306494,220.7594361995449,0.6280000000000004,0.0,0
0.6290629062906291,1825.2771592367817,216.67072304238485,0.6290000000000004,0.0,0
0.6300630063006301,1786.513128342209,220.75595570842094,0.6300000000000004,0.0,0
0.6310631063106311,2054.5615630077095,211.7851615883643,0.6310000000000004,0.0,0
0.6320632063206321,1891.0991352160809,212.9689976003742,0.6320000000000005,0.0,0
0.633063306330633,2017.3756637145686,211.4950715299454,0.6330000000000005,0.0,0
0.6340634063406341,1835.7716808076202,215.13142607261798,0.6340000000000005,0.0,0
0.635063506350635,1824.163900742244,219.48562288114834,0.6350000000000005,0.0,0
0.6360636063606361,1896.6589979657153,213.37737442213623,0.6360000000000005,0.0,0
0.637063706370637,1599.1448403435963,212.8422882087565,0.6370000000000005,0.0,0
0.6380638063806381,2280.5183684764756,213.9070728364408,0.6380000000000005,0.0,0
0.639063906390639,2298.3943962945045,209.18721922806603,0.6390000000000005,0.0,0
0.6400640064006401,2018.8491478473281,209.54824167267037,0.6400000000000005,0.0,0
0.641064106410641,2140.1343585533837,208.11839743634013,0.6410000000000005,0.0,0
0.6420642064206421,1668.0527618434928,203.6988521123958,0.6420000000000005,0.0,0
0.643064306430643,1953.8957951534178,202.52718292384165,0.6430000000000005,0.0,0
0.6440644064406441,2107.8676497831448,200.91979261092382,0.6440000000000005,0.0,0
0.6450645064506451,1934.5117286239438,195.23608405148363,0.6450000000000005,0.0,0
0.6460646064606461,1490.3469217189543,201.5001009700041,0.6460000000000005,0.0,0
0.6470647064706471,1509.4276885381614,202.2211354237982,0.6470000000000005,0.0,0
0.648064806480648,1909.8563711607078,204.09217205903155,0.6480000000000005,0.0,0
0.6490649064906491,2034.264691683154,202.96533009190975,0.6490000000000005,0.0,0
0.65006500650065,2384.5275560558066,207.83071576928742,0.6500000000000005,0.0,0
0.6510651065106511,1905.742351418356,207.3165096250563,0.6510000000000005,0.0,0
0.652065206520652,2457.497247708056,214.57338316548066,0.6520000000000005,0.0,0
0.6530653065306531,1759.8103487860542,215.43666782981893,0.6530000000000005,0.0,0
0.654065406540654,1759.6497951006565,219.42771229783847,0.6540000000000005,0.0,0
0.6550655065506551,1902.4288131585886,221.21453588324974,0.6550000000000005,0.0,0
0.656065606560656,2126.036235744582,218.88992217603612,0.6560000000000005,0.0,0
0.6570657065706571,2152.7736108897234,218.6293633989377,0.6570000000000005,0.0,0
0.658065806580658,1569.678145462935,220.6767655156138,0.6580000000000005,0.0,0
0.6590659065906591,1551.1283867257557,218.5590090022276,0.6590000000000005,0.0,0
0.6600660066006601,2206.908851834611,221.41631025087045,0.6600000000000005,0.0,0
0.6610661066106611,2052.6353937381236,214.83218921515603,0.6610000000000005,0.0,0
0.6620662066206621,2259.031924612884,217.7099906898481,0.6620000000000005,0.0,0
0.663066306630663,2107.4008348626194,211.096994385638,0.6630000000000005,0.0,0
0.6640664066406641,1842.836771504172,206.78398484440515,0.6640000000000005,0.0,0
0.665066506650665,2377.9783796440706,209.24467033057329,0.6650000000000005,0.0,0
0.6660666066606661,2585.9632829821735,214.08947476984565,0.6660000000000005,0.0,0
0.667066706670667,1832.0448170402315,215.41235539911293,0.6670000000000005,0.0,0
0.6680668066806681,2086.5855902212634,215.22970211974587,0.6680000000000005,0.0,0
0.669066906690669,2108.66453765728,210.60439136025434,0.6690000000000005,0.0,0
0.6700670067006701,2656.6681541141506,222.17851960416826,0.6700000000000005,0.0,0
0.671067106710671,1973.1151468955347,221.72724302715596,0.6710000000000005,0.0,0
0.6720672067206721,1778.044116214653,226.21721913742581,0.6720000000000005,0.0,0
0.673067306730673,2573.827143691021,234.49799638236874,0.6730000000000005,0.0,0
0.6740674067406741,2000.271576430076,233.5533305230331,0.6740000000000005,0.0,0
0.6750675067506751,2001.8685292349091,223.7379494342488,0.6750000000000005,0.0,0
0.6760676067606761,2177.603640768957,224.1602415850015,0.6760000000000005,0.0,0
0.6770677067706771,2013.978166029368,216.31938885741246,0.6770000000000005,0.0,0
0.678067806780678,2041.875093188697,210.95794101025157,0.6780000000000005,0.0,0
0.6790679067906791,2023.499098748531,206.9935022200166,0.6790000000000005,0.0,0
0.68006800680068,2540.26893611309,211.6091435091226,0.6800000000000005,0.0,0
0.6810681068106811,1555.2752251111997,221.33240774674437,0.6810000000000005,0.0,0
0.682068206820682,2198.543958359433,221.20526961825465,0.6820000000000005,0.0,0
0.6830683068306831,2075.254042640168,221.13786374534936,0.6830000000000005,0.0,0
0.684068406840684,2189.0475326971273,219.71424801544433,0.6840000000000005,0.0,0
0.6850685068506851,2415.2242346862295,222.58201072401374,0.6850000000000005,0.0,0
0.686068606860686,1617.8476407429007,228.1582378684701,0.6860000000000005,0.0,0
0.6870687068706871,2493.606951024346,228.0932736958289,0.6870000000000005,0.0,0
0.688068806880688,2263.657322996065,227.75605278622072,0.6880000000000005,0.0,0
0.6890689068906891,1906.1115111686076,225.58593463695848,0.6890000000000005,0.0,0
0.6900690069006901,2398.8295926099913,232.01950944610482,0.6900000000000005,0.0,0
0.6910691069106911,2403.4582841441,237.28598795791916,0.6910000000000005,0.0,0
0.6920692069206921,1933.4930262539021,231.977182669711,0.6920000000000005,0.0,0
0.693069306930693,2158.2527382144704,232.30015333706876,0.6930000000000005,0.0,0
0.6940694069406941,2098.9776916760443,232.12235417492676,0.6940000000000005,0.0,0
0.695069506950695,2016.189849610279,230.48879175520008,0.6950000000000005,0.0,0
0.6960696069606961,1736.9843181163415,225.55604382725235,0.6960000000000005,0.0,0
0.697069706970697,2561.37901174777,225.05217783297093,0.6970000000000005,0.0,0
0.6980698069806981,2224.014629603331,225.8095978482517,0.6980000000000005,0.0,0
0.699069906990699,2143.6570443914043,227.4480325697429,0.6990000000000005,0.0,0
0.7000700070007001,2227.232078563534,224.3021230198974,0.7000000000000005,0.0,0
0.701070107010701,1493.5847107543136,232.5452758331782,0.7010000000000005,0.0,0
0.7020702070207021,2212.317276925086,227.64167641751882,0.7020000000000005,0.0,0
0.7030703070307031,2414.168308791628,229.20124956907253,0.7030000000000005,0.0,0
0.7040704070407041,1944.9933659101719,225.49437815288223,0.7040000000000005,0.0,0
0.7050705070507051,1925.476098700919,225.03343244203563,0.7050000000000005,0.0,0
0.7060706070607061,1862.997074804754,227.1727662310489,0.7060000000000005,0.0,0
0.7070707070707071,1981.594862587564,226.4053967615031,0.7070000000000005,0.0,0
0.708070807080708,2035.255684240261,217.0938459859566,0.7080000000000005,0.0,0
0.7090709070907091,1872.7625415944256,210.66116288858316,0.7090000000000005,0.0,0
0.71007100710071,2331.9491908630807,213.16196966915257,0.7100000000000005,0.0,0
0.7110711071107111,1910.0943066750299,215.8273756608895,0.7110000000000005,0.0,0
0.712071207120712,2098.4755793415807,212.61624875546346,0.7120000000000005,0.0,0
0.7130713071307131,1756.4099287233034,217.260033483745,0.7130000000000005,0.0,0
0.714071407140714,2683.230361395253,225.8613761417335,0.7140000000000005,0.0,0
0.7150715071507151,2167.840301683205,221.65861458251618,0.7150000000000005,0.0,0
0.716071607160716,2368.0206201311485,217.29976132549572,0.7160000000000005,0.0,0
0.7170717071707171,2218.6352400412493,216.39336246712529,0.7170000000000005,0.0,0
0.7180718071807181,2259.0635447205937,219.84292155711188,0.7180000000000005,0.0,0
0.7190719071907191,1968.7688480703325,220.21425384255966,0.7190000000000005,0.0,0
0.7200720072007201,2169.8261694767634,210.4774141498119,0.7200000000000005,0.0,0
0.7210721072107211,2114.5187277277887,210.3100916422784,0.7210000000000005,0.0,0
0.7220722072207221,2024.5880196512867,205.3792135735457,0.7220000000000005,0.0,0
0.723072307230723,1723.645457961782,201.34976154048962,0.7230000000000005,0.0,0
0.7240724072407241,1695.4485678897802,207.44622171129558,0.7240000000000005,0.0,0
0.725072507250725,2077.143475715052,207.10646181029477,0.7250000000000005,0.0,0
0.7260726072607261,2204.4737430673727,207.6438638562631,0.7260000000000005,0.0,0
0.727072707270727,2253.9079091927993,211.0815853607065,0.7270000000000005,0.0,0
0.7280728072807281,2143.737260212814,212.8738324287367,0.7280000000000005,0.0,0
0.729072907290729,2347.0756602336246,218.36532760837977,0.7290000000000005,0.0,0
0.7300730073007301,1962.342548210898,210.23309792190008,0.7300000000000005,0.0,0
0.731073107310731,2207.4141648314785,203.56688572075356,0.7310000000000005,0.0,0
0.7320732073207321,2222.6107846385526,204.048222246336,0.7320000000000005,0.0,0
0.7330733073307331,1989.0285754416477,204.6825698846997,0.7330000000000005,0.0,0
0.7340734073407341,2214.1845750636808,205.18531073203073,0.7340000000000005,0.0,0
0.7350735073507351,1883.4303946262353,201.13221814578145,0.7350000000000005,0.0,0
0.7360736073607361,1945.3840386277122,194.58149018808518,0.7360000000000005,0.0,0
0.7370737073707371,1847.5970249337643,189.67741066892302,0.7370000000000005,0.0,0
0.738073807380738,1888.117398188704,188.56191624522765,0.7380000000000005,0.0,0
0.7390739073907391,1985.4708153229658,186.97473016214047,0.7390000000000005,0.0,0
0.74007400740074,1985.0550557673778,181.2170371945931,0.7400000000000005,0.0,0
0.7410741074107411,2530.7374413113766,183.76262033793864,0.7410000000000005,0.0,0
0.742074207420742,1791.7842017548014,186.5967968279206,0.7420000000000005,0.0,0
0.7430743074307431,2134.7209455344037,186.12616097431928,0.7430000000000005,0.0,0
0.744074407440744,1978.5134773073908,186.49633759465053,0.7440000000000005,0.0,0
0.7450745074507451,2134.0234464108185,187.5806035150725,0.7450000000000006,0.0,0
0.746074607460746,1980.531695168105,182.70965597403722,0.7460000000000006,0.0,0
0.7470747074707471,1822.3231358847863,176.9556130213861,0.7470000000000006,0.0,0
0.7480748074807481,2181.8349472512746,176.112019374345,0.7480000000000006,0.0,0
0.7490749074907491,1741.0852496232885,180.33717349405114,0.7490000000000006,0.0,0
0.7500750075007501,2595.619418811232,187.70492029900518,0.7500000000000006,0.0,0
0.7510751075107511,2311.895303825828,181.89452059060798,0.7510000000000006,0.0,0
0.7520752075207521,2395.256419725459,185.55330344661547,0.7520000000000006,0.0,0
0.753075307530753,2074.860662124295,178.76715051326875,0.7530000000000006,0.0,0
0.7540754075407541,1890.8689590553436,179.8496386503653,0.7540000000000006,0.0,0
0.755075507550755,2748.989997384412,191.41896057207197,0.7550000000000006,0.0,0
0.7560756075607561,2123.99907223102,189.2388835127874,0.7560000000000006,0.0,0
0.757075707570757,2215.0402634567768,191.25158603367422,0.7570000000000006,0.0,0
0.7580758075807581,1862.2311684643744,194.712076349192,0.7580000000000006,0.0,0
0.759075907590759,2655.026466287164,203.34785650682375,0.7590000000000006,0.0,0
0.7600760076007601,2196.137089157147,200.63161447270505,0.7600000000000006,0.0,0
0.761076107610761,2252.1225808436784,201.9559522230792,0.7610000000000006,0.0,0
0.7620762076207621,2098.021928772557,201.94687921169879,0.7620000000000006,0.0,0
0.7630763076307631,1996.791096979034,197.13925584658412,0.7630000000000006,0.0,0
0.7640764076407641,2399.7697993532856,191.47004460574485,0.7640000000000006,0.0,0
0.7650765076507651,1917.8594783980586,191.67604900411956,0.7650000000000006,0.0,0
0.7660766076607661,2345.5949678263523,191.22753595802365,0.7660000000000006,0.0,0
0.7670767076707671,2182.4857926798722,190.50454701079607,0.7670000000000006,0.0,0
0.768076807680768,1935.1390728082472,188.54049466021925,0.7680000000000006,0.0,0
0.7690769076907691,2034.4140894403877,187.22758983281815,0.7690000000000006,0.0,0
0.77007700770077,2194.224744026029,187.71556132380346,0.7700000000000006,0.0,0
0.7710771077107711,1793.6299273163147,191.47258822292133,0.7710000000000006,0.0,0
0.772077207720772,2364.3535869752286,197.33142035545166,0.7720000000000006,0.0,0
0.7730773077307731,2305.439434822594,195.99311821113918,0.7730000000000006,0.0,0
0.774077407740774,2087.31887241662,189.72846701726718,0.7740000000000006,0.0,0
0.7750775077507751,2221.672358347787,192.61904466992186,0.7750000000000006,0.0,0
0.7760776077607761,2197.50367817345,192.47964337204345,0.7760000000000006,0.0,0
0.7770777077707771,2060.272829441744,188.60694177702237,0.7770000000000006,0.0,0
0.7780778077807781,1838.4380913510245,190.8834347457456,0.7780000000000006,0.0,0
0.7790779077907791,1831.9439049669845,189.22304344173338,0.7790000000000006,0.0,0
0.7800780078007801,1807.6029735858058,192.3178349342352,0.7800000000000006,0.0,0
0.7810781078107811,1847.9004839099298,193.13154195940712,0.7810000000000006,0.0,0
0.7820782078207821,2162.8926061004463,191.9371783886449,0.7820000000000006,0.0,0
0.7830783078307831,2028.7414536386411,191.14292082470504,0.7830000000000006,0.0,0
0.7840784078407841,1667.4810016121214,195.42960929118905,0.7840000000000006,0.0,0
0.785078507850785,2051.174003111033,192.20169724593438,0.7850000000000006,0.0,0
0.7860786078607861,1787.8356991599246,195.3526640352902,0.7860000000000006,0.0,0
0.787078707870787,1481.7162534591153,202.6702794647832,0.7870000000000006,0.0,0
0.7880788078807881,1953.8948210243004,201.3547310080713,0.7880000000000006,0.0,0
0.789078907890789,1740.5845961724976,206.25245539108064,0.7890000000000006,0.0,0
0.7900790079007901,2162.5380878179735,207.28431826278768,0.7900000000000006,0.0,0
0.7910791079107911,1875.8202074371522,201.07316528781703,0.7910000000000006,0.0,0
0.7920792079207921,1749.6751816002663,201.91534569090774,0.7920000000000006,0.0,0
0.7930793079307931,1917.9644147278498,202.78163848566265,0.7930000000000006,0.0,0
0.7940794079407941,2575.283118554113,211.9375704028927,0.7940000000000006,0.0,0
0.7950795079507951,2140.703409821491,212.0711696711062,0.7950000000000006,0.0,0
0.7960796079607961,1863.8995680041446,214.4038122143854,0.7960000000000006,0.0,0
0.7970797079707971,1701.0744676228264,216.82878557962457,0.7970000000000006,0.0,0
0.7980798079807981,1750.5691362828595,220.10070390894188,0.7980000000000006,0.0,0
0.7990799079907991,1952.4869754211302,215.87266939298507,0.7990000000000006,0.0,0
0.8000800080008,2295.8659643250357,209.8776003032611,0.8000000000000006,2.775557561562892e-15,100
0.8010801080108011,2439.531218185598,212.43031859045652,0.8010000000000006,0.005000000000002781,100
0.802080208020802,2025.4510376953122,205.93616944204115,0.8020000000000006,0.010000000000002786,101
0.8030803080308031,1873.659149519276,208.8857732091697,0.8030000000000006,0.015000000000002792,102
0.804080408040804,1735.2498315322468,211.99815575963166,0.8040000000000006,0.020000000000002797,103
0.8050805080508051,1980.4802854448546,199.32875010304625,0.8050000000000006,0.025000000000002805,103
0.8060806080608061,2022.2190227125532,198.32438820417482,0.8060000000000006,0.03000000000000281,104
0.8070807080708071,1823.5682951427236,199.47221703218483,0.8070000000000006,0.035000000000002814,105
0.8080808080808081,2391.5516976418594,202.62787435430945,0.8080000000000006,0.04000000000000282,106
0.8090809080908091,1499.2253369077384,201.4628382904114,0.8090000000000006,0.04500000000000282,106
0.8100810081008101,1692.0462312456436,205.61917188235563,0.8100000000000006,0.050000000000002834,107
0.8110811081108111,1599.787721666845,210.5009658321451,0.8110000000000006,0.05500000000000284,108
0.8120812081208121,2296.0860279793737,214.4622478162815,0.8120000000000006,0.06000000000000284,109
0.8130813081308131,2118.07386884709,214.839547132804,0.8130000000000006,0.06500000000000285,110
0.8140814081408141,2586.7238231630126,218.57862760899854,0.8140000000000006,0.07000000000000285,110
0.815081508150815,2108.4778771947094,217.1853747208539,0.8150000000000006,0.07500000000000286,111
0.8160816081608161,2046.5759664036545,211.2619560362538,0.8160000000000006,0.08000000000000286,112
0.817081708170817,2185.3824179235294,211.31988854112694,0.8170000000000006,0.08500000000000286,113
0.8180818081808181,2244.155134909807,212.98577269548804,0.8180000000000006,0.09000000000000287,113
0.819081908190819,1716.5803498422272,219.34244748745124,0.8190000000000006,0.09500000000000289,114
0.8200820082008201,2136.259040974005,218.1831334264108,0.8200000000000006,0.10000000000000289,115
0.8210821082108211,1700.4853694804963,220.04602458312712,0.8210000000000006,0.1050000000000029,116
0.8220822082208221,2442.34437814795,221.60584040658156,0.8220000000000006,0.1100000000000029,117
0.8230823082308231,2118.196824683344,217.86098820379655,0.8230000000000006,0.1150000000000029,117
0.8240824082408241,2467.6268672528013,225.46714810052015,0.8240000000000006,0.12000000000000291,118
0.8250825082508251,2343.663779814502,227.90697652985443,0.8250000000000006,0.12500000000000291,119
0.8260826082608261,1743.4621263660551,231.00766043906435,0.8260000000000006,0.13000000000000292,120
0.8270827082708271,1807.2640444939582,235.57692296035032,0.8270000000000006,0.13500000000000292,120
0.8280828082808281,2121.9473158781666,232.8646311049341,0.8280000000000006,0.14000000000000293,121
0.8290829082908291,2192.0904106502626,231.42531741727905,0.8290000000000006,0.14500000000000293,122
0.83008300830083,2008.2795897789797,227.41178509341557,0.8300000000000006,0.15000000000000294,123
0.8310831083108311,2301.969647362575,228.48918771886565,0.8310000000000006,0.15500000000000294,124
0.832083208320832,2238.528351606075,230.00190262897823,0.8320000000000006,0.16000000000000295,124
0.8330833083308331,2360.493541795793,235.86660253766686,0.8330000000000006,0.16500000000000295,125
0.834083408340834,2239.1106496629964,232.07843556316925,0.8340000000000006,0.17000000000000295,126
0.8350835083508351,2289.6109611553466,236.84717472405552,0.8350000000000006,0.17500000000000296,127
0.8360836083608361,2096.0739595556593,232.60536789836726,0.8360000000000006,0.18000000000000296,127
0.8370837083708371,1968.9260288791386,222.86117238996678,0.8370000000000006,0.18500000000000297,128
0.8380838083808381,2095.7506903231856,221.9340826169165,0.8380000000000006,0.190000000000003,129
0.8390839083908391,2291.7162373693573,220.66009928775355,0.8390000000000006,0.195000000000003,130
0.8400840084008401,2257.211095909497,222.55355944958407,0.8400000000000006,0.200000000000003,131
0.8410841084108411,2149.394708146737,221.13785776126184,0.8410000000000006,0.205000000000003,131
0.8420842084208421,2395.151445940096,222.11439031206916,0.8420000000000006,0.21000000000000302,132
0.8430843084308431,2000.3280111273612,220.4671183840789,0.8430000000000006,0.21500000000000302,133
0.8440844084408441,1960.0043421035161,211.68136917092633,0.8440000000000006,0.22000000000000303,134
0.845084508450845,1968.8576293607057,211.41014838728236,0.8450000000000006,0.22500000000000303,134
0.8460846084608461,1928.5981828017207,210.11617609133083,0.8460000000000006,0.23000000000000304,135
0.847084708470847,1389.0515603599836,216.3566342365877,0.8470000000000006,0.23500000000000304,136
0.8480848084808481,1961.0342395487587,212.1473321712697,0.8480000000000006,0.24000000000000304,137
0.849084908490849,1877.9852723083493,213.63736623352528,0.8490000000000006,0.24500000000000305,137
0.8500850085008501,2298.834643589267,213.69673981881,0.8500000000000006,0.25000000000000305,138
0.8510851085108511,2389.1135745107317,212.68838694531263,0.8510000000000006,0.25500000000000306,139
0.8520852085208521,1849.6764659344044,216.20387838053077,0.8520000000000006,0.26000000000000306,140
0.8530853085308531,2245.8118259322623,216.67329788956155,0.8530000000000006,0.26500000000000307,141
0.8540854085408541,2263.6654617704157,214.73160375561474,0.8540000000000006,0.27000000000000307,141
0.8550855085508551,2145.399043017813,215.32919032486814,0.8550000000000006,0.2750000000000031,142
0.8560856085608561,2433.612076015406,222.52581229942734,0.8560000000000006,0.2800000000000031,143
0.8570857085708571,2278.2109924571932,222.64139805142565,0.8570000000000007,0.2850000000000031,144
0.8580858085808581,2140.665407157279,217.62367224173406,0.8580000000000007,0.2900000000000031,144
0.8590859085908591,1563.2480747230939,216.343217485427,0.8590000000000007,0.2950000000000031,145
0.86008600860086,1972.2731056298394,210.73867999774302,0.8600000000000007,0.3000000000000031,146
0.8610861086108611,2074.7164680367105,202.30876379181413,0.8610000000000007,0.3050000000000031,147
0.862086208620862,1751.3233415679074,203.28057640086848,0.8620000000000007,0.3100000000000031,148
0.8630863086308631,1648.9523891571123,209.8600512407845,0.8630000000000007,0.3150000000000031,148
0.8640864086408641,2021.5180364729333,199.61521404806552,0.8640000000000007,0.3200000000000031,149
0.8650865086508651,2190.4085137338757,201.25382677884886,0.8650000000000007,0.3250000000000031,150
0.8660866086608661,1726.7739390345546,207.6498673262309,0.8660000000000007,0.3300000000000031,151
0.8670867086708671,2195.147522328397,207.84516941432818,0.8670000000000007,0.33500000000000313,151
0.8680868086808681,2518.6172807571083,213.33441233127422,0.8680000000000007,0.34000000000000313,152
0.8690869086908691,2333.738384599009,212.42078702009894,0.8690000000000007,0.34500000000000314,153
0.8700870087008701,2511.0537233371238,219.91668066736125,0.8700000000000007,0.35000000000000314,154
0.8710871087108711,1776.710941228149,218.3921692324083,0.8710000000000007,0.35500000000000315,155
0.8720872087208721,2167.2375954780878,212.89003357901103,0.8720000000000007,0.36000000000000315,155
0.8730873087308731,2306.474206835003,216.65558122204416,0.8730000000000007,0.36500000000000316,156
0.8740874087408741,2363.557858490252,214.57420104679323,0.8740000000000007,0.37000000000000316,157
0.875087508750875,2168.556195003199,211.07204935056717,0.8750000000000007,0.3750000000000032,158
0.8760876087608761,1778.0202880269135,210.38088611735003,0.8760000000000007,0.3800000000000032,158
0.877087708770877,2035.863279359225,205.80890142004463,0.8770000000000007,0.38500000000000323,159
0.8780878087808781,2478.789603268873,212.9457471678588,0.8780000000000007,0.39000000000000323,160
0.8790879087908791,2432.5029568182026,217.75399809121757,0.8790000000000007,0.39500000000000324,161
0.8800880088008801,2221.4520107321755,220.4286301014407,0.8800000000000007,0.40000000000000324,162
0.8810881088108811,2095.324799479464,216.29573314377848,0.8810000000000007,0.40500000000000325,162
0.8820882088208821,1800.8124652944994,217.42891680576705,0.8820000000000007,0.41000000000000325,163
0.8830883088308831,2316.6857738860417,216.5527614475721,0.8830000000000007,0.41500000000000326,164
0.8840884088408841,1965.780518534513,214.37493808362186,0.8840000000000007,0.42000000000000326,165
0.8850885088508851,1998.940518382728,210.52390849286036,0.8850000000000007,0.42500000000000326,165
0.8860886088608861,1974.9184774197133,211.02405975335293,0.8860000000000007,0.43000000000000327,166
0.8870887088708871,2220.1895859166943,212.88637204926962,0.8870000000000007,0.4350000000000033,167
0.8880888088808881,2017.823509592946,212.53488805094693,0.8880000000000007,0.4400000000000033,168
0.8890889088908891,2512.9267853234714,216.95909901002923,0.8890000000000007,0.4450000000000033,168
0.89008900890089,1891.259390894704,215.90968927394522,0.8900000000000007,0.4500000000000033,169
0.8910891089108911,2278.579376782134,218.49338264665315,0.8910000000000007,0.4550000000000033,170
0.892089208920892,1932.285857172821,213.8646365843948,0.8920000000000007,0.4600000000000033,171
0.8930893089308931,2302.189384755996,217.99498450206193,0.8930000000000007,0.4650000000000033,172
0.8940894089408941,2228.023778502945,219.83554691419116,0.8940000000000007,0.4700000000000033,172
0.8950895089508951,2142.649315103952,220.14568580348433,0.8950000000000007,0.4750000000000033,173
0.8960896089608961,1874.1967263417487,221.2337149326838,0.8960000000000007,0.4800000000000033,174
0.8970897089708971,1744.2524450950523,214.1296972379824,0.8970000000000007,0.4850000000000033,175
0.8980898089808981,1883.342397504746,215.6835340788627,0.8980000000000007,0.4900000000000033,175
0.8990899089908991,1656.4604691534398,220.11403014196085,0.8990000000000007,0.4950000000000033,176
0.9000900090009001,2111.842542896145,216.37418812809844,0.9000000000000007,0.5000000000000033,177
0.9010901090109011,1900.4440782525462,212.5030350728328,0.9010000000000007,0.5050000000000033,178
0.9020902090209021,2137.855429317468,210.33367297787024,0.9020000000000007,0.5100000000000033,179
0.9030903090309031,1868.6016678041815,209.96540310314137,0.9030000000000007,0.5150000000000033,179
0.9040904090409041,2127.78378086964,207.24776948512587,0.9040000000000007,0.5200000000000033,180
0.905090509050905,2007.0129698077503,206.1195292286146,0.9050000000000007,0.5250000000000034,181
0.9060906090609061,2170.1092180929286,200.849472070165,0.9060000000000007,0.5300000000000034,182
0.907090709070907,1908.4179211123944,199.03689379877326,0.9070000000000007,0.5350000000000034,182
0.9080908090809081,2312.1318302827976,202.46622226128363,0.9080000000000007,0.5400000000000034,183
0.9090909090909091,2214.1363773723137,196.09391130319185,0.9090000000000007,0.5450000000000034,184
0.9100910091009101,1661.1612527003283,202.31614836178207,0.9100000000000007,0.5500000000000034,185
0.9110911091109111,2018.3677044734463,202.37446491157894,0.9110000000000007,0.5550000000000034,186
0.9120912091209121,2730.7067993390656,210.09506772971835,0.9120000000000007,0.5600000000000034,186
0.9130913091309131,2118.3730195558906,203.5215759039784,0.9130000000000007,0.5650000000000034,187
0.9140914091409141,2164.7283019366837,205.3265026721708,0.9140000000000007,0.5700000000000034,188
0.9150915091509151,2320.710679513416,207.93254598776156,0.9150000000000007,0.5750000000000034,189
0.9160916091609161,1981.6293188830741,202.83543839079118,0.9160000000000007,0.5800000000000034,189
0.9170917091709171,2457.5004102538614,208.08249614930043,0.9170000000000007,0.5850000000000034,190
0.9180918091809182,2159.6997637287095,200.90414580873244,0.9180000000000007,0.5900000000000034,191
0.9190919091909191,1751.9325583986692,201.11072694877896,0.9190000000000007,0.5950000000000034,192
0.92009200920092,1766.4514425892623,197.48062363025122,0.9200000000000007,0.6000000000000034,193
0.9210921092109211,2296.2811921813845,197.0204662984419,0.9210000000000007,0.6050000000000034,193
0.922092209220922,2148.8149427660046,196.65201324420025,0.9220000000000007,0.6100000000000034,194
0.9230923092309231,1593.843277229503,200.56566356291006,0.9230000000000007,0.6150000000000034,195
0.9240924092409241,2082.0758796252812,194.93602398561066,0.9240000000000007,0.6200000000000034,196
0.9250925092509251,2245.321037957322,196.4713208446931,0.9250000000000007,0.6250000000000034,196
0.9260926092609261,1704.5550159993077,197.94062628524523,0.9260000000000007,0.6300000000000034,197
0.9270927092709271,2261.150654448593,201.9609049614016,0.9270000000000007,0.6350000000000035,198
0.9280928092809281,1896.183804551105,196.38143680500204,0.9280000000000007,0.6400000000000035,199
0.9290929092909291,1831.9199998145054,193.0129776723479,0.9290000000000007,0.6450000000000035,199
0.9300930093009301,1668.2728147897892,197.13848116190863,0.9300000000000007,0.6500000000000035,200
0.9310931093109311,2178.0132444882224,198.79225006208378,0.9310000000000007,0.6550000000000035,201
0.9320932093209321,2155.415831199997,195.9968159919737,0.9320000000000007,0.6600000000000035,202
0.9330933093309332,1883.6928868550394,193.90924277715212,0.9330000000000007,0.6650000000000035,203
0.9340934093409341,2211.0209109458924,195.52527136676014,0.9340000000000007,0.6700000000000035,203
0.935093509350935,2040.112531027746,194.7018311138598,0.9350000000000007,0.6750000000000035,204
0.9360936093609361,2243.9349727767035,197.15890011778814,0.9360000000000007,0.6800000000000035,205
0.9370937093709371,1860.0621816020425,197.4738647674134,0.9370000000000007,0.6850000000000035,206
0.9380938093809381,1700.5891531536445,203.81855189619944,0.9380000000000007,0.6900000000000035,206
0.9390939093909391,2098.9268789636208,195.53855376900242,0.9390000000000007,0.6950000000000035,207
0.9400940094009401,1977.9663630886096,193.80441432512436,0.9400000000000007,0.7000000000000035,208
0.9410941094109411,1715.5646980172162,195.84153282913732,0.9410000000000007,0.7050000000000035,209
0.9420942094209421,2019.6828341731143,194.09359328913138,0.9420000000000007,0.7100000000000035,210
0.9430943094309431,1924.7703080548995,191.4743994329135,0.9430000000000007,0.7150000000000035,210
0.9440944094409441,1949.0912230973827,189.85209940090698,0.9440000000000007,0.7200000000000035,211
0.9450945094509451,1990.8547732926208,189.10201763297547,0.9450000000000007,0.7250000000000035,212
0.9460946094609461,1940.8260071977097,187.7694320158563,0.9460000000000007,0.7300000000000035,213
0.9470947094709471,2102.3011224773427,182.7805033673042,0.9470000000000007,0.7350000000000035,213
0.9480948094809482,2531.7870313595877,189.16309194459092,0.9480000000000007,0.7400000000000035,214
0.9490949094909491,2167.429825683758,183.72089784133487,0.9490000000000007,0.7450000000000035,215
0.95009500950095,2361.94974688788,188.72304192116957,0.9500000000000007,0.7500000000000037,216
0.9510951095109511,2673.3500546485766,198.27892457919202,0.9510000000000007,0.7550000000000037,217
0.9520952095209521,2054.27476627751,196.60731131839282,0.9520000000000007,0.7600000000000037,217
0.9530953095309531,1940.5867280258253,195.16761011395997,0.9530000000000007,0.7650000000000037,218
0.9540954095409541,1927.8619518248013,195.97469546007116,0.9540000000000007,0.7700000000000037,219
0.9550955095509551,2427.268759990014,202.7403300560264,0.9550000000000007,0.7750000000000037,220
0.9560956095609561,1840.0268178759165,204.45760933664954,0.9560000000000007,0.7800000000000037,220
0.9570957095709571,2198.64801752857,204.67892810946887,0.9570000000000007,0.7850000000000037,221
0.9580958095809581,1630.5316762060145,207.7456579796926,0.9580000000000007,0.7900000000000037,222
0.9590959095909591,1981.4226218250838,205.75447799574465,0.9590000000000007,0.7950000000000037,223
0.9600960096009601,2190.811422411527,200.87393149798172,0.9600000000000007,0.8000000000000037,224
0.9610961096109611,2184.5140976294974,203.0115675400406,0.9610000000000007,0.8050000000000037,224
0.9620962096209621,1874.354761324988,192.83033632675946,0.9620000000000007,0.8100000000000037,225
0.9630963096309632,1801.7596508273389,196.34768291909492,0.9630000000000007,0.8150000000000037,226
0.9640964096409641,1575.7510095696093,203.45809668896905,0.9640000000000007,0.8200000000000037,227
0.965096509650965,2012.385210809913,198.71617888250248,0.9650000000000007,0.8250000000000037,227
0.9660966096609661,1710.8875726502947,204.131013807158,0.9660000000000007,0.8300000000000037,228
0.9670967096709671,2056.7360774504427,196.11572715108971,0.9670000000000007,0.8350000000000037,229
0.9680968096809681,2138.451695910588,195.69076579472727,0.9680000000000007,0.8400000000000037,230
0.9690969096909691,1848.721413789657,193.7549886869075,0.9690000000000007,0.8450000000000037,230
0.9700970097009701,2045.5580132829773,188.17285727303323,0.9700000000000008,0.8500000000000038,231
0.9710971097109711,2211.437443727478,186.47598230395502,0.9710000000000008,0.8550000000000038,232
0.9720972097209721,2006.7439490927839,185.2848044667793,0.9720000000000008,0.8600000000000038,233
0.9730973097309731,2487.0840743699005,184.9833514987674,0.9730000000000008,0.8650000000000038,234
0.9740974097409741,1726.9653373482256,190.72252715929727,0.9740000000000008,0.8700000000000038,234
0.9750975097509751,1784.277484351354,192.05055671312368,0.9750000000000008,0.8750000000000038,235
0.9760976097609761,1827.3837025064897,189.59398298298,0.9760000000000008,0.8800000000000038,236
0.9770977097709771,1953.4500806030014,187.22196828194816,0.9770000000000008,0.8850000000000038,237
0.9780978097809782,1791.2209195499534,189.32122598197122,0.9780000000000008,0.8900000000000038,237
0.9790979097909791,2025.8477568544465,185.4426708411724,0.9790000000000008,0.8950000000000038,238
0.98009800980098,2071.194913044228,178.31202539785275,0.9800000000000008,0.9000000000000038,239
0.9810981098109811,1748.473468873175,181.7022911306248,0.9810000000000008,0.9050000000000038,240
0.9820982098209821,2486.0794420034235,188.31556334669335,0.9820000000000008,0.9100000000000038,241
0.9830983098309831,2050.485449427128,185.07913007233665,0.9830000000000008,0.9150000000000038,241
0.9840984098409841,2191.0143151086577,184.67899815559198,0.9840000000000008,0.9200000000000038,242
0.9850985098509851,2271.272015033833,188.98668907682358,0.9850000000000008,0.9250000000000038,243
0.9860986098609861,2034.5988869472883,185.3360118823437,0.9860000000000008,0.9300000000000038,244
0.9870987098709871,1847.1433622681977,185.5943882690206,0.9870000000000008,0.9350000000000038,244
0.9880988098809881,2288.782203720369,183.4618154065009,0.9880000000000008,0.9400000000000038,245
0.9890989098909891,2375.3115901496044,188.98950963022057,0.9890000000000008,0.9450000000000038,246
0.9900990099009901,1834.033650527394,191.86816388144484,0.9900000000000008,0.9500000000000038,247
0.9910991099109911,2205.6749247146818,188.37295633608286,0.9910000000000008,0.9550000000000038,248
0.9920992099209921,1850.4284969963564,191.758043079618,0.9920000000000008,0.9600000000000039,248
0.9930993099309932,2029.2095563194835,189.66925811432634,0.9930000000000008,0.9650000000000039,249
0.9940994099409941,1537.4028813996704,197.90302494828055,0.9940000000000008,0.9700000000000039,250
0.995099509950995,2659.564532518448,208.99141106450188,0.9950000000000008,0.9750000000000039,251
0.9960996099609961,1824.4815353176064,211.31830050210397,0.9960000000000008,0.9800000000000039,251
0.9970997099709971,2493.9852414832203,219.1519828822215,0.9970000000000008,0.9850000000000039,252
0.9980998099809981,2030.4292992426517,209.82765627017673,0.9980000000000008,0.9900000000000039,253
0.9990999099909991,1682.52038012964,214.7486521539088,0.9990000000000008,0.9950000000000039,254
1.000100010001,1979.0934883388359,209.8477874493745,1.0,1.0,255
1.001100110011001,2690.6772624472633,210.1943316053482,1.0,1.0,255
1.0021002100210021,1787.013536613937,215.28856554751926,1.0,1.0,255
1.0031003100310032,1874.1977903894976,216.61634430024583,1.0,1.0,255
1.004100410041004,1923.751767616546,216.69854798441094,1.0,1.0,255
1.005100510051005,1835.3886973722338,213.3653988371659,1.0,1.0,255
1.0061006100610062,2453.7053524294433,217.32004224327312,1.0,1.0,255
1.0071007100710072,1923.5420711965012,216.79624046877166,1.0,1.0,255
1.008100810081008,1971.8099230538537,209.97067553181492,1.0,1.0,255
1.009100910091009,1843.5648142998928,212.72783168231877,1.0,1.0,255
1.0101010101010102,2053.0375569237553,209.9723543725633,1.0,1.0,255
1.011101110111011,1927.428070357749,209.65351101281837,1.0,1.0,255
1.012101210121012,2267.029836281696,210.56120296495203,1.0,1.0,255
1.0131013101310131,2282.3030903718177,210.3224577889352,1.0,1.0,255
1.0141014101410142,2615.1272000343088,212.22002198101356,1.0,1.0,255
1.015101510151015,2304.0320484239483,216.6283671656908,1.0,1.0,255
1.016101610161016,2104.335478945832,211.01282819761335,1.0,1.0,255
1.0171017101710171,1763.511989786015,216.52786685288422,1.0,1.0,255
1.0181018101810182,1602.8736598642702,223.62135973738702,1.0,1.0,255
1.019101910191019,1753.836652053676,225.5190549721067,1.0,1.0,255
1.02010201020102,2047.4254723355666,225.48170579105485,1.0,1.0,255
1.0211021102110212,2583.506477505619,232.9230864666177,1.0,1.0,255
1.0221022102210222,2039.368234464414,232.27060075918504,1.0,1.0,255
1.023102310231023,2170.5548377872756,225.9400160275326,1.0,1.0,255
1.024102410241024,2284.425039403561,224.24782356256833,1.0,1.0,255
1.0251025102510252,2594.1465709121676,229.89630466783876,1.0,1.0,255
1.026102610261026,2590.6030539009203,236.33603979598698,1.0,1.0,255
1.027102710271027,1947.589654757158,236.45324831290384,1.0,1.0,255
1.0281028102810281,1919.554667722353,233.88657334945592,1.0,1.0,255
1.0291029102910292,1659.3220784944162,241.21708691665646,1.0,1.0,255
1.03010301030103,1861.7880974788227,244.47742670619547,1.0,1.0,255
1.031103110311031,2158.3895432763693,240.69468694918632,1.0,1.0,255
1.0321032103210321,1719.306570505694,238.506966699004,1.0,1.0,255
1.0331033103310332,1740.4718545891278,244.6078206186789,1.0,1.0,255
1.034103410341034,1617.9031705079694,250.3494709063463,1.0,1.0,255
1.035103510351035,2312.5114599472513,251.1742598046147,1.0,1.0,255
1.0361036103610362,2119.00715148014,252.3263805731633,1.0,1.0,255
1.0371037103710372,1982.2225853642326,249.62479611124255,1.0,1.0,255
1.038103810381038,2282.8277230417943,249.50570649767104,1.0,1.0,255
1.039103910391039,2102.3062925247864,244.04560054517475,1.0,1.0,255
1.0401040104010402,1924.2637842527727,242.24099787066712,1.0,1.0,255
1.041104110411041,2201.205770094234,242.15161477825822,1.0,1.0,255
1.042104210421042,2139.125724001153,240.0226991982084,1.0,1.0,255
1.0431043104310431,2262.967548013249,243.94624128486305,1.0,1.0,255
1.0441044104410442,2078.7994576104725,234.3502880650659,1.0,1.0,255
1.045104510451045,2082.276698368588,222.80453138206866,1.0,1.0,255
1.046104610461046,2389.0445249026016,225.1550525864728,1.0,1.0,255
1.0471047104710471,2296.734410953909,221.21003597588657,1.0,1.0,255
1.0481048104810482,2167.1894642657776,223.24241124605516,1.0,1.0,255
1.049104910491049,2181.373736543107,218.6002935795101,1.0,1.0,255
1.05010501050105,2300.838179630292,222.27892693889262,1.0,1.0,255
1.0511051105110512,1954.1069815000462,211.30324205994646,1.0,1.0,255
1.0521052105210522,1958.1250958042697,207.8810108761398,1.0,1.0,255
1.053105310531053,1912.4808931751268,207.11534882042724,1.0,1.0,255
1.054105410541054,2029.4572274501659,205.0012396237548,1.0,1.0,255
1.0551055105510552,1972.4498884285822,202.26001580262783,1.0,1.0,255
1.056105610561056,1858.2628802751772,197.94065114853544,1.0,1.0,255
1.057105710571057,2260.7324847201794,199.70614226686905,1.0,1.0,255
1.0581058105810581,1962.168629681164,199.89896813432287,1.0,1.0,255
1.0591059105910592,2079.807706318764,196.446418546696,1.0,1.0,255
1.06010601060106,1921.8699904448492,198.86826759932393,1.0,1.0,255
1.061106110611061,2160.5661796452227,198.70815259938337,1.0,1.0,255
1.0621062106210621,2004.39784828519,195.1995989080456,1.0,1.0,255
1.0631063106310632,2192.7669525348547,193.40887615130632,1.0,1.0,255
1.064106410641064,2063.4182030608763,182.37469621183766,1.0,1.0,255
1.065106510651065,1829.4392052438975,181.6252711384808,1.0,1.0,255
1.0661066106610662,2152.8610392679216,182.59578234492253,1.0,1.0,255
1.0671067106710672,2619.7301279925196,188.34062470049324,1.0,1.0,255
1.068106810681068,1915.6373799201763,182.0853502993752,1.0,1.0,255
1.0691069106910691,1935.6845664913162,178.4483920106224,1.0,1.0,255
1.0701070107010702,1898.2337561838765,181.43222633365622,1.0,1.0,255
1.071107110711071,1950.6201319573709,172.66969414439646,1.0,1.0,255
1.072107210721072,1913.3063955264329,175.19093092315606,1.0,1.0,255
1.0731073107310731,2192.2288316013846,175.62441079943818,1.0,1.0,255
1.0741074107410742,2103.1732126398783,171.99937426416452,1.0,1.0,255
1.075107510751075,2315.94474788557,166.43533780363262,1.0,1.0,255
1.076107610761076,2398.4756589061326,162.59278990373684,1.0,1.0,255
1.0771077107710771,2261.0542762787245,164.84566852445448,1.0,1.0,255
1.0781078107810782,1709.803324825249,169.04069538239656,1.0,1.0,255
1.079107910791079,1825.8675489642687,165.70978597299953,1.0,1.0,255
1.08010801080108,2064.9812314896785,162.32517255236954,1.0,1.0,255
1.0811081108110812,2502.034746462755,169.19807661609724,1.0,1.0,255
1.0821082108210822,2431.7801507541076,170.29981104129328,1.0,1.0,255
1.083108310831083,1943.8500597730542,166.23224693761478,1.0,1.0,255
1.0841084108410841,1997.541382444753,158.63948269887905,1.0,1.0,255
1.0851085108510852,1800.660111822887,158.29605126347627,1.0,1.0,255
1.086108610861086,2153.6316529872574,158.98854129361862,1.0,1.0,255
1.087108710871087,2159.1044977827996,159.8950829565593,1.0,1.0,255
1.0881088108810881,2184.399626703033,157.92652102978406,1.0,1.0,255
1.0891089108910892,1912.0582515181277,159.55923014892576,1.0,1.0,255
1.09010901090109,1771.6117723074312,162.6122703878326,1.0,1.0,255
1.091109110911091,2244.871827266832,163.48559153128457,1.0,1.0,255
1.0921092109210921,2262.1667770128847,165.9464125915192,1.0,1.0,255
1.0931093109310932,2329.9508862723064,167.28607935670033,1.0,1.0,255
1.094109410941094,2041.8477578213228,166.79313504806444,1.0,1.0,255
1.095109510951095,2262.9095522414614,170.4057921255219,1.0,1.0,255
1.0961096109610962,1968.9751643597972,165.16539834027392,1.0,1.0,255
1.0971097109710972,1775.4142024472176,165.6424260722514,1.0,1.0,255
1.098109810981098,2088.923231762268,164.07710142218122,1.0,1.0,255
1.0991099109910991,2182.783651929327,164.1052997299056,1.0,1.0,255
1.1001100110011002,2045.8941600307517,159.09065293668473,1.0,1.0,255
1.101110111011101,2324.770886865548,162.74821030399661,1.0,1.0,255
1.102110211021102,2035.1092543203706,161.2085271336746,1.0,1.0,255
1.1031103110311031,2525.3443904084756,168.04503280534664,1.0,1.0,255
1.1041104110411042,2223.2164444180517,171.17850624271102,1.0,1.0,255
1.105110511051105,1953.044164964111,171.56662071200043,1.0,1.0,255
1.106110611061106,2048.9467193556684,167.7908127046174,1.0,1.0,255
1.1071107110711071,1885.3475691441386,166.78921162733099,1.0,1.0,255
1.1081108110811082,1886.4327665286216,168.30392889038183,1.0,1.0,255
1.109110911091109,2089.4799667887355,168.49737409978124,1.0,1.0,255
1.11011101110111,2627.0308495619656,177.55539089991754,1.0,1.0,255
1.1111111111111112,2122.9082757201136,176.80223282141537,1.0,1.0,255
1.1121112111211122,2334.961273170268,181.66941525052454,1.0,1.0,255
1.113111311131113,1790.5914759288298,183.92224668125087,1.0,1.0,255
1.1141114111411141,2061.491492723287,183.88371247449905,1.0,1.0,255
1.1151115111511152,1961.652629397715,181.23944399142275,1.0,1.0,255
1.116111611161116,2464.106238485731,187.4643479757789,1.0,1.0,255
1.117111711171117,1506.6332012033236,186.857081391862,1.0,1.0,255
1.1181118111811181,1780.0770672247338,189.56828764577082,1.0,1.0,255
1.1191119111911192,2171.183148224419,189.78564194008555,1.0,1.0,255
1.12011201120112,1795.5862200586073,191.83859266259094,1.0,1.0,255
1.121112111211121,2279.942479119747,194.52984488413327,1.0,1.0,255
1.1221122112211221,2125.6935141376366,193.38984307741467,1.0,1.0,255
1.1231123112311232,1994.8524936240806,191.56821657290536,1.0,1.0,255
1.124112411241124,2028.609007799628,190.85257216411523,1.0,1.0,255
1.125112511251125,1903.4521041600901,188.38463512320203,1.0,1.0,255
1.1261126112611262,1818.1770838067814,185.9715802689438,1.0,1.0,255
1.1271127112711272,1813.702167246215,186.39645139844498,1.0,1.0,255
1.128112811281128,1983.6542795358184,180.91943230423362,1.0,1.0,255
1.1291129112911291,1795.3416148576032,181.52995098636697,1.0,1.0,255
1.1301130113011302,2196.1559692918886,184.15344574241112,1.0,1.0,255
1.131113111311131,1829.3335440245764,179.4460799326645,1.0,1.0,255
1.132113211321132,2146.1664051901043,173.73380502138443,1.0,1.0,255
1.1331133113311331,1828.7789239590388,176.0352277376648,1.0,1.0,255
1.1341134113411342,2068.5070013757545,175.43619541407494,1.0,1.0,255
1.135113511351135,1877.0490265582757,173.9084171193671,1.0,1.0,255
1.136113611361136,1950.9932513320014,173.73591903298194,1.0,1.0,255
1.1371137113711371,1951.5142630140206,173.44354381704557,1.0,1.0,255
1.1381138113811382,2532.7839649038924,180.41123058106274,1.0,1.0,255
1.139113911391139,2372.1541847763106,184.17547930695153,1.0,1.0,255
1.14011401140114,1993.1798866657502,179.74411701978516,1.0,1.0,255
1.1411141114111412,1957.2366336358589,177.6219478017313,1.0,1.0,255
1.1421142114211422,2552.0109566290016,183.41883139405363,1.0,1.0,255
1.143114311431143,2010.514821971789,178.52951722917172,1.0,1.0,255
1.1441144114411441,2385.343967943709,185.15335174447236,1.0,1.0,255
1.1451145114511452,1933.6898009582012,183.1413646804791,1.0,1.0,255
1.146114611461146,2443.0390191240003,189.46164835015506,1.0,1.0,255
1.147114711471147,2004.3337084157733,184.8832582307839,1.0,1.0,255
1.1481148114811481,2325.5982646700813,189.61675888894015,1.0,1.0,255
1.1491149114911492,1987.3908558635176,188.13326873308327,1.0,1.0,255
1.15011501150115,2207.474924631679,191.28065042633187,1.0,1.0,255
1.151115111511151,1844.038633589768,189.82446001722556,1.0,1.0,255
1.1521152115211521,2171.1690498134976,192.03002609990293,1.0,1.0,255
1.1531153115311532,2156.353402233642,184.65020633640634,1.0,1.0,255
1.154115411541154,2269.346930961013,185.57281606726556,1.0,1.0,255
1.155115511551155,1898.0480769050039,186.67273782844768,1.0,1.0,255
1.1561156115611562,2596.7453663649567,197.62871076863345,1.0,1.0,255
1.1571157115711572,2173.6804229216195,196.88927060994862,1.0,1.0,255
1.158115811581158,2070.812240282265,194.11417074616634,1.0,1.0,255
1.1591159115911591,1936.1079630476543,195.52241214943857,1.0,1.0,255
1.1601160116011602,2041.5413055123208,184.0709690479528,1.0,1.0,255
1.161116111611161,1874.2982468430173,186.04683859669015,1.0,1.0,255
1.162116211621162,1897.0823943874716,183.3259652455354,1.0,1.0,255
1.1631163116311631,2483.585865150884,186.88951206712971,1.0,1.0,255
1.1641164116411642,2140.624900705209,188.4721802267681,1.0,1.0,255
1.165116511651165,2331.0506185003637,192.40624518472967,1.0,1.0,255
1.166116611661166,2118.0479390868377,185.48507919675183,1.0,1.0,255
1.1671167116711672,1856.1241074689162,178.49526107143996,1.0,1.0,255
1.1681168116811682,2111.8561633453787,174.41392568284223,1.0,1.0,255
1.169116911691169,1745.4439793705724,178.0013831309424,1.0,1.0,255
1.17011701170117,2305.5431591933484,178.1039707159815,1.0,1.0,255
1.1711171117111712,2399.7402127602313,180.4999253887912,1.0,1.0,255
1.1721172117211722,2446.3775943108712,186.9136069922559,1.0,1.0,255
1.173117311731173,2000.1918801231532,186.80681926227442,1.0,1.0,255
1.1741174117411741,1768.9086936936183,192.00082554439464,1.0,1.0,255
1.1751175117511752,1561.5463715529186,198.83894019653806,1.0,1.0,255
1.176117611761176,2353.1551681287688,200.3455852352491,1.0,1.0,255
1.177117711771177,1618.4472855033746,204.2506828701059,1.0,1.0,255
1.1781178117811781,2084.356403229347,203.6908965254092,1.0,1.0,255
1.1791179117911792,2583.5160807021716,209.3480504366047,1.0,1.0,255
1.18011801180118,1638.8650440770207,214.56763016922648,1.0,1.0,255
1.181118111811181,1844.4709126447008,214.26488279682403,1.0,1.0,255
1.1821182118211822,2167.7149164789366,214.69585302260072,1.0,1.0,255
1.1831183118311832,1841.9875110554394,214.4316812806727,1.0,1.0,255
1.184118411841184,2087.600840888932,214.81355807093627,1.0,1.0,255
1.185118511851185,2163.3676194931786,213.70189099196534,1.0,1.0,255
1.1861186118611862,2025.6896994383974,212.20796202983743,1.0,1.0,255
1.1871187118711872,1973.818324360535,211.76188080290711,1.0,1.0,255
1.188118811881188,2135.9028101238064,203.82425770730543,1.0,1.0,255
1.1891189118911891,1982.991224513173,198.64134952151576,1.0,1.0,255
1.1901190119011902,2235.0124763152526,201.2851967811358,1.0,1.0,255
1.191119111911191,1921.1509756602786,202.00690994064743,1.0,1.0,255
1.192119211921192,2120.693453751035,193.3805598830881,1.0,1.0,255
1.1931193119311931,1837.9904576801716,196.83104716892046,1.0,1.0,255
1.1941194119411942,1415.7263661387206,202.72964048727184,1.0,1.0,255
1.195119511951195,1891.3936572779387,203.57556336087706,1.0,1.0,255
1.196119611961196,1729.8999723592765,202.0367835312115,1.0,1.0,255
1.1971197119711972,1984.5573703959112,202.43231029160873,1.0,1.0,255
1.1981198119811982,2275.2565042264405,201.425475082736,1.0,1.0,255
1.199119911991199,1842.3769842718702,204.32575251456893,1.0,1.0,255
1.2001200120012,2133.1127676356023,202.8385093746474,1.0,1.0,255
1.2011201120112012,2595.250953022113,209.70430110688503,1.0,1.0,255
1.2021202120212022,2175.5229483172634,209.79137907696028,1.0,1.0,255
1.203120312031203,2226.290186641028,211.190114765108,1.0,1.0,255
1.2041204120412041,2399.59513696607,213.7950788852092,1.0,1.0,255
1.2051205120512052,1793.6158271587806,215.88372388013366,1.0,1.0,255
1.206120612061206,1771.8135890293279,210.432544772248,1.0,1.0,255
1.207120712071207,2229.1270061813993,211.54147643744355,1.0,1.0,255
1.2081208120812081,2335.696922108334,216.83917007396494,1.0,1.0,255
1.2091209120912092,2455.122957048472,222.7437884758875,1.0,1.0,255
1.21012101210121,2496.8455146769647,231.5915248796732,1.0,1.0,255
1.211121112111211,1578.0165063801694,237.51715968893015,1.0,1.0,255
1.2121212121212122,1889.996433445637,237.65887890776685,1.0,1.0,255
1.2131213121312132,2051.2843282170593,229.01284816909032,1.0,1.0,255
1.214121412141214,1544.7112217871932,237.22612571924233,1.0,1.0,255
1.215121512151215,2820.942674710268,247.02396684344046,1.0,1.0,255
1.2161216121612162,1993.6241339650223,246.71052538240326,1.0,1.0,255
1.2171217121712172,2353.210576469332,248.97721906116823,1.0,1.0,255
1.218121812181218,1932.5042693706532,250.01001040684758,1.0,1.0,255
1.2191219121912191,1994.2115435285914,245.03465912368716,1.0,1.0,255
1.2201220122012202,1804.2808397342653,244.75817914513482,1.0,1.0,255
1.221122112211221,1918.6216970523026,240.3109409488842,1.0,1.0,255
1.222122212221222,2074.775715229721,232.87890336726122,1.0,1.0,255
1.2231223122312231,2419.4223043470665,239.3511870566656,1.0,1.0,255
1.2241224122412242,2010.5530296156685,234.51830033822458,1.0,1.0,255
1.225122512251225,2192.2325376840654,227.67387852296426,1.0,1.0,255
1.226122612261226,2248.956604875162,225.5899072578921,1.0,1.0,255
1.2271227122712272,1887.9068836257688,220.2007152954442,1.0,1.0,255
1.2281228122812282,1822.3684917150633,223.986217396556,1.0,1.0,255
1.229122912291229,1882.266028906212,216.59057520438833,1.0,1.0,255
1.2301230123012301,2101.255648035674,209.47298904664225,1.0,1.0,255
1.2311231123112312,2258.4962002849425,209.61233130523505,1.0,1.0,255
1.2321232123212322,2069.508797332864,207.64820892231367,1.0,1.0,255
1.233123312331233,2159.688072085401,205.76172058513038,1.0,1.0,255
1.2341234123412341,2287.1617927217712,209.75293962178716,1.0,1.0,255
1.2351235123512352,2574.249478452891,217.97057680098143,1.0,1.0,255
1.236123612361236,1771.2737614811585,223.0588955601262,1.0,1.0,255
1.237123712371237,2287.57351385221,226.36673232438108,1.0,1.0,255
1.2381238123812381,2045.3967465173832,224.6607411915573,1.0,1.0,255
1.2391239123912392,1796.6102972299823,228.3883597372211,1.0,1.0,255
1.24012401240124,2245.3449221951596,228.59500865481925,1.0,1.0,255
1.241124112411241,2117.9168787363014,227.45636574275085,1.0,1.0,255
1.2421242124212422,2443.6052993065464,233.91460265386107,1.0,1.0,255
1.2431243124312432,2441.6065935188403,237.5865436778413,1.0,1.0,255
1.244124412441244,1951.1196536707055,226.87867792720158,1.0,1.0,255
1.2451245124512451,1949.4189000435485,225.71817307188937,1.0,1.0,255
1.2461246124612462,2062.2152378497553,219.64047727607004,1.0,1.0,255
1.2471247124712472,1912.1831682317015,221.0879613193542,1.0,1.0,255
1.248124812481248,2085.7499402438457,217.29783003970243,1.0,1.0,255
1.2491249124912491,1718.504343100084,219.77528286313813,1.0,1.0,255
1.2501250125012502,2292.247396749739,222.95797544542089,1.0,1.0,255
1.251125112511251,2254.377032697283,216.14049703892425,1.0,1.0,255
1.252125212521252,2452.2864211522797,221.6757664956246,1.0,1.0,255
1.2531253125312531,1914.5979614483047,220.77800353383793,1.0,1.0,255
1.2541254125412542,1620.2959349424577,222.30018209566734,1.0,1.0,255
1.255125512551255,1554.400403677066,227.08449056530165,1.0,1.0,255
1.256125612561256,2168.6131350512724,223.97302504691368,1.0,1.0,255
1.2571257125712572,1885.9475102425956,223.5915347184338,1.0,1.0,255
1.2581258125812582,2092.2828658395897,218.7232535930589,1.0,1.0,255
1.259125912591259,2248.0537698790126,214.58186984966963,1.0,1.0,255
1.2601260126012601,1999.4247375634088,206.57646480486218,1.0,1.0,255
1.2611261126112612,1780.3485066481376,202.52982479950282,1.0,1.0,255
1.2621262126212622,2581.6140918595315,210.04203530560622,1.0,1.0,255
1.263126312631263,1614.6353366933524,218.643642007398,1.0,1.0,255
1.2641264126412641,2062.8145404608936,208.87415725235968,1.0,1.0,255
1.2651265126512652,1769.5618995527389,198.98406576709957,1.0,1.0,255
1.266126612661266,2247.5250252368996,201.88704895113798,1.0,1.0,255
1.267126712671267,1947.5697002536433,197.79144341667853,1.0,1.0,255
1.2681268126812681,2007.8238911837038,196.2850509804175,1.0,1.0,255
1.2691269126912692,1715.3478360910694,201.86232512916789,1.0,1.0,255
1.27012701270127,1924.357107645106,199.4607997709511,1.0,1.0,255
1.271127112711271,2769.8162106979867,211.30955792595688,1.0,1.0,255
1.2721272127212722,1965.7090364038886,212.4198628932847,1.0,1.0,255
1.2731273127312732,1815.1447176091256,209.64852245416085,1.0,1.0,255
1.274127412741274,1925.8483849776364,211.3426153469215,1.0,1.0,255
1.2751275127512751,2182.2925523948447,211.14381564113705,1.0,1.0,255
1.2761276127612762,2031.342363381958,207.45783627599462,1.0,1.0,255
1.2771277127712772,2396.241951773952,211.22081298398905,1.0,1.0,255
1.278127812781278,2446.513317192082,214.67844916213198,1.0,1.0,255
1.2791279127912791,2174.245887025012,213.88868748075652,1.0,1.0,255
1.2801280128012802,2138.7189747388884,214.6379540148208,1.0,1.0,255
1.281128112811281,2727.4458766475936,224.01694754207384,1.0,1.0,255
1.282128212821282,1931.0820716662836,225.9251301620909,1.0,1.0,255
1.2831283128312831,2179.83973410363,226.32816340245546,1.0,1.0,255
1.2841284128412842,1797.5169486187608,226.55458857564477,1.0,1.0,255
1.285128512851285,2051.3275368698996,216.09614974398497,1.0,1.0,255
1.286128612861286,1934.5992204466324,212.82964056467551,1.0,1.0,255
1.2871287128712872,2171.4016323553897,210.5062029347391,1.0,1.0,255
1.2881288128812882,2235.5083146688967,214.20430415846465,1.0,1.0,255
1.289128912891289,2293.665613883552,214.0898223807354,1.0,1.0,255
1.2901290129012901,1925.9689353248175,212.58354523033583,1.0,1.0,255
1.2911291129112912,1828.210075704482,215.58100614152016,1.0,1.0,255
1.2921292129212922,1934.1832698437029,209.9452347585151,1.0,1.0,255
1.293129312931293,2332.9724317835135,207.7725515238086,1.0,1.0,255
1.2941294129412941,2096.6863020013593,206.80867063724986,1.0,1.0,255
1.2951295129512952,1943.1852161652932,206.933344314815,1.0,1.0,255
1.296129612961296,2388.911473230377,213.46726902242742,1.0,1.0,255
1.297129712971297,1819.122887095075,215.32847464516,1.0,1.0,255
1.2981298129812981,2447.7457637120046,222.5683911145231,1.0,1.0,255
1.2991299129912992,2310.130544607888,221.22108886868256,1.0,1.0,255
1.3001300130013,2125.393936357087,217.8840196608295,1.0,1.0,255
1.301130113011301,2100.7409113022927,214.81129723292975,1.0,1.0,255
1.3021302130213022,2075.293355516171,207.27143592020758,1.0,1.0,255
1.3031303130313032,1819.3135957269396,209.17712323463485,1.0,1.0,255
1.304130413041304,1723.6018191754913,207.1110055499742,1.0,1.0,255
1.3051305130513051,1647.7890212881284,205.243233197753,1.0,1.0,255
1.3061306130613062,2205.4536587669845,205.9800436720672,1.0,1.0,255
1.3071307130713072,1818.7269621113085,207.32445463469298,1.0,1.0,255
1.308130813081308,2027.9699700314966,206.83939791727124,1.0,1.0,255
1.3091309130913091,1696.5990014751526,209.8663424901879,1.0,1.0,255
1.3101310131013102,1905.0822345272077,211.75319255091196,1.0,1.0,255
1.311131113111311,1622.26062252604,214.9149502333539,1.0,1.0,255
1.312131213121312,1901.342317989622,207.17582203637085,1.0,1.0,255
1.3131313131313131,2182.5160139185336,201.19884904860854,1.0,1.0,255
1.3141314131413142,1775.9621334366109,206.34331557065846,1.0,1.0,255
1.315131513151315,2015.005843901971,201.43443668367385,1.0,1.0,255
1.316131613161316,1989.6303248664212,198.61132968160743,1.0,1.0,255
1.3171317131713172,1899.2294780832622,199.57813412501505,1.0,1.0,255
1.3181318131813182,1893.042067881518,201.8737705910588,1.0,1.0,255
1.319131913191319,2404.151359133886,202.34375449555785,1.0,1.0,255
1.3201320132013201,1965.3923947686123,201.52304875308775,1.0,1.0,255
1.3211321132113212,2058.5810320696,187.29834518052002,1.0,1.0,255
1.3221322132213222,1927.3841828811676,188.06484225097444,1.0,1.0,255
1.323132313231323,1693.4311006958426,190.49911458924012,1.0,1.0,255
1.3241324132413241,1958.372811097587,189.8486260668411,1.0,1.0,255
1.3251325132513252,2062.671314898596,187.4562013169161,1.0,1.0,255
1.326132613261326,2030.7933816935183,187.46718095068488,1.0,1.0,255
1.327132713271327,1894.6223535713284,183.56989484377925,1.0,1.0,255
1.3281328132813282,1802.843489963811,180.50275870066147,1.0,1.0,255
1.3291329132913292,2021.2060103283309,178.5137207535946,1.0,1.0,255
1.33013301330133,2193.516202299408,179.609665304805,1.0,1.0,255
1.331133113311331,2106.9013840649995,167.19877545315308,1.0,1.0,255
1.3321332133213322,2134.3836496529016,166.58808987953682,1.0,1.0,255
1.3331333133313332,2317.00036892097,169.33130257588357,1.0,1.0,255
1.334133413341334,2344.866421283701,170.2589699739328,1.0,1.0,255
1.3351335133513351,2290.334489600991,175.03910902855463,1.0,1.0,255
1.3361336133613362,2175.360788374127,175.31830920496984,1.0,1.0,255
1.3371337133713372,1834.0697786111696,177.1288809856386,1.0,1.0,255
1.338133813381338,2287.338189370761,178.16547847967593,1.0,1.0,255
1.3391339133913391,1701.6422606382037,180.17932098924078,1.0,1.0,255
1.3401340134013402,1500.3949106527034,188.6908014826831,1.0,1.0,255
1.341134113411341,1808.9420393184412,189.07616221040388,1.0,1.0,255
1.342134213421342,1896.928292124563,189.8212617647867,1.0,1.0,255
1.3431343134313432,1860.394045890158,187.87393221131325,1.0,1.0,255
1.3441344134413442,2420.7717228603,194.35564062849207,1.0,1.0,255
1.345134513451345,1772.8637423528169,197.7620701047416,1.0,1.0,255
1.346134613461346,1557.986944884823,200.74410174243764,1.0,1.0,255
1.3471347134713472,1951.1556736512732,198.10344601131362,1.0,1.0,255
1.3481348134813482,2015.0367215638084,190.7677963057974,1.0,1.0,255
1.349134913491349,2022.123198783098,186.04272143797766,1.0,1.0,255
1.3501350135013501,2244.5915943170585,188.42667459717705,1.0,1.0,255
1.3511351135113512,2270.882754645757,191.82951146404636,1.0,1.0,255
1.3521352135213522,2416.3681261856696,198.65100687743637,1.0,1.0,255
1.353135313531353,2236.273048104666,197.84273975406842,1.0,1.0,255
1.3541354135413541,1752.2960340796087,197.26885545598608,1.0,1.0,255
1.3551355135513552,1841.599003002282,193.39265582170302,1.0,1.0,255
1.356135613561356,1747.1887601795497,196.25980744277237,1.0,1.0,255
1.357135713571357,1643.7162457021252,199.760021770956,1.0,1.0,255
1.3581358135813582,2254.0576473462625,203.48057411851119,1.0,1.0,255
1.3591359135913592,1950.5410819472854,198.40173250906858,1.0,1.0,255
1.36013601360136,2001.855148087068,196.46627423787132,1.0,1.0,255
1.361136113611361,2335.086248681988,193.6932116620319,1.0,1.0,255
1.3621362136213622,2119.084915033092,192.1817563224862,1.0,1.0,255
1.3631363136313632,2143.9712410851303,191.4108608658181,1.0,1.0,255
1.364136413641364,3008.6978279929217,205.18406009440878,1.0,1.0,255
1.3651365136513651,1789.116085673023,209.7018552589877,1.0,1.0,255
1.3661366136613662,1987.4771633248524,209.7449184898191,1.0,1.0,255
1.3671367136713672,2061.156478179004,207.03263761506437,1.0,1.0,255
1.368136813681368,2207.2698280365757,207.11887553342626,1.0,1.0,255
1.3691369136913691,1849.2752903785306,203.97034254317794,1.0,1.0,255
1.3701370137013702,1944.4175029607193,204.3898403793358,1.0,1.0,255
1.371137113711371,2183.4889617239087,206.887998972422,1.0,1.0,255
1.372137213721372,2065.5471770774525,204.8266261715944,1.0,1.0,255
1.3731373137313732,1546.24045971979,207.77043899111544,1.0,1.0,255
1.3741374137413742,2229.0697759875547,209.59929073281828,1.0,1.0,255
1.375137513751375,2247.0616078064913,213.2870965909762,1.0,1.0,255
1.376137613761376,1479.2475910146863,224.31801240455286,1.0,1.0,255
1.3771377137713772,2060.0883404196084,221.4922262843716,1.0,1.0,255
1.3781378137813782,1851.0354997132577,220.5283860893827,1.0,1.0,255
1.379137913791379,2402.207775030761,227.0766617965645,1.0,1.0,255
1.3801380138013801,1890.4642686085522,227.31705237840532,1.0,1.0,255
1.3811381138113812,1849.4999492977074,230.10902571115116,1.0,1.0,255
1.3821382138213822,2631.66044667897,240.05456165167254,1.0,1.0,255
1.383138313831383,2129.2210735586586,236.29897574442634,1.0,1.0,255
1.3841384138413841,1996.2152672128527,231.39734197449525,1.0,1.0,255
1.3851385138513852,2138.502880894141,228.36070980035822,1.0,1.0,255
1.386138613861386,2055.1810546870643,225.95711512661694,1.0,1.0,255
1.387138713871387,1718.9976142248702,228.25855841434296,1.0,1.0,255
1.3881388138813882,1579.6251075720588,232.8392924754866,1.0,1.0,255
1.3891389138913892,2222.246563301577,229.39706895428216,1.0,1.0,255
1.39013901390139,1979.131764500492,219.82233187732635,1.0,1.0,255
1.3911391139113911,1993.4702766373846,216.13176713094748,1.0,1.0,255
1.3921392139213922,1818.2455805030781,217.70542136337713,1.0,1.0,255
1.3931393139313932,1658.3293179054651,221.74671592307104,1.0,1.0,255
1.394139413941394,1828.2832728626754,218.68561600861153,1.0,1.0,255
1.3951395139513951,2158.6557341847856,215.39600553936359,1.0,1.0,255
1.3961396139613962,2334.9827944278163,211.33540032561635,1.0,1.0,255
1.3971397139713972,1955.5356470934996,211.2478008567718,1.0,1.0,255
1.398139813981398,1811.1868060677818,215.3247991666923,1.0,1.0,255
1.3991399139913991,1889.6432504822587,217.97439813270907,1.0,1.0,255
1.4001400140014002,1876.409547014167,217.47437530608454,1.0,1.0,255
1.401140114011401,1861.1108385920597,216.7545034413282,1.0,1.0,255
1.402140214021402,2311.9150975328175,214.66544286827116,1.0,1.0,255
1.4031403140314032,1857.7041602100733,214.70589870197645,1.0,1.0,255
1.4041404140414042,2246.381027579383,212.75943993515625,1.0,1.0,255
1.405140514051405,2067.370254491755,209.01882508503695,1.0,1.0,255
1.4061406140614061,1943.388472777588,205.0948308330762,1.0,1.0,255
1.4071407140714072,1799.171979472877,201.98571615766116,1.0,1.0,255
1.4081408140814082,1843.4232084004454,201.95609904272703,1.0,1.0,255
1.409140914091409,1557.9809221067192,209.80730223953836,1.0,1.0,255
1.4101410141014101,2250.8398036512276,212.94120127430432,1.0,1.0,255
1.4111411141114112,1787.3872126620527,212.4117320474235,1.0,1.0,255
1.4121412141214122,2282.6918106059265,215.68386995888025,1.0,1.0,255
1.413141314131413,1797.002687687559,218.7843913834264,1.0,1.0,255
1.4141414141414141,1958.5492040198292,201.3594507431714,1.0,1.0,255
1.4151415141514152,2332.0167649100626,201.86210775483312,1.0,1.0,255
1.416141614161416,2206.7930082960415,203.82751118725093,1.0,1.0,255
1.417141714171417,2224.815524674942,207.10069211716967,1.0,1.0,255
1.4181418141814182,2232.4232014700547,207.6037595858393,1.0,1.0,255
1.4191419141914192,2297.1547189436187,208.61235977228225,1.0,1.0,255
1.42014201420142,2268.8612218696444,210.95793426888957,1.0,1.0,255
1.4211421142114211,1785.947810523437,213.48919882394264,1.0,1.0,255
1.4221422142214222,2090.731070747181,213.9928766973372,1.0,1.0,255
1.4231423142314232,1994.8771199331989,205.02014349306907,1.0,1.0,255
1.424142414241424,2148.719251949532,203.4131330123086,1.0,1.0,255
1.4251425142514251,1903.9665716610273,202.31256942295823,1.0,1.0,255
1.4261426142614262,2076.7401138133487,191.512323519519,1.0,1.0,255
1.4271427142714272,1773.683026271593,196.75689618569493,1.0,1.0,255
1.428142814281428,2319.8164640940454,198.25393546184097,1.0,1.0,255
1.4291429142914291,1973.5171186429263,192.65943758836727,1.0,1.0,255
1.4301430143014302,2050.8687545140738,189.5660980508197,1.0,1.0,255
1.431143114311431,1879.494518678098,188.96620666321195,1.0,1.0,255
1.432143214321432,1796.515605674229,182.32268561614802,1.0,1.0,255
1.4331433143314332,1857.9650090188545,184.49896396459772,1.0,1.0,255
1.4341434143414342,2249.8919322325937,187.50110795350665,1.0,1.0,255
1.435143514351435,1903.1616303635656,188.58781772835258,1.0,1.0,255
1.4361436143614361,1921.3116615410693,190.9779634037899,1.0,1.0,255
1.4371437143714372,1790.2091861798526,189.55373196469023,1.0,1.0,255
1.4381438143814382,2184.4490662873063,182.9152154418776,1.0,1.0,255
1.439143914391439,1953.5369815646927,181.3195445445522,1.0,1.0,255
1.4401440144014401,2171.765899844686,182.41749783145576,1.0,1.0,255
1.4411441144114412,1939.7262610578528,183.49237814304632,1.0,1.0,255
1.4421442144214422,1538.8176713367943,189.08093632637207,1.0,1.0,255
1.443144314431443,2195.8383409632743,184.24428950374684,1.0,1.0,255
1.4441444144414441,2201.8871594051334,182.927698149103,1.0,1.0,255
1.4451445144514452,1938.1329791603373,182.91192388220054,1.0,1.0,255
1.446144614461446,1950.003304715301,179.1322018993382,1.0,1.0,255
1.447144714471447,2583.1472495715298,187.98585983263882,1.0,1.0,255
1.4481448144814482,2311.822269602657,188.52604134604758,1.0,1.0,255
1.4491449144914492,1899.5113728713354,188.32867889826605,1.0,1.0,255
1.45014501450145,2255.5199373510577,189.0472685855705,1.0,1.0,255
1.4511451145114511,2334.864562965425,191.0467766167202,1.0,1.0,255
1.4521452145214522,1799.5977353843382,190.73651995837702,1.0,1.0,255
1.4531453145314532,2445.363836853279,194.87787989964414,1.0,1.0,255
1.454145414541454,1711.2039086036873,197.64618117598272,1.0,1.0,255
1.4551455145514551,1765.0829527820401,202.91711703050674,1.0,1.0,255
1.4561456145614562,2120.513412350144,202.27515473306136,1.0,1.0,255
1.4571457145714573,2258.405266896446,201.50669966044785,1.0,1.0,255
1.458145814581458,2131.6077640123167,199.08731910870313,1.0,1.0,255
1.4591459145914591,2351.360209767287,195.35414174618325,1.0,1.0,255
1.4601460146014602,2006.8465036572463,192.12041560001376,1.0,1.0,255
1.461146114611461,1987.4140771144212,188.11987831096639,1.0,1.0,255
1.462146214621462,1763.837879060589,189.10928451763604,1.0,1.0,255
1.4631463146314632,1832.8804276313217,188.39172971876079,1.0,1.0,255
1.4641464146414642,1957.0740517454735,188.42123276424786,1.0,1.0,255
1.465146514651465,1965.294723085567,184.3950030043353,1.0,1.0,255
1.4661466146614661,2044.4327900699125,181.29048703701625,1.0,1.0,255
1.4671467146714672,2086.1708366158955,178.51759327583525,1.0,1.0,255
1.4681468146814682,2256.6425588180537,179.00198042279533,1.0,1.0,255
1.469146914691469,1927.477134295695,176.429343358009,1.0,1.0,255
1.4701470147014701,2395.6639285000165,178.96539749061645,1.0,1.0,255
1.4711471147114712,2257.6206042764516,177.91676578661423,1.0,1.0,255
1.4721472147214723,1930.382721925626,179.4144899331581,1.0,1.0,255
1.473147314731473,2229.963867563905,181.99130968310018,1.0,1.0,255
1.4741474147414741,2062.076801419507,180.25846067249972,1.0,1.0,255
1.4751475147514752,1696.7361737660367,184.4030686303995,1.0,1.0,255
1.476147614761476,2043.8127738927571,183.9120108762774,1.0,1.0,255
1.477147714771477,2164.9422894962468,180.76451719163418,1.0,1.0,255
1.4781478147814782,1921.695949725219,177.8542689152489,1.0,1.0,255
1.4791479147914792,2216.181767215549,179.72824663241838,1.0,1.0,255
1.48014801480148,1876.9762632017653,183.09134627810158,1.0,1.0,255
1.4811481148114811,2159.429450461404,181.9498256608917,1.0,1.0,255
1.4821482148214822,2141.84976553802,178.79713308513666,1.0,1.0,255
1.4831483148314832,2651.9648179910464,187.07572962533465,1.0,1.0,255
1.484148414841484,2109.414817916906,184.26618733902092,1.0,1.0,255
1.4851485148514851,2005.6590722933943,182.21623850042437,1.0,1.0,255
1.4861486148614862,2416.6151272018815,187.0547742752833,1.0,1.0,255
1.4871487148714873,2035.9881085604393,182.1391958276716,1.0,1.0,255
1.488148814881488,1779.262021927096,184.78497406338357,1.0,1.0,255
1.4891489148914892,2042.206662239544,183.01158044988654,1.0,1.0,255
1.4901490149014902,2271.9767246460874,185.01579694591456,1.0,1.0,255
1.491149114911491,1786.0644883312352,188.08903240044697,1.0,1.0,255
1.492149214921492,2164.66231369096,180.23863210100197,1.0,1.0,255
1.4931493149314932,2029.4325661816656,177.65321395810318,1.0,1.0,255
1.4941494149414942,2121.847514773619,176.05242106547288,1.0,1.0,255
1.495149514951495,2284.399025540648,178.58306115949262,1.0,1.0,255
1.4961496149614961,1922.6096724925314,179.13093380394798,1.0,1.0,255
1.4971497149714972,2328.0194448530033,174.02837770957748,1.0,1.0,255
1.4981498149814982,2033.9393269739755,169.03314577804483,1.0,1.0,255
1.499149914991499,1919.2731360554483,168.6379105143626,1.0,1.0,255
1.5001500150015001,1953.7194221934583,166.37312332347224,1.0,1.0,255
1.5011501150115012,1989.5380258990174,161.80507154618343,1.0,1.0,255
1.5021502150215023,2495.220155261891,165.78142935910802,1.0,1.0,255
1.503150315031503,1981.9688718336818,159.1547751853688,1.0,1.0,255
1.5041504150415042,2183.6896722832707,155.13264680310797,1.0,1.0,255
1.5051505150515052,2210.8249003839583,152.73080386642795,1.0,1.0,255
1.506150615061506,2082.591500811098,151.97236563564704,1.0,1.0,255
1.507150715071507,2297.270508637229,152.7496704704627,1.0,1.0,255
1.5081508150815082,2377.4402690009174,157.6663205702347,1.0,1.0,255
1.5091509150915092,2403.32689832635,158.70565434141596,1.0,1.0,255
1.51015101510151,1720.3190641491378,164.43620313157814,1.0,1.0,255
1.5111511151115111,2140.0437880588433,165.06536043504343,1.0,1.0,255
1.5121512151215122,2306.9805757676536,164.56172953160825,1.0,1.0,255
1.5131513151315132,1764.370835867529,165.93192136688413,1.0,1.0,255
1.514151415141514,2297.430547961104,169.10201336101562,1.0,1.0,255
1.5151515151515151,2375.181703704018,173.99154189680735,1.0,1.0,255
1.5161516151615162,1968.6143825368035,175.50791004746955,1.0,1.0,255
1.5171517151715173,2165.930640488613,177.10310612492387,1.0,1.0,255
1.518151815181518,1857.9446596998507,176.73136175456577,1.0,1.0,255
1.5191519151915192,2110.673055584814,175.57436555217595,1.0,1.0,255
1.5201520152015202,2102.508389813584,169.71125477844728,1.0,1.0,255
1.521152115211521,2085.571124950909,166.2702651919365,1.0,1.0,255
1.522152215221522,2580.235778357259,174.5626351975942,1.0,1.0,255
1.5231523152315232,2097.5214892492945,171.913787631302,1.0,1.0,255
1.5241524152415242,2371.2238387330817,178.0967283775735,1.0,1.0,255
1.525152515251525,1889.7372607981824,174.23670663693053,1.0,1.0,255
1.5261526152615261,2512.26295146964,183.4382211441785,1.0,1.0,255
1.5271527152715272,1801.0675869868248,186.0380236145171,1.0,1.0,255
1.5281528152815282,1837.0742749945132,187.7304571091312,1.0,1.0,255
1.529152915291529,1855.6186036886431,188.21444969104738,1.0,1.0,255
1.5301530153015301,1979.0824111342629,186.1723267323974,1.0,1.0,255
1.5311531153115312,1738.0368672924717,190.14300037731988,1.0,1.0,255
1.5321532153215323,1946.6299128656663,190.29340680924616,1.0,1.0,255
1.533153315331533,2262.6447432285167,182.50700531399553,1.0,1.0,255
1.5341534153415342,2111.642191719966,182.55155279005675,1.0,1.0,255
1.5351535153515352,1990.719199692479,182.85035024207508,1.0,1.0,255
1.536153615361536,2399.8590918888676,182.51522953581483,1.0,1.0,255
1.537153715371537,2212.8965294065206,185.57292229515403,1.0,1.0,255
1.5381538153815382,1892.6308445042935,183.30554584361005,1.0,1.0,255
1.5391539153915392,1845.5278152827955,187.239122782745,1.0,1.0,255
1.54015401540154,2133.982849665646,184.47924528313618,1.0,1.0,255
1.5411541154115411,2147.2059174149663,181.22465339806018,1.0,1.0,255
1.5421542154215422,1938.6292879464281,181.07882136531248,1.0,1.0,255
1.5431543154315432,1882.0836367535653,184.0257999538745,1.0,1.0,255
1.544154415441544,1905.3551268759907,185.40174712088225,1.0,1.0,255
1.5451545154515451,1969.886721731519,182.23603217543896,1.0,1.0,255
1.5461546154615462,1469.7135834443839,191.29395395640196,1.0,1.0,255
1.5471547154715473,1734.731035970708,191.95894433992768,1.0,1.0,255
1.548154815481548,2076.3179125408647,192.24408913022452,1.0,1.0,255
1.5491549154915492,2095.3620539045273,190.616792929424,1.0,1.0,255
1.5501550155015502,1951.4224993482594,190.662731386328,1.0,1.0,255
1.5511551155115513,1740.9159281323025,195.63517334166227,1.0,1.0,255
1.5521552155215521,1753.494554748363,192.5808791414571,1.0,1.0,255
1.5531553155315532,2064.5154677914707,191.5905659339602,1.0,1.0,255
1.5541554155415542,1715.0584212973718,195.53560406234735,1.0,1.0,255
1.555155515551555,1676.7533961317108,199.70403813203393,1.0,1.0,255
1.5561556155615561,1988.5810290841443,200.2005875341291,1.0,1.0,255
1.5571557155715572,2146.001993568622,197.17521723275695,1.0,1.0,255
1.5581558155815582,2218.4337213691724,193.99508628012208,1.0,1.0,255
1.559155915591559,1777.9581323748603,192.28938566609787,1.0,1.0,255
1.5601560156015601,2212.5697919742183,189.02716278856497,1.0,1.0,255
1.5611561156115612,1925.2142163975802,189.6420026994365,1.0,1.0,255
1.5621562156215623,1749.250544432876,190.4373802954259,1.0,1.0,255
1.563156315631563,1695.9447136368988,191.80590274003853,1.0,1.0,255
1.5641564156415642,2031.852165738637,187.14024846604372,1.0,1.0,255
1.5651565156515652,2097.0804508491783,181.5782234089469,1.0,1.0,255
1.5661566156615663,2165.7499672610456,182.3455104049039,1.0,1.0,255
1.5671567156715671,1562.9971416872422,189.68695476138674,1.0,1.0,255
1.5681568156815682,2285.1331446114195,190.62851084761212,1.0,1.0,255
1.5691569156915692,2025.3719556492697,189.8276106229305,1.0,1.0,255
1.57015701570157,1794.0037826324806,193.8173671740092,1.0,1.0,255
1.5711571157115711,1893.325360207847,196.1594374708341,1.0,1.0,255
1.5721572157215722,1894.37823370664,188.5871572295561,1.0,1.0,255
1.5731573157315732,2133.8052806533597,189.3128330576374,1.0,1.0,255
1.574157415741574,1951.295804065929,184.78244020165724,1.0,1.0,255
1.5751575157515751,1736.4897103022913,187.84739121157494,1.0,1.0,255
1.5761576157615762,1903.7295161352044,181.44754185947815,1.0,1.0,255
1.5771577157715773,2116.873694840587,177.8863674960264,1.0,1.0,255
1.578157815781578,1518.313666725718,184.2615796614023,1.0,1.0,255
1.5791579157915792,2058.5081019734885,180.6241137746449,1.0,1.0,255
1.5801580158015802,1778.6554770930927,184.6326524554683,1.0,1.0,255
1.5811581158115813,2038.4589500678685,178.6242107999604,1.0,1.0,255
1.5821582158215821,2371.74118800562,183.07163281738613,1.0,1.0,255
1.5831583158315832,2140.7840000736824,180.63441795428946,1.0,1.0,255
1.5841584158415842,2595.971346538969,190.3210010506695,1.0,1.0,255
1.585158515851585,1968.0633625527025,190.77411779346502,1.0,1.0,255
1.5861586158615861,2042.465719383513,183.84762156801742,1.0,1.0,255
1.5871587158715872,2019.1964687646534,181.12576160459395,1.0,1.0,255
1.5881588158815882,2043.3119696229421,178.11213910222102,1.0,1.0,255
1.589158915891589,2055.1285219141414,174.2052658461597,1.0,1.0,255
1.5901590159015901,1743.366289823782,178.5782830563712,1.0,1.0,255
1.5911591159115912,1960.6042932596588,178.34207884287866,1.0,1.0,255
1.5921592159215923,1541.2783576965826,186.28909744787558,1.0,1.0,255
1.593159315931593,1994.3160067550748,184.04445004784537,1.0,1.0,255
1.5941594159415942,2262.235813894544,185.4762688632561,1.0,1.0,255
1.5951595159515952,2174.175971452865,186.4375227269438,1.0,1.0,255
1.5961596159615963,2024.251415865736,175.34676607851674,1.0,1.0,255
1.5971597159715971,1862.4455340266313,172.79247611739825,1.0,1.0,255
1.5981598159815982,2071.8850758366375,172.70381938331371,1.0,1.0,255
1.5991599159915992,2299.5813463926447,176.78820523307607,1.0,1.0,255
1.6001600160016,2074.6408626439606,175.3894724729205,1.0,1.0,255
1.6011601160116011,2073.510597674415,169.75800298905483,1.0,1.0,255
1.6021602160216022,2230.6438745343185,167.52077157470845,1.0,1.0,255
1.6031603160316032,2098.044737354229,168.1913569659636,1.0,1.0,255
1.604160416041604,2121.7893116388254,163.0083116246875,1.0,1.0,255
1.6051605160516051,2108.667410880952,156.79672776494078,1.0,1.0,255
1.6061606160616062,2316.583797299016,160.98002429260404,1.0,1.0,255
1.6071607160716073,2251.4214758516528,163.0884139382646,1.0,1.0,255
1.608160816081608,1812.458625052952,164.39056700982212,1.0,1.0,255
1.6091609160916092,2026.6717128702214,159.41629539991493,1.0,1.0,255
1.6101610161016102,2138.0491188678443,157.9258819377874,1.0,1.0,255
1.6111611161116113,1924.7910808559889,157.93434464861923,1.0,1.0,255
1.6121612161216121,1699.9143644948606,158.92106824737957,1.0,1.0,255
1.6131613161316132,1943.2996828884827,153.97396886234787,1.0,1.0,255
1.6141614161416142,1439.68696289126,165.81727291929542,1.0,1.0,255
1.615161516151615,1809.5390186995937,169.60488352832,1.0,1.0,255
1.6161616161616161,2094.1501930645713,168.1728880443905,1.0,1.0,255
1.6171617161716172,1785.664135196234,163.71954817421064,1.0,1.0,255
1.6181618161816183,1658.5817970112498,166.7652493417573,1.0,1.0,255
1.619161916191619,1934.7390102003067,168.57790825073656,1.0,1.0,255
1.6201620162016201,1871.4620358433895,167.02874318651837,1.0,1.0,255
1.6211621162116212,1888.6356704237244,167.1225369822008,1.0,1.0,255
1.6221622162216223,1839.400603402908,168.22208958827545,1.0,1.0,255
1.623162316231623,1791.1638823184842,171.6427063288386,1.0,1.0,255
1.6241624162416242,1406.5472282872786,182.53767784441163,1.0,1.0,255
1.6251625162516252,1704.8734590872875,183.17000286871172,1.0,1.0,255
1.6261626162616263,2050.2267089645634,180.32912737070703,1.0,1.0,255
1.6271627162716271,2240.450143612853,182.80065634615232,1.0,1.0,255
1.6281628162816282,1770.2558424776894,177.76181283111293,1.0,1.0,255
1.6291629162916292,1903.8840357479326,180.4339700766845,1.0,1.0,255
1.63016301630163,2254.2125832054676,179.1713312826557,1.0,1.0,255
1.6311631163116311,1985.8879270090517,180.22275174383208,1.0,1.0,255
1.6321632163216322,2049.085168346694,173.7696313506535,1.0,1.0,255
1.6331633163316333,2014.3373258844142,172.5872048314916,1.0,1.0,255
1.634163416341634,1861.2521594409657,165.36273471189287,1.0,1.0,255
1.6351635163516351,1917.8786618129388,166.36642872668818,1.0,1.0,255
1.6361636163616362,2484.541701833102,174.98657715102047,1.0,1.0,255
1.6371637163716373,1886.3036986775066,177.64443255276342,1.0,1.0,255
1.638163816381638,1959.1537860220776,179.32759622478076,1.0,1.0,255
1.6391639163916392,2260.0186482210142,183.42539875091816,1.0,1.0,255
1.6401640164016402,2021.5154218690268,177.8624161100132,1.0,1.0,255
1.6411641164116413,2116.8012548765905,177.49052707273825,1.0,1.0,255
1.6421642164216421,2089.8861053524543,168.19381633371896,1.0,1.0,255
1.6431643164316432,1483.3344235746856,178.41344799732673,1.0,1.0,255
1.6441644164416442,2046.2487055789616,174.1637576078566,1.0,1.0,255
1.645164516451645,1780.0599677581058,176.99903882363725,1.0,1.0,255
1.6461646164616461,2212.7931877648525,179.819930896249,1.0,1.0,255
1.6471647164716472,2066.9594431795235,176.48803044037203,1.0,1.0,255
1.6481648164816483,2022.6207890355709,176.5179131429279,1.0,1.0,255
1.649164916491649,1578.33091023821,180.87966801031078,1.0,1.0,255
1.6501650165016502,1907.8757542277206,183.1493356728772,1.0,1.0,255
1.6511651165116512,1800.049735118932,187.59812901701025,1.0,1.0,255
1.6521652165216523,2117.3435490881984,185.33212250808788,1.0,1.0,255
1.653165316531653,2383.6045581810854,191.04331892462497,1.0,1.0,255
1.6541654165416542,1905.675111932551,192.41403045319748,1.0,1.0,255
1.6551655165516552,2099.6152709412772,192.23298765440398,1.0,1.0,255
1.6561656165616563,2074.790936630667,187.397130441037,1.0,1.0,255
1.6571657165716571,2097.358430007359,184.31586952415114,1.0,1.0,255
1.6581658165816582,2132.1184339668653,181.28741070454743,1.0,1.0,255
1.6591659165916592,1895.5215661011289,183.91041363992932,1.0,1.0,255
1.66016601660166,1983.9229840701341,183.3909715811698,1.0,1.0,255
1.6611661166116611,2585.6614120311724,191.68002143891295,1.0,1.0,255
1.6621662166216622,1796.7026122096613,189.74425648461693,1.0,1.0,255
1.6631663166316633,2326.910744062778,193.22846502364212,1.0,1.0,255
1.664166416641664,1846.9703200005858,185.08279788145563,1.0,1.0,255
1.6651665166516652,1995.5343560912052,181.3628911336234,1.0,1.0,255
1.6661666166616662,2184.9082351140883,183.17805197461374,1.0,1.0,255
1.6671667166716673,2298.3634681122207,182.93860404078276,1.0,1.0,255
1.668166816681668,2211.3737747818573,178.41771547664496,1.0,1.0,255
1.6691669166916692,1692.4201872554986,183.26409193554116,1.0,1.0,255
1.6701670167016702,1831.211903730175,184.06909457780546,1.0,1.0,255
1.6711671167116713,1988.273505410974,182.07633787806043,1.0,1.0,255
1.6721672167216721,2046.0758190078834,177.94283356596094,1.0,1.0,255
1.6731673167316732,1813.8821667651514,177.48846787702757,1.0,1.0,255
1.6741674167416742,2090.048922743398,165.50039089764113,1.0,1.0,255
1.675167516751675,2471.27833401262,167.1034267596393,1.0,1.0,255
1.6761676167616761,2133.6739943907787,168.77237246816358,1.0,1.0,255
1.6771677167716772,2189.335466908307,167.7500789340727,1.0,1.0,255
1.6781678167816783,1944.6487954439267,164.2622198747479,1.0,1.0,255
1.679167916791679,1901.7450613113128,164.3049993634803,1.0,1.0,255
1.6801680168016802,1901.5413257822597,163.10992118372576,1.0,1.0,255
1.6811681168116812,2063.0712329884464,162.16910438367574,1.0,1.0,255
1.6821682168216823,2205.638910762238,165.30017923198662,1.0,1.0,255
1.683168316831683,2066.58471786839,164.99862010704265,1.0,1.0,255
1.6841684168416842,2199.1072873173357,164.28580904220868,1.0,1.0,255
1.6851685168516852,1867.4266114048191,165.2948500503711,1.0,1.0,255
1.6861686168616863,2050.7571226356595,156.61915846642222,1.0,1.0,255
1.6871687168716871,2239.9215844702394,157.22366412937717,1.0,1.0,255
1.6881688168816882,2422.2799067846972,162.93233798551265,1.0,1.0,255
1.6891689168916892,2118.5174675542567,160.1023143721775,1.0,1.0,255
1.69016901690169,1610.3685381901835,168.32525204575438,1.0,1.0,255
1.6911691169116911,2310.5828423374733,172.20088379497204,1.0,1.0,255
1.6921692169216922,1999.6026561548629,172.3311085648257,1.0,1.0,255
1.6931693169316933,2176.8722533722394,163.6152421037642,1.0,1.0,255
1.694169416941694,2136.86333956775,165.35748300669843,1.0,1.0,255
1.6951695169516952,2024.3804004541262,160.471074352778,1.0,1.0,255
1.6961696169616962,2460.3638198491894,165.42248699446475,1.0,1.0,255
1.6971697169716973,2014.6619674978265,165.71005878091776,1.0,1.0,255
1.698169816981698,1816.407590872846,169.83432274417225,1.0,1.0,255
1.6991699169916992,2371.908058543599,166.9191021198084,1.0,1.0,255
1.7001700170017002,2561.914022409398,174.39489765255078,1.0,1.0,255
1.7011701170117013,1560.0224027770905,179.19544429938756,1.0,1.0,255
1.7021702170217021,1903.487314990229,180.69882701781907,1.0,1.0,255
1.7031703170317032,1863.49113163341,177.67691322152916,1.0,1.0,255
1.7041704170417042,1950.7647009816094,176.77512144054802,1.0,1.0,255
1.705170517051705,1912.7619069598497,178.44757788252548,1.0,1.0,255
1.7061706170617061,2430.940060923691,185.57056036838597,1.0,1.0,255
1.7071707170717072,2219.1889045035114,188.007169858309,1.0,1.0,255
1.7081708170817083,2363.9881400957665,192.64456398088703,1.0,1.0,255
1.709170917091709,1734.4640799706633,195.86571370349634,1.0,1.0,255
1.7101710171017102,1691.8618921495156,201.70693554190868,1.0,1.0,255
1.7111711171117112,2413.455708991431,198.26282148111386,1.0,1.0,255
1.7121712171217123,2018.4138424938285,193.82859687543052,1.0,1.0,255
1.7131713171317131,2218.1900136919403,191.65418226801376,1.0,1.0,255
1.7141714171417142,2350.5569942034763,193.684728552095,1.0,1.0,255
1.7151715171517152,1495.1957760106143,203.6915001537068,1.0,1.0,255
1.7161716171617163,2134.7415751354365,202.68816695413375,1.0,1.0,255
1.7171717171717171,2320.1068143211937,203.1230338783133,1.0,1.0,255
1.7181718171817182,2000.0602424057868,200.81435353456044,1.0,1.0,255
1.7191719171917192,2014.555450988907,194.37164825989225,1.0,1.0,255
1.72017201720172,2212.9518081101064,193.33492249669789,1.0,1.0,255
1.7211721172117211,2109.4191890534557,193.3687763859865,1.0,1.0,255
1.7221722172217222,1913.3594461817643,196.02310384250882,1.0,1.0,255
1.7231723172317233,2109.751786312026,192.57578290405243,1.0,1.0,255
1.724172417241724,2172.963108377733,194.23406661673909,1.0,1.0,255
1.7251725172517252,2066.1988343539974,186.13247662356665,1.0,1.0,255
1.7261726172617262,1249.7972504524093,200.38305172670283,1.0,1.0,255
1.7271727172717273,1974.646538754073,199.02341161345524,1.0,1.0,255
1.7281728172817281,2316.897800504005,202.33434353241384,1.0,1.0,255
1.7291729172917292,1779.3953861022806,204.78133703659452,1.0,1.0,255
1.7301730173017302,2361.587714023265,208.12391783270496,1.0,1.0,255
1.7311731173117313,2326.603946723824,213.39457210741256,1.0,1.0,255
1.7321732173217321,2089.9516981589154,211.08082785534612,1.0,1.0,255
1.7331733173317332,1994.6586375326087,211.77596074732617,1.0,1.0,255
1.7341734173417342,1918.6901370206504,211.34001226056643,1.0,1.0,255
1.735173517351735,1897.7936730388453,210.7326710278859,1.0,1.0,255
1.7361736173617361,1758.7049419887212,216.4634297353983,1.0,1.0,255
1.7371737173717372,2077.1096334690938,213.20719071537536,1.0,1.0,255
1.7381738173817383,2482.3787219223627,214.40916701812867,1.0,1.0,255
1.739173917391739,1658.1045180510814,220.79672730602198,1.0,1.0,255
1.7401740174017402,2096.365977692827,213.0114176236822,1.0,1.0,255
1.7411741174117412,1607.6802264157047,216.56615624861865,1.0,1.0,255
1.7421742174217423,1907.8883470194992,218.40044243132593,1.0,1.0,255
1.7431743174317431,2219.0211490508505,219.24342034489814,1.0,1.0,255
1.7441744174417442,2185.5796736808966,220.2177470271611,1.0,1.0,255
1.7451745174517452,1708.5725282359076,226.53390447152543,1.0,1.0,255
1.7461746174617463,2036.3660568523192,218.51930693749523,1.0,1.0,255
1.7471747174717471,1838.436454755321,222.0438171923454,1.0,1.0,255
1.7481748174817482,2443.8928662781027,225.32982633536434,1.0,1.0,255
1.7491749174917492,2173.9457187214352,221.37057953892108,1.0,1.0,255
1.75017501750175,1992.4425162571915,212.20344876558923,1.0,1.0,255
1.7511751175117511,2095.748109128927,203.39885900370962,1.0,1.0,255
1.7521752175217522,2095.084163126187,201.4502885660379,1.0,1.0,255
1.7531753175317533,1737.079003752669,203.97853112365271,1.0,1.0,255
1.754175417541754,2095.593077363805,202.98568669056095,1.0,1.0,255
1.7551755175517552,2056.6153222967077,200.45323127569213,1.0,1.0,255
1.7561756175617562,1621.953172202182,201.31536661317466,1.0,1.0,255
1.7571757175717573,2200.9967226445956,200.95152297599637,1.0,1.0,255
1.7581758175817581,2256.9407596397227,198.8105753668755,1.0,1.0,255
1.7591759175917592,2105.010556108691,193.68006808846255,1.0,1.0,255
1.7601760176017602,1759.0856395964984,192.3355931395229,1.0,1.0,255
1.7611761176117613,1775.3293731788926,190.47989149611644,1.0,1.0,255
1.7621762176217621,2325.5708120646755,195.4395845872865,1.0,1.0,255
1.7631763176317632,2230.9956639979578,195.69569759340683,1.0,1.0,255
1.7641764176417642,2310.8470358982113,194.90149842730156,1.0,1.0,255
1.765176517651765,1933.6873025900009,186.1316678957138,1.0,1.0,255
1.7661766176617661,2281.3474994054995,189.0637863811151,1.0,1.0,255
1.7671767176717672,2287.1421645692176,188.40449338607553,1.0,1.0,255
1.7681768176817683,1974.9863771650982,188.9059706908893,1.0,1.0,255
1.769176917691769,1671.1173375765247,195.77473295913697,1.0,1.0,255
1.7701770177017702,2268.4818015342,196.88533282761884,1.0,1.0,255
1.7711771177117712,1945.2847236708421,197.71125457313286,1.0,1.0,255
1.7721772177217723,2127.8755061537313,196.61595361984283,1.0,1.0,255
1.7731773177317731,2154.2548510784545,197.5060149151714,1.0,1.0,255
1.7741774177417742,1897.6727124766055,198.0132984980846,1.0,1.0,255
1.7751775177517752,2161.7851153171796,199.92502411734824,1.0,1.0,255
1.7761776177617763,2076.468389591469,184.5303369182258,1.0,1.0,255
1.7771777177717771,1879.0923500023284,186.4414206932607,1.0,1.0,255
1.7781778177817782,2341.1895856575325,186.92725639633125,1.0,1.0,255
1.7791779177917793,1989.4231388481685,182.7267013414135,1.0,1.0,255
1.78017801780178,2236.5860735211745,180.2266685313717,1.0,1.0,255
1.7811781178117811,2286.0707175129564,179.4160039471544,1.0,1.0,255
1.7821782178217822,2344.152843447126,184.5000268529186,1.0,1.0,255
1.7831783178317833,2004.299232591334,184.30721495174413,1.0,1.0,255
1.784178417841784,1487.831779399113,192.92438210417487,1.0,1.0,255
1.7851785178517852,2276.151443163058,194.4832844282129,1.0,1.0,255
1.7861786178617862,1807.9247490823611,193.49888828634005,1.0,1.0,255
1.7871787178717873,1927.2176605169484,195.33234240661923,1.0,1.0,255
1.7881788178817881,2118.92381083365,188.06324418484502,1.0,1.0,255
1.7891789178917892,2048.3629169473224,180.2725928848131,1.0,1.0,255
1.7901790179017902,2041.7327290264207,179.43061875042818,1.0,1.0,255
1.7911791179117913,1733.59978335504,176.9122276116415,1.0,1.0,255
1.7921792179217921,2340.0847351358098,179.9516892547477,1.0,1.0,255
1.7931793179317932,2107.422189692432,177.71971006757929,1.0,1.0,255
1.7941794179417943,2257.40183277929,179.1561532495472,1.0,1.0,255
1.795179517951795,2095.64825259245,173.3205688661143,1.0,1.0,255
1.7961796179617961,2010.4486896145183,173.8389162108703,1.0,1.0,255
1.7971797179717972,1567.275158495569,179.2621421360653,1.0,1.0,255
1.7981798179817983,2293.850141003837,176.26128763058006,1.0,1.0,255
1.799179917991799,2006.4396097509998,174.57358106113134,1.0,1.0,255
1.8001800180018002,2408.3639278339506,180.66970994295417,1.0,1.0,255
1.8011801180118012,1703.5004735945886,186.60473828848387,1.0,1.0,255
1.8021802180218023,2353.025158703538,191.7635582000309,1.0,1.0,255
1.8031803180318031,2327.2534884358565,191.1302080438014,1.0,1.0,255
1.8041804180418042,2177.969993482169,192.7777463661687,1.0,1.0,255
1.8051805180518052,1626.1008252126014,201.04342341598255,1.0,1.0,255
1.8061806180618063,1641.1505424776944,200.65947601047228,1.0,1.0,255
1.8071807180718071,2223.0888311212616,201.10131818000553,1.0,1.0,255
1.8081808180818082,1597.4922097510903,205.93265879218933,1.0,1.0,255
1.8091809180918093,2571.636933290806,215.2651863358316,1.0,1.0,255
1.81018101810181,1804.4057182848567,214.35878476206443,1.0,1.0,255
1.8111811181118112,1803.1471692632535,213.8024288403772,1.0,1.0,255
1.8121812181218122,1717.042297227634,214.87016665453103,1.0,1.0,255
1.8131813181318133,1797.3726797915144,216.22279977874157,1.0,1.0,255
1.814181418141814,2044.7403534031432,211.03105199271445,1.0,1.0,255
1.8151815181518152,2228.9244030275804,212.3632861050661,1.0,1.0,255
1.8161816181618162,2424.0336219658498,215.2170085562731,1.0,1.0,255
1.8171817181718173,1893.5859670282703,213.52244592432336,1.0,1.0,255
1.8181818181818181,2235.6558601814104,215.8152906712535,1.0,1.0,255
1.8191819181918192,1915.2698651756991,210.93224011926998,1.0,1.0,255
1.8201820182018202,1673.6954713648327,214.00869466128938,1.0,1.0,255
1.8211821182118213,2222.188122462832,215.4381515839629,1.0,1.0,255
1.8221822182218221,2149.897801847771,215.87859749784366,1.0,1.0,255
1.8231823182318232,2009.1133267823502,214.53123394062757,1.0,1.0,255
1.8241824182418243,2056.4005698994715,211.69269958814914,1.0,1.0,255
1.825182518251825,2253.4672271239365,213.5263418242843,1.0,1.0,255
1.8261826182618262,1987.4881313624967,214.16721140520497,1.0,1.0,255
1.8271827182718272,2566.198304727828,221.15302449980808,1.0,1.0,255
1.8281828182818283,2184.0853396543353,218.01093957974416,1.0,1.0,255
1.829182918291829,2332.1213716355314,222.52182978941812,1.0,1.0,255
1.8301830183018302,2263.340540128392,223.05691912156246,1.0,1.0,255
1.8311831183118312,2085.7426590934147,219.0503579531717,1.0,1.0,255
1.8321832183218323,1952.2944904778778,215.04141127467162,1.0,1.0,255
1.8331833183318331,1711.8715177759702,220.8899655709789,1.0,1.0,255
1.8341834183418342,1851.8384564226708,213.6098320305077,1.0,1.0,255
1.8351835183518352,2090.600194861982,209.89880706448614,1.0,1.0,255
1.8361836183618363,1865.4416269973235,208.7484695061869,1.0,1.0,255
1.8371837183718371,1759.9940228897144,212.09294225873157,1.0,1.0,255
1.8381838183818382,2041.5341477556692,210.80378308694517,1.0,1.0,255
1.8391839183918393,2067.5705335076623,211.18793541815202,1.0,1.0,255
1.84018401840184,2053.7471585403887,211.17753316948824,1.0,1.0,255
1.8411841184118412,1723.1996035366444,211.38553676585613,1.0,1.0,255
1.8421842184218422,1876.2961326261527,208.9779194106169,1.0,1.0,255
1.8431843184318433,2064.302563186618,208.11552688050062,1.0,1.0,255
1.844184418441844,2141.307230019457,205.79363482530397,1.0,1.0,255
1.8451845184518452,1872.1947887989159,208.35677399747664,1.0,1.0,255
1.8461846184618462,1946.1523891255797,209.64270000725546,1.0,1.0,255
1.8471847184718473,1972.490643134751,201.5383903144717,1.0,1.0,255
1.8481848184818481,1404.0029569867252,209.50132835466047,1.0,1.0,255
1.8491849184918492,1608.1778467759268,217.46656361416194,1.0,1.0,255
1.8501850185018502,2559.4524316307047,220.48833369009702,1.0,1.0,255
1.8511851185118513,2087.006508188962,214.37847332576803,1.0,1.0,255
1.8521852185218521,2325.0808965966303,213.81958808362987,1.0,1.0,255
1.8531853185318532,2536.8528832998945,218.01157598091052,1.0,1.0,255
1.8541854185418543,1673.8277413833625,222.89562128359995,1.0,1.0,255
1.855185518551855,1899.8736612443397,217.42016456296523,1.0,1.0,255
1.8561856185618562,1979.070300128692,210.66176940994526,1.0,1.0,255
1.8571857185718572,2082.785559926564,207.8557039860513,1.0,1.0,255
1.8581858185818583,1978.4082386884565,200.23738340730398,1.0,1.0,255
1.859185918591859,2170.088493326195,192.20641460801173,1.0,1.0,255
1.8601860186018602,2007.8052591201058,188.13842379130676,1.0,1.0,255
1.8611861186118612,2151.3831888217005,185.3090309530059,1.0,1.0,255
1.8621862186218623,1976.6436574833408,180.11700374789172,1.0,1.0,255
1.8631863186318631,2082.891643437537,175.80229021247277,1.0,1.0,255
1.8641864186418642,1873.8358184312033,179.22038091191155,1.0,1.0,255
1.8651865186518652,2002.9148223300103,176.50359640475975,1.0,1.0,255
1.8661866186618663,2207.784595858766,172.17861588261803,1.0,1.0,255
1.8671867186718671,1861.9862237838902,172.81061074750562,1.0,1.0,255
1.8681868186818682,2556.5380794435264,179.228255132748,1.0,1.0,255
1.8691869186918693,2084.767656514599,177.30900556655394,1.0,1.0,255
1.87018701870187,2216.0877765080713,173.184670524012,1.0,1.0,255
1.8711871187118712,1709.880799692373,176.46329208090793,1.0,1.0,255
1.8721872187218722,1946.5476159669342,176.4543837246138,1.0,1.0,255
1.8731873187318733,1564.6721118413122,185.34320802343456,1.0,1.0,255
1.8741874187418741,2298.129099920915,190.17777862386342,1.0,1.0,255
1.8751875187518752,2240.5637247811483,189.91970857700767,1.0,1.0,255
1.8761876187618762,2054.751143663476,188.84449407752712,1.0,1.0,255
1.8771877187718773,2101.470782882581,179.54994364062216,1.0,1.0,255
1.8781878187818781,1962.5934371674355,178.5363681041868,1.0,1.0,255
1.8791879187918792,2586.737146374677,183.62868359896964,1.0,1.0,255
1.8801880188018802,2433.6050396731694,187.0339735898652,1.0,1.0,255
1.8811881188118813,1861.993624365839,189.99924792068015,1.0,1.0,255
1.8821882188218821,2333.981294276533,193.80476361576837,1.0,1.0,255
1.8831883188318832,1968.437616205934,188.67344164716906,1.0,1.0,255
1.8841884188418843,2137.274944130562,186.5357096582337,1.0,1.0,255
1.885188518851885,1671.8875549587713,193.20595466181865,1.0,1.0,255
1.8861886188618862,1835.8986233919347,193.79681473392645,1.0,1.0,255
1.8871887188718872,1877.0618907002622,191.45545737771548,1.0,1.0,255
1.8881888188818883,2135.392589207332,193.0739921169755,1.0,1.0,255
1.8891889188918891,2299.2402002041476,197.70738545090518,1.0,1.0,255
1.8901890189018902,1965.114185751588,199.25015856506565,1.0,1.0,255
1.8911891189118912,1984.8848033764511,194.01645456826947,1.0,1.0,255
1.8921892189218923,1881.9034464403032,193.9043082919865,1.0,1.0,255
1.8931893189318931,1936.2906829165067,195.812443369924,1.0,1.0,255
1.8941894189418942,1649.0454752135004,201.9253892652649,1.0,1.0,255
1.8951895189518952,1959.9910819362894,200.16946340251744,1.0,1.0,255
1.8961896189618963,1252.9272523400396,214.0339661382282,1.0,1.0,255
1.8971897189718971,2183.477836792973,215.2333357367827,1.0,1.0,255
1.8981898189818982,2409.9849090246857,209.59309305701092,1.0,1.0,255
1.8991899189918993,1711.961447103267,207.51742105046415,1.0,1.0,255
1.9001900190019,1983.7991837149311,198.57238874355144,1.0,1.0,255
1.9011901190119012,1749.3523726425187,203.76521112692183,1.0,1.0,255
1.9021902190219022,2079.42285005829,198.852050196155,1.0,1.0,255
1.9031903190319033,2150.277410375815,191.12054073767342,1.0,1.0,255
1.9041904190419041,2265.6908966176034,187.9909134976928,1.0,1.0,255
1.9051905190519052,2122.0018848406635,186.50842441939284,1.0,1.0,255
1.9061906190619062,2242.7052885526496,189.0239361930197,1.0,1.0,255
1.9071907190719073,2138.594813638344,190.1401212672553,1.0,1.0,255
1.9081908190819081,2151.498621553399,190.8182584720924,1.0,1.0,255
1.9091909190919092,1688.6233605329428,195.56402139490962,1.0,1.0,255
1.9101910191019102,1798.1440648894497,199.75724527952272,1.0,1.0,255
1.9111911191119113,2214.886441423341,201.02731033155555,1.0,1.0,255
1.9121912191219121,1833.5162864594354,203.88985775203372,1.0,1.0,255
1.9131913191319132,2125.0938736733706,204.73390235675032,1.0,1.0,255
1.9141914191419143,2175.839875254374,203.80741623046185,1.0,1.0,255
1.915191519151915,2113.6135481574406,204.2179836402109,1.0,1.0,255
1.9161916191619162,2172.140918503173,203.50511009309906,1.0,1.0,255
1.9171917191719172,1435.0408785276613,212.04401699822364,1.0,1.0,255
1.9181918191819183,1870.5077894622445,205.42309962010822,1.0,1.0,255
1.9191919191919191,1933.2141398797353,206.98346369222153,1.0,1.0,255
1.9201920192019202,1609.815475862791,212.38539864480424,1.0,1.0,255
1.9211921192119212,1942.320347294441,207.73660769276293,1.0,1.0,255
1.9221922192219223,2059.32513624852,205.93406273707203,1.0,1.0,255
1.9231923192319231,1982.4625952920055,197.57825306805807,1.0,1.0,255
1.9241924192419242,2207.633327457157,195.76833761878297,1.0,1.0,255
1.9251925192519252,1822.9047022233603,196.41896907869275,1.0,1.0,255
1.9261926192619263,2447.087681515955,204.26569983574237,1.0,1.0,255
1.9271927192719271,2236.1615048991107,206.95951427607295,1.0,1.0,255
1.9281928192819282,1832.4628079251333,209.56212686091894,1.0,1.0,255
1.9291929192919293,2017.3015287785008,199.40135335785544,1.0,1.0,255
1.93019301930193,1511.0855454571733,202.42754165524858,1.0,1.0,255
1.9311931193119312,1762.6325101141188,204.41476394028294,1.0,1.0,255
1.9321932193219322,2849.7708379181186,214.73055481311468,1.0,1.0,255
1.9331933193319333,1703.255563591863,220.0341958653961,1.0,1.0,255
1.9341934193419341,2522.207341414618,227.73284381107717,1.0,1.0,255
1.9351935193519352,1906.260461637268,223.04538567750726,1.0,1.0,255
1.9361936193619362,1693.9400169035885,225.88455780727418,1.0,1.0,255
1.9371937193719373,1581.9187958154985,231.78741970496947,1.0,1.0,255
1.9381938193819381,2100.8068120227263,231.09570416127733,1.0,1.0,255
1.9391939193919392,1969.3016450427137,227.64486725634015,1.0,1.0,255
1.9401940194019403,2792.8524373530327,240.88419971843254,1.0,1.0,255
1.9411941194119413,1771.0398648614214,245.16109848873316,1.0,1.0,255
1.9421942194219421,2366.226234184084,248.20369210122095,1.0,1.0,255
1.9431943194319432,1988.6472315395613,247.1565611287598,1.0,1.0,255
1.9441944194419443,1654.1143288696126,247.05518405563754,1.0,1.0,255
1.945194519451945,2198.713815195623,248.30928199827576,1.0,1.0,255
1.9461946194619462,1595.0517569356957,241.46679190636263,1.0,1.0,255
1.9471947194719472,1747.6048507931378,244.76513815464045,1.0,1.0,255
1.9481948194819483,2195.8767773454697,240.48297552105612,1.0,1.0,255
1.9491949194919491,1932.2965526811133,236.07627340949924,1.0,1.0,255
1.9501950195019502,2217.3992927788145,238.18024293937415,1.0,1.0,255
1.9511951195119512,1874.4841961829934,235.67760646856468,1.0,1.0,255
1.9521952195219523,1981.8246335581764,236.3726567962353,1.0,1.0,255
1.9531953195319531,2342.7393659248683,240.22189590721635,1.0,1.0,255
1.9541954195419542,1991.4688822241733,236.99870033038079,1.0,1.0,255
1.9551955195519553,2360.6214366514905,241.77109136659735,1.0,1.0,255
1.9561956195619563,1745.7942645640933,243.9211003042625,1.0,1.0,255
1.9571957195719571,1721.128423497375,248.6466355615481,1.0,1.0,255
1.9581958195819582,1752.4480663864067,252.48770180275196,1.0,1.0,255
1.9591959195919593,2208.3868547075185,248.50790610756118,1.0,1.0,255
1.96019601960196,2230.146940977127,247.15372622489278,1.0,1.0,255
1.9611961196119612,1823.4381023127285,248.30723535017137,1.0,1.0,255
1.9621962196219622,1866.7202184368603,247.64315671062286,1.0,1.0,255
1.9631963196319633,2212.7804833182017,249.3968889035195,1.0,1.0,255
1.9641964196419641,1804.54141830376,251.70926303235683,1.0,1.0,255
1.9651965196519652,2240.3821830156603,254.24463572952118,1.0,1.0,255
1.9661966196619662,2501.348577565436,260.82878891076643,1.0,1.0,255
1.9671967196719673,2186.5164937393324,251.33993635610634,1.0,1.0,255
1.9681968196819681,1864.9995196923185,251.45010175150483,1.0,1.0,255
1.9691969196919692,1918.9328651515598,251.73572724606834,1.0,1.0,255
1.9701970197019703,1989.880399386662,244.1344287755909,1.0,1.0,255
1.9711971197119713,2154.4649275815914,244.15013427311155,1.0,1.0,255
1.9721972197219722,2691.5064923787527,256.7937613957163,1.0,1.0,255
1.9731973197319732,1873.1774915778394,258.97946346999953,1.0,1.0,255
1.9741974197419743,2078.045487026467,256.3877066613857,1.0,1.0,255
1.975197519751975,2093.9109490362525,252.80401968657796,1.0,1.0,255
1.9761976197619762,1742.6900379129609,250.92846529799968,1.0,1.0,255
1.9771977197719772,2063.7984996531445,247.48120519308043,1.0,1.0,255
1.9781978197819783,1915.328070627806,245.82389993902692,1.0,1.0,255
1.9791979197919791,1899.3325561359256,248.18327939187847,1.0,1.0,255
1.9801980198019802,2267.9756231023357,241.84450276306868,1.0,1.0,255
1.9811981198119812,2081.9669458601284,236.81649188255352,1.0,1.0,255
1.9821982198219823,2108.67649524138,221.99460502901886,1.0,1.0,255
1.9831983198319831,2091.8750906191235,215.97721811323856,1.0,1.0,255
1.9841984198419842,1804.4777240886838,211.36351680317253,1.0,1.0,255
1.9851985198519853,2172.4622156026703,211.01797034797136,1.0,1.0,255
1.9861986198619863,1688.9896625599156,211.11697743484478,1.0,1.0,255
1.9871987198719872,2156.2556635451247,203.9604666220572,1.0,1.0,255
1.9881988198819882,2074.240279500396,203.42913597161063,1.0,1.0,255
1.9891989198919893,2004.5909481509912,202.72334990944506,1.0,1.0,255
1.99019901990199,2209.4064046888934,191.05442925616234,1.0,1.0,255
1.9911991199119912,2140.331700873189,187.36186057085456,1.0,1.0,255
1.9921992199219922,2167.5551890529186,183.38843966823126,1.0,1.0,255
1.9931993199319933,2145.308465921295,184.14755361744832,1.0,1.0,255
1.9941994199419941,2306.032212086615,181.43048443657293,1.0,1.0,255
1.9951995199519952,1882.4095406849647,181.72801731896115,1.0,1.0,255
1.9961996199619962,2094.6072172477334,173.60119680262972,1.0,1.0,255
1.9971997199719973,2180.313825917905,170.23957033685056,1.0,1.0,255
1.9981998199819981,2075.0037970242174,167.8221107304255,1.0,1.0,255
1.9991999199919992,2371.089192291857,171.96982562988487,1.0,1.0,255
2.000200020002,1391.220906504309,181.7174216442224,1.0,1.0,255
2.001200120012001,738.0085991274727,204.44693358533289,1.0,1.0,255
2.002200220022002,1197.7594150715836,220.12823795506472,1.0,1.0,255
2.003200320032003,4095.0,255.1734506365674,1.0,1.0,255
2.0042004200420043,0.0,295.0028282810509,1.0,1.0,255
2.0052005200520053,1086.3572728632885,307.9832540907553,1.0,1.0,255
2.0062006200620064,483.81959709021544,333.22274744023275,1.0,1.0,255
2.007200720072007,1962.1692109428536,328.40193169132317,1.0,1.0,255
2.008200820082008,776.6779152227118,347.9173347145971,1.0,1.0,255
2.009200920092009,0.0,385.6695976204467,1.0,1.0,255
2.01020102010201,3697.736148264783,415.02138176619985,1.0,1.0,255
2.0112011201120112,2480.252462372834,419.1751930599112,1.0,1.0,255
2.0122012201220123,2922.2723018455367,433.03504346555906,1.0,1.0,255
2.0132013201320134,3324.5583595620974,455.27060099043695,1.0,1.0,255
2.0142014201420144,2062.8821185754728,450.69907172802164,1.0,1.0,255
2.015201520152015,1584.3905521437891,456.1236170248326,1.0,1.0,255
2.016201620162016,1969.7916933013046,448.62081160749784,1.0,1.0,255
2.017201720172017,1670.4898154210937,453.40068542428924,1.0,1.0,255
2.018201820182018,1409.463036209235,462.5114150939509,1.0,1.0,255
2.0192019201920193,1829.7394397782266,464.2952836014176,1.0,1.0,255
2.0202020202020203,3104.1411006330745,484.2557136018123,1.0,1.0,255
2.0212021202120214,1397.9166705512368,495.12808163915577,1.0,1.0,255
2.022202220222022,0.0,523.2179517915807,1.0,1.0,255
2.023202320232023,2671.2358442612053,532.1862185083617,1.0,1.0,255
2.024202420242024,3618.2607993816596,562.9905247554656,1.0,1.0,255
2.025202520252025,219.0174259718774,598.6519572553029,1.0,1.0,255
2.0262026202620262,1284.3255577541809,607.8192468584786,1.0,1.0,255
2.0272027202720273,1750.0518502967798,613.4622398594801,1.0,1.0,255
2.0282028202820284,0.0,651.7688012720362,1.0,1.0,255
2.0292029202920294,766.2616531477627,674.4302193317993,1.0,1.0,255
2.03020302030203,1610.7615473175151,678.7754759234023,1.0,1.0,255
2.031203120312031,744.9401049771632,704.1573349066565,1.0,1.0,255
2.032203220322032,2568.7590679555024,713.3589863609388,1.0,1.0,255
2.033203320332033,2815.952041450127,727.840525377559,1.0,1.0,255
2.0342034203420343,2075.759303627272,723.525265931878,1.0,1.0,255
2.0352035203520353,2417.4166192830266,728.424354005485,1.0,1.0,255
2.0362036203620364,3203.4840502949382,744.3538282625823,1.0,1.0,255
2.037203720372037,2611.8482097865062,753.4656791874099,1.0,1.0,255
2.038203820382038,746.1624900844884,778.9776237957121,1.0,1.0,255
2.039203920392039,2112.883417517301,779.4071111090781,1.0,1.0,255
2.04020402040204,4095.0,817.1189830153002,1.0,1.0,255
2.0412041204120412,1442.3199615286499,827.3859497672634,1.0,1.0,255
2.0422042204220423,3478.526044180717,853.6053668698194,1.0,1.0,255
2.0432043204320434,3595.034779605565,882.5998931435049,1.0,1.0,255
2.0442044204420444,1711.156078338537,884.1761273350018,1.0,1.0,255
2.045204520452045,793.690366010348,905.9505108284942,1.0,1.0,255
2.046204620462046,4095.0,945.9583664835394,1.0,1.0,255
2.047204720472047,1540.5255028413762,953.4615799083539,1.0,1.0,255
2.048204820482048,1283.4870688844312,968.2117625901809,1.0,1.0,255
2.0492049204920493,981.6400357664725,983.0771780290144,1.0,1.0,255
2.0502050205020503,2548.8204296853246,979.958004752807,1.0,1.0,255
2.0512051205120514,1513.0160503364577,964.4578557286275,1.0,1.0,255
2.052205220522052,2099.644541779736,948.4859348656538,1.0,1.0,255
2.053205320532053,3898.5051861382954,944.5560385884196,1.0,1.0,255
2.054205420542054,3183.2699616117716,926.3014378206551,1.0,1.0,255
2.055205520552055,2101.414218747505,908.136867652871,1.0,1.0,255
2.0562056205620562,2140.375587673163,878.7007713481385,1.0,1.0,255
2.0572057205720573,1827.3978509225851,881.3961985485439,1.0,1.0,255
2.0582058205820584,2276.7729771609947,860.545216396218,1.0,1.0,255
2.0592059205920594,3343.6755885744333,845.4987281677068,1.0,1.0,255
2.06020602060206,3152.8855389789805,834.6017159819908,1.0,1.0,255
2.061206120612061,3879.5909020660897,862.5884847758555,1.0,1.0,255
2.062206220622062,1005.2444857873038,865.9581490231988,1.0,1.0,255
2.063206320632063,0.0,881.3869818319571,1.0,1.0,255
2.0642064206420643,1385.531763523013,894.3387041899873,1.0,1.0,255
2.0652065206520653,64.84379048451638,924.7296394231729,1.0,1.0,255
2.0662066206620664,4095.0,964.105473289199,1.0,1.0,255
2.067206720672067,4095.0,997.4952695976207,1.0,1.0,255
2.068206820682068,4006.6443827952103,1023.8974179777097,1.0,1.0,255
2.069206920692069,3971.993502033856,1058.0120768139514,1.0,1.0,255
2.07020702070207,992.0263715907054,1058.0087273694758,1.0,1.0,255
2.0712071207120712,3468.6036414621485,1073.4191336097435,1.0,1.0,255
2.0722072207220723,235.50407041068343,1068.7090522015294,1.0,1.0,255
2.0732073207320734,3224.1589241756737,1079.7675137998187,1.0,1.0,255
2.0742074207420744,2678.452350609482,1060.9713448243754,1.0,1.0,255
2.075207520752075,0.0,1065.3516933438127,1.0,1.0,255
2.076207620762076,4095.0,1091.0182044988965,1.0,1.0,255
2.077207720772077,2277.9800346660886,1089.6588421981537,1.0,1.0,255
2.078207820782078,2007.9215615534013,1049.5004109670858,1.0,1.0,255
2.0792079207920793,3175.9871085739833,1046.425386201521,1.0,1.0,255
2.0802080208020803,2612.569230788678,1048.9720017636448,1.0,1.0,255
2.0812081208120814,0.0,1063.8708038631878,1.0,1.0,255
2.082208220822082,579.7233189449689,1082.8211561251785,1.0,1.0,255
2.083208320832083,509.07662578937357,1098.2405827803884,1.0,1.0,255
2.084208420842084,898.3418792527525,1120.6785591227883,1.0,1.0,255
2.085208520852085,2445.408749132609,1121.2384017197799,1.0,1.0,255
2.0862086208620862,1507.1062353352263,1108.9465960071766,1.0,1.0,255
2.0872087208720873,3956.449351512948,1135.8386188417055,1.0,1.0,255
2.0882088208820884,1403.320307056662,1122.695462502262,1.0,1.0,255
2.0892089208920894,2353.9368276081245,1127.5165307040784,1.0,1.0,255
2.09020902090209,4095.0,1127.5165307040786,1.0,1.0,255
2.091209120912091,2527.6937979268837,1124.996805893189,1.0,1.0,255
2.092209220922092,2185.934161844268,1099.1449682464602,1.0,1.0,255
2.093209320932093,0.0,1109.1642726543487,1.0,1.0,255
2.0942094209420943,779.8358196287302,1127.790677828545,1.0,1.0,255
2.0952095209520953,873.7975060494989,1126.1885350277619,1.0,1.0,255
2.0962096209620964,2551.400780219917,1095.3165506321604,1.0,1.0,255
2.097209720972097,1689.6589900452725,1092.3338808880826,1.0,1.0,255
2.098209820982098,3151.313120456313,1099.109884674897,1.0,1.0,255
2.099209920992099,0.0,1118.7426853902266,1.0,1.0,255
2.1002100210021,3841.134490679672,1144.5889666101136,1.0,1.0,255
2.1012101210121013,0.0,1174.8492876168427,1.0,1.0,255
2.1022102210221023,2586.6265061344147,1184.5889269039365,1.0,1.0,255
2.1032103210321034,1628.9574783179341,1155.9596736148117,1.0,1.0,255
2.1042104210421044,4095.0,1174.1942743825764,1.0,1.0,255
2.105210521052105,2494.3598209989905,1182.053186427606,1.0,1.0,255
2.106210621062106,2382.4128705050916,1186.8939320842446,1.0,1.0,255
2.107210721072107,0.0,1223.4418891026962,1.0,1.0,255
2.108210821082108,625.9107302101684,1247.308214955273,1.0,1.0,255
2.1092109210921093,0.0,1262.354703183784,1.0,1.0,255
2.1102110211021103,0.0,1281.2169924042046,1.0,1.0,255
2.1112111211121114,3635.223432484123,1276.3296430125656,1.0,1.0,255
2.112211221122112,498.3234998686812,1286.468062730938,1.0,1.0,255
2.113211321132113,0.0,1286.4680627309376,1.0,1.0,255
2.114211421142114,2126.960197057365,1274.7979019425452,1.0,1.0,255
2.115211521152115,3311.5706216631597,1260.4061901854989,1.0,1.0,255
2.1162116211621163,1364.4131473907478,1233.137927237684,1.0,1.0,255
2.1172117211721173,877.2898203500572,1215.6121308306826,1.0,1.0,255
2.1182118211821184,0.0,1217.3992431747786,1.0,1.0,255
2.1192119211921194,2436.0382521725933,1186.6801381775533,1.0,1.0,255
2.12021202120212,744.3249072176752,1191.634167465014,1.0,1.0,255
2.121212121212121,743.2333325728973,1189.3174279843129,1.0,1.0,255
2.122212221222122,2772.945889323292,1167.5664271789924,1.0,1.0,255
2.1232123212321232,4095.0,1184.983248695479,1.0,1.0,255
2.1242124212421243,4095.0,1213.3142016832892,1.0,1.0,255
2.1252125212521253,3678.397944161089,1204.962160566511,1.0,1.0,255
2.1262126212621264,1447.3002102870144,1176.0361563607707,1.0,1.0,255
2.127212721272127,3607.554722299349,1202.6276501134362,1.0,1.0,255
2.128212821282128,618.0897160025722,1230.4242870244525,1.0,1.0,255
2.129212921292129,3127.033340140363,1229.44521165578,1.0,1.0,255
2.13021302130213,3083.3336974648505,1238.8605009893033,1.0,1.0,255
2.1312131213121313,2200.698307540666,1200.9544671401168,1.0,1.0,255
2.1322132213221323,4095.0,1212.5289335190164,1.0,1.0,255
2.1332133213321334,2274.4267029261687,1186.279000093327,1.0,1.0,255
2.1342134213421344,3849.381481475125,1199.3134673078848,1.0,1.0,255
2.135213521352135,242.28423118351589,1227.4796077015621,1.0,1.0,255
2.136213621362136,1124.8815703103462,1235.1241010020594,1.0,1.0,255
2.137213721372137,2544.8541283811974,1206.8921965394247,1.0,1.0,255
2.1382138213821382,3305.539311316925,1219.1493889068963,1.0,1.0,255
2.1392139213921393,4095.0,1253.9706523547338,1.0,1.0,255
2.1402140214021403,990.600812197066,1234.1786361107925,1.0,1.0,255
2.1412141214121414,2793.6246873043683,1239.4972538983423,1.0,1.0,255
2.142214221422142,1208.3389374987319,1253.5317919114823,1.0,1.0,255
2.143214321432143,3917.86535881879,1249.969099087858,1.0,1.0,255
2.144214421442144,2545.4555262678537,1234.5549260057896,1.0,1.0,255
2.145214521452145,2203.7513546462046,1214.185903219704,1.0,1.0,255
2.1462146214621463,783.0538591427708,1229.4168104324503,1.0,1.0,255
2.1472147214721473,1978.2762685777036,1223.6444648618015,1.0,1.0,255
2.1482148214821484,2480.6744892942042,1210.2316922385594,1.0,1.0,255
2.1492149214921494,783.5983829100162,1194.5597245803592,1.0,1.0,255
2.15021502150215,480.11066304309657,1190.0548215059039,1.0,1.0,255
2.151215121512151,4095.0,1190.034821505904,1.0,1.0,255
2.152215221522152,3519.21761156045,1208.6866436144246,1.0,1.0,255
2.1532153215321532,255.7398223831226,1236.1509967331208,1.0,1.0,255
2.1542154215421543,2374.2359022487612,1201.735714778096,1.0,1.0,255
2.1552155215521553,2131.7870483534393,1194.484259325185,1.0,1.0,255
2.1562156215621564,2014.2496366127964,1188.4710091828272,1.0,1.0,255
2.157215721572157,1742.4145078236984,1153.6227190263533,1.0,1.0,255
2.158215821582158,19.680126958906158,1165.7473310913788,1.0,1.0,255
2.159215921592159,4095.0,1165.7273310913788,1.0,1.0,255
2.16021602160216,1596.584635528055,1133.7956383808178,1.0,1.0,255
2.1612161216121613,2882.7361453967214,1118.7458926390696,1.0,1.0,255
2.1622162216221623,1752.7957909881811,1093.6564468166796,1.0,1.0,255
2.1632163216321634,4095.0,1093.6364468166796,1.0,1.0,255
2.1642164216421644,2366.3738458370917,1098.4247197922741,1.0,1.0,255
2.165216521652165,316.5095928345813,1107.7831155023193,1.0,1.0,255
2.166216621662166,3189.135343387293,1116.9340853178803,1.0,1.0,255
2.167216721672167,1572.2631686896943,1103.0346183510874,1.0,1.0,255
2.1682168216821682,4095.0,1103.0146183510874,1.0,1.0,255
2.1692169216921693,1068.7014737761574,1114.8398238321122,1.0,1.0,255
2.1702170217021703,1088.9684752803323,1107.946952470859,1.0,1.0,255
2.1712171217121714,614.701888505185,1110.5175813522135,1.0,1.0,255
2.172217221722172,2215.6070608260297,1099.3708047822681,1.0,1.0,255
2.173217321732173,1755.1675430381986,1064.2874539215038,1.0,1.0,255
2.174217421742174,3413.216754422372,1050.6517890099515,1.0,1.0,255
2.175217521752175,2709.6694639892194,1031.277219406514,1.0,1.0,255
2.1762176217621763,1458.3884571770377,1031.0554544687136,1.0,1.0,255
2.1772177217721773,2496.167170215214,1008.8277034270309,1.0,1.0,255
2.1782178217821784,0.0,1021.1894977470824,1.0,1.0,255
2.1792179217921794,1095.8278941144822,1018.6522730619853,1.0,1.0,255
2.18021802180218,984.7393919894428,1019.2108112728993,1.0,1.0,255
2.181218121812181,948.293679610767,1038.1509715298707,1.0,1.0,255
2.182218221822182,4095.0,1038.1509715298707,1.0,1.0,255
2.1832183218321832,1705.233053588648,1040.4777763995744,1.0,1.0,255
2.1842184218421843,1987.704698338165,1005.6560528033085,1.0,1.0,255
2.1852185218521853,3588.923542713781,1000.3602082812545,1.0,1.0,255
2.1862186218621864,0.0,1022.8578396874614,1.0,1.0,255
2.187218721872187,2776.9047756966293,1027.4988526337702,1.0,1.0,255
2.188218821882188,0.0,1043.3080664074316,1.0,1.0,255
2.189218921892189,4095.0,1043.3080664074316,1.0,1.0,255
2.19021902190219,1208.9213488952505,1038.9416556734682,1.0,1.0,255
2.1912191219121913,3585.9597061225686,1054.7883560498321,1.0,1.0,255
2.1922192219221923,1847.0959287954165,1042.0132162238986,1.0,1.0,255
2.1932193219321934,3878.431018200373,1041.22452941153,1.0,1.0,255
2.1942194219421944,0.0,1072.2354188861732,1.0,1.0,255
2.195219521952195,3129.6114573045616,1090.7526209393402,1.0,1.0,255
2.196219621962196,2445.744337209754,1073.4085848663908,1.0,1.0,255
2.197219721972197,4095.0,1112.954110237945,1.0,1.0,255
2.1982198219821982,2070.861688411951,1104.7578542203,1.0,1.0,255
2.1992199219921993,2939.91731479799,1097.30816817446,1.0,1.0,255
2.2002200220022003,0.0,1106.9103814353218,1.0,1.0,255
2.2012201220122014,1715.3329807237196,1072.6237218208473,1.0,1.0,255
2.202220222022202,754.3555037515928,1069.0722595146065,1.0,1.0,255
2.203220322032203,794.6461925463416,1058.2941321113422,1.0,1.0,255
2.204220422042204,2301.081264638966,1056.8310393591462,1.0,1.0,255
2.205220522052205,2045.2298861706188,1055.2107006686647,1.0,1.0,255
2.2062206220622063,1966.1926304661079,1056.1718407915987,1.0,1.0,255
2.2072207220722073,3091.2065462503865,1070.9242618730805,1.0,1.0,255
2.2082208220822084,3760.152643451437,1064.6009172812871,1.0,1.0,255
2.2092209220922094,0.0,1064.6209172812873,1.0,1.0,255
2.21022102210221,3277.235177222289,1080.1773135362942,1.0,1.0,255
2.211221122112211,4095.0,1104.42259062836,1.0,1.0,255
2.212221222122212,2006.033647976748,1099.3578334885885,1.0,1.0,255
2.2132213221322132,694.8446476163685,1085.4809405362612,1.0,1.0,255
2.2142214221422143,1398.7039783303312,1092.0993840529125,1.0,1.0,255
2.2152215221522153,3620.8095900262065,1088.9257677101282,1.0,1.0,255
2.2162216221622164,2447.030371333401,1074.0836682690503,1.0,1.0,255
2.217221722172217,3795.120950546546,1099.5113506537753,1.0,1.0,255
2.218221822182218,2736.814591816057,1072.3476424900964,1.0,1.0,255
2.219221922192219,1147.6344388936996,1070.7689831877456,1.0,1.0,255
2.22022202220222,1388.7652861369238,1064.773046970614,1.0,1.0,255
2.2212221222122213,1969.7886232904934,1037.6713122749075,1.0,1.0,255
2.2222222222222223,52.346205074390355,1074.232246956899,1.0,1.0,255
2.2232223222322234,4095.0,1109.315597817663,1.0,1.0,255
2.2242224222422244,0.0,1122.9712627292156,1.0,1.0,255
2.225222522252225,2794.8731129219746,1124.6753357078708,1.0,1.0,255
2.226222622262226,2258.4279705301255,1117.091664262014,1.0,1.0,255
2.227222722272227,1989.1997505716492,1109.3043258462767,1.0,1.0,255
2.2282228222822282,2748.1871650934227,1082.3480691481452,1.0,1.0,255
2.2292229222922293,1232.6572474859058,1079.6114820807168,1.0,1.0,255
2.2302230223022304,2463.8714134248835,1066.6636981890033,1.0,1.0,255
2.2312231223122314,2019.7601780382786,1045.2343682204528,1.0,1.0,255
2.232223222322232,1756.575345020747,1010.1228613200382,1.0,1.0,255
2.233223322332233,2321.235546523917,1008.7322333222894,1.0,1.0,255
2.234223422342234,1042.2047506843842,1027.642232275365,1.0,1.0,255
2.235223522352235,4095.0,1037.7637614210894,1.0,1.0,255
2.2362236223622363,2100.513638096888,997.8540341830272,1.0,1.0,255
2.2372237223722373,3726.433296784188,1016.8446046047784,1.0,1.0,255
2.2382238223822384,3897.673132367123,1012.8780672521208,1.0,1.0,255
2.2392239223922394,4095.0,1012.8780672521208,1.0,1.0,255
2.24022402240224,2189.739811916008,998.931290468346,1.0,1.0,255
2.241224122412241,2716.7053021821885,981.5462023895385,1.0,1.0,255
2.242224222422242,2899.508070051781,994.5582823664824,1.0,1.0,255
2.2432243224322432,0.0,998.9096620024751,1.0,1.0,255
2.2442244224422443,3290.6443230991645,982.8025484644581,1.0,1.0,255
2.2452245224522454,1091.8835306244341,980.2926487058784,1.0,1.0,255
2.2462246224622464,0.0,1013.2977619616835,1.0,1.0,255
2.247224722472247,0.0,1013.3177619616831,1.0,1.0,255
2.248224822482248,701.6720450104149,1039.7870872932358,1.0,1.0,255
2.249224922492249,528.2377660146292,1052.3439856769835,1.0,1.0,255
2.25022502250225,2477.5749496744133,1019.9754846704716,1.0,1.0,255
2.2512251225122513,1351.132360015178,1027.2594970846424,1.0,1.0,255
2.2522252225222523,2879.7332651943607,1018.0212724635613,1.0,1.0,255
2.2532253225322534,1625.2573047627775,1001.4090502192328,1.0,1.0,255
2.2542254225422544,2712.28261859744,1009.6330772984022,1.0,1.0,255
2.255225522552255,2954.0671870915244,1027.6990187636447,1.0,1.0,255
2.256225622562256,2633.6153353123423,1037.7751780792141,1.0,1.0,255
2.257225722572257,3185.1635139311056,1039.6543174328283,1.0,1.0,255
2.2582258225822582,2287.699321330456,1010.2052509904086,1.0,1.0,255
2.2592259225922593,2363.684149624093,975.5589339828905,1.0,1.0,255
2.2602260226022604,3495.4576964857033,979.9233843681587,1.0,1.0,255
2.2612261226122614,3096.908099710845,959.9615463623757,1.0,1.0,255
2.262226222622262,2697.266905076968,972.1075574234502,1.0,1.0,255
2.263226322632263,0.0,986.0044503757775,1.0,1.0,255
2.264226422642264,2196.2541226573667,975.9836123955315,1.0,1.0,255
2.265226522652265,0.0,985.4874205950073,1.0,1.0,255
2.2662266226622663,1466.7773444414438,989.1312662795108,1.0,1.0,255
2.2672267226722673,1769.8585593644557,959.7516760812906,1.0,1.0,255
2.2682268226822684,241.45986865930877,982.1061868717833,1.0,1.0,255
2.2692269226922694,1685.2134539972274,971.354606569713,1.0,1.0,255
2.27022702270227,1679.3645864475507,965.5426205635007,1.0,1.0,255
2.271227122712271,0.0,1004.9383930293104,1.0,1.0,255
2.272227222722272,2683.003576999658,977.7253886707916,1.0,1.0,255
2.2732273227322732,2332.9278747881126,942.4839461665538,1.0,1.0,255
2.2742274227422743,1633.6991635838933,909.809962894876,1.0,1.0,255
2.2752275227522754,3095.2016075942233,915.816532788321,1.0,1.0,255
2.2762276227622764,2601.30107465714,922.6739948708611,1.0,1.0,255
2.277227722772277,1368.8993710056359,935.0800024621813,1.0,1.0,255
2.278227822782278,0.0,962.0362591603127,1.0,1.0,255
2.279227922792279,0.0,986.6894041100309,1.0,1.0,255
2.28022802280228,2559.933539425716,988.6106466300475,1.0,1.0,255
2.2812281228122813,984.9194856638908,1009.3074604775352,1.0,1.0,255
2.2822282228222823,0.0,1044.4389673779501,1.0,1.0,255
2.2832283228322834,1334.5578111033105,1053.2431002254057,1.0,1.0,255
2.2842284228422844,1884.350463216852,1036.4001859747561,1.0,1.0,255
2.285228522852285,1358.8077380789264,1009.2440312131775,1.0,1.0,255
2.286228622862286,3336.769565079978,1033.9691497528395,1.0,1.0,255
2.287228722872287,2392.740229398411,1007.2952884051239,1.0,1.0,255
2.2882288228822882,140.73274460100902,1008.4471708657611,1.0,1.0,255
2.2892289228922893,3224.1971264248627,991.0311133942585,1.0,1.0,255
2.2902290229022904,838.5230770999485,1012.3858556139392,1.0,1.0,255
2.2912291229122914,3960.08255670167,1037.253400704329,1.0,1.0,255
2.292229222922292,3617.0617533861496,1051.6044743710163,1.0,1.0,255
2.293229322932293,1400.4133335330685,1023.596207700355,1.0,1.0,255
2.294229422942294,4095.0,1039.6833212383715,1.0,1.0,255
2.295229522952295,1379.8919981218437,1033.9231518884233,1.0,1.0,255
2.2962296229622963,1796.3205363985612,997.9967411604522,1.0,1.0,255
2.2972297229722973,2464.1593721487675,965.3599286034279,1.0,1.0,255
2.2982298229822984,923.5882925705123,960.9216036522259,1.0,1.0,255
2.2992299229922994,997.3376054339556,951.5396068638393,1.0,1.0,255
2.3002300230023,1863.0547253964683,946.6470133624217,1.0,1.0,255
2.301230123012301,4095.0,973.6496605627253,1.0,1.0,255
2.302230223022302,1187.775808761673,974.2194790836047,1.0,1.0,255
2.3032303230323032,867.9376722162579,989.3658717345351,1.0,1.0,255
2.3042304230423043,2579.3227116232347,986.7066735950509,1.0,1.0,255
2.3052305230523054,2391.8630276114923,975.4625904054503,1.0,1.0,255
2.3062306230623064,1664.7028921999565,971.4162258552044,1.0,1.0,255
2.307230723072307,2240.936561239174,952.5316868013656,1.0,1.0,255
2.308230823082308,1192.6945976725929,964.8438084213047,1.0,1.0,255
2.309230923092309,0.0,999.4901254288228,1.0,1.0,255
2.31023102310231,2541.4952434919414,980.4108763689474,1.0,1.0,255
2.3112311231123113,3024.9241399118655,978.971197172968,1.0,1.0,255
2.3122312231223123,1540.1156469921452,976.1435461315855,1.0,1.0,255
2.3132313231323134,275.9240518199517,970.6250650951864,1.0,1.0,255
2.3142314231423144,2699.1605059874933,980.683192761789,1.0,1.0,255
2.315231523152315,0.0,980.683192761789,1.0,1.0,255
2.316231623162316,1025.6930917697618,989.5048778152227,1.0,1.0,255
2.317231723172317,2198.2474223269337,986.9469974490504,1.0,1.0,255
2.3182318231823182,1294.0247607728256,965.8956996067801,1.0,1.0,255
2.3192319231923193,465.9298971317064,990.2813707440906,1.0,1.0,255
2.3202320232023204,1429.5627105531848,995.2774082619778,1.0,1.0,255
2.3212321232123214,4095.0,995.2574082619778,1.0,1.0,255
2.322232223222322,1621.5026422155809,991.087283877673,1.0,1.0,255
2.323232323232323,2098.0210495402193,986.3891473727153,1.0,1.0,255
2.324232423242324,3166.517353398096,1000.4734777123551,1.0,1.0,255
2.325232523252325,2877.0061722824757,996.1095690061198,1.0,1.0,255
2.3262326232623263,3287.2712836039354,1009.8289731850558,1.0,1.0,255
2.3272327232723273,1247.313293507248,1012.2606947350235,1.0,1.0,255
2.3282328232823284,4057.3671718660653,1011.4880381723448,1.0,1.0,255
2.3292329232923294,1009.1291236794414,991.3054556987563,1.0,1.0,255
2.33023302330233,4095.0,1022.0067849102419,1.0,1.0,255
2.331233123312331,4095.0,1041.6851746235197,1.0,1.0,255
2.332233223322332,0.0,1041.6851746235197,1.0,1.0,255
2.3332333233323332,1824.3628046078188,1031.8890747534297,1.0,1.0,255
2.3342334233423343,2582.469907919681,1039.3054821761602,1.0,1.0,255
2.3352335233523354,0.0,1066.4816369377388,1.0,1.0,255
2.3362336233623364,504.3835404863198,1071.578574826413,1.0,1.0,255
2.337233723372337,3950.8327489084977,1102.7404252166145,1.0,1.0,255
2.338233823382338,4095.0,1105.5350801086345,1.0,1.0,255
2.339233923392339,3014.7841460188856,1101.346820500515,1.0,1.0,255
2.34023402340234,660.1126194997009,1104.91502965252,1.0,1.0,255
2.3412341234123413,3741.034852188954,1100.5340755622658,1.0,1.0,255
2.3422342234223423,2246.5328057761362,1073.1234966100656,1.0,1.0,255
2.3432343234323434,0.0,1101.1317632807268,1.0,1.0,255
2.3442344234423445,4095.0,1101.1317632807268,1.0,1.0,255
2.345234523452345,2265.5731641201032,1092.121066525566,1.0,1.0,255
2.346234623462346,1373.7448883754732,1100.5725794860277,1.0,1.0,255
2.347234723472347,189.08229274028395,1129.4277461882466,1.0,1.0,255
2.3482348234823482,848.5689343500328,1130.9281333526562,1.0,1.0,255
2.3492349234923493,3188.5510655472613,1132.7259067722805,1.0,1.0,255
2.3502350235023504,1745.6164065764146,1135.0746731486815,1.0,1.0,255
2.3512351235123514,368.1903708443883,1127.7308657317938,1.0,1.0,255
2.352235223522352,1081.2120751280727,1129.862140404466,1.0,1.0,255
2.353235323532353,4017.080520992293,1145.642504268637,1.0,1.0,255
2.354235423542354,2709.9245848958753,1148.2545417340893,1.0,1.0,255
2.355235523552355,627.050388005913,1169.7962734217415,1.0,1.0,255
2.3562356235623563,4095.0,1203.0703312657406,1.0,1.0,255
2.3572357235723573,4095.0,1240.151600040957,1.0,1.0,255
2.3582358235823584,1858.4245409614614,1226.8370011751797,1.0,1.0,255
2.3592359235923595,2685.8736407395227,1198.6344739899703,1.0,1.0,255
2.36023602360236,527.9601110397625,1219.1653668993363,1.0,1.0,255
2.361236123612361,2955.5382227372115,1217.777648555843,1.0,1.0,255
2.362236223622362,1349.9618904356137,1221.580723686974,1.0,1.0,255
2.3632363236323632,3899.9567391315804,1223.1783395060045,1.0,1.0,255
2.3642364236423643,2934.06562593409,1227.8764419049362,1.0,1.0,255
2.3652365236523654,0.0,1227.8764419049362,1.0,1.0,255
2.3662366236623664,1114.690399614295,1226.0964957480455,1.0,1.0,255
2.367236723672367,3757.9565762937527,1257.290678827382,1.0,1.0,255
2.368236823682368,4095.0,1283.1511740428386,1.0,1.0,255
2.369236923692369,720.2044027377297,1278.0656839307183,1.0,1.0,255
2.37023702370237,1721.5084012097386,1272.226770117587,1.0,1.0,255
2.3712371237123713,592.9998669361141,1260.3867727788647,1.0,1.0,255
2.3722372237223723,1121.8152416210128,1270.3805207907562,1.0,1.0,255
2.3732373237323734,0.0,1310.3400997999518,1.0,1.0,255
2.3742374237423745,2294.4899777008745,1292.8995522860073,1.0,1.0,255
2.375237523752375,3158.777526923674,1298.5349793788312,1.0,1.0,255
2.376237623762376,568.643385653701,1303.3366859936787,1.0,1.0,255
2.377237723772377,2795.1885675789163,1302.266723215402,1.0,1.0,255
2.3782378237823782,0.0,1303.0393797780807,1.0,1.0,255
2.3792379237923793,3257.033992527603,1306.4426421022215,1.0,1.0,255
2.3802380238023804,3246.844360658839,1289.4795293153982,1.0,1.0,255
2.3812381238123814,300.3207759032257,1283.4931137973338,1.0,1.0,255
2.382238223822382,314.1324825492479,1277.2104641463488,1.0,1.0,255
2.383238323832383,4095.0,1313.6777202385053,1.0,1.0,255
2.384238423842384,200.85774140773174,1339.931167251957,1.0,1.0,255
2.385238523852385,0.0,1339.931167251957,1.0,1.0,255
2.3862386238623863,4095.0,1349.9988380616833,1.0,1.0,255
2.3872387238723873,975.6223788341138,1333.389735506831,1.0,1.0,255
2.3882388238823884,1074.0014597800996,1311.9297063112288,1.0,1.0,255
2.3892389238923895,2722.773217297665,1306.0894877368046,1.0,1.0,255
2.39023902390239,1526.2771818439496,1288.7661964899196,1.0,1.0,255
2.391239123912391,616.1428865972812,1283.5426417141948,1.0,1.0,255
2.392239223922392,4095.0,1320.5119855986723,1.0,1.0,255
2.3932393239323932,902.4322699234638,1302.463340200203,1.0,1.0,255
2.3942394239423943,2338.9680363046855,1267.3427009262964,1.0,1.0,255
2.3952395239523954,2487.221694037964,1271.7756715246537,1.0,1.0,255
2.3962396239623964,95.98552771205118,1297.3308587379222,1.0,1.0,255
2.397239723972397,0.0,1301.1125045927279,1.0,1.0,255
2.398239823982398,912.3876160354409,1299.83613095902,1.0,1.0,255
2.399239923992399,425.5221789913221,1309.4746660682483,1.0,1.0,255
2.4002400240024,2062.840180585761,1303.7237978114915,1.0,1.0,255
2.4012401240124013,0.0,1311.0876052283795,1.0,1.0,255
2.4022402240224023,3383.7049694589564,1318.4659461201197,1.0,1.0,255
2.4032403240324034,2853.8698668770367,1295.2017330378146,1.0,1.0,255
2.4042404240424045,827.1740945720303,1306.3797594484568,1.0,1.0,255
2.405240524052405,2329.9105164246585,1283.598977537068,1.0,1.0,255
2.406240624062406,3297.448220661469,1267.6479419502975,1.0,1.0,255
2.407240724072407,676.0111504686256,1254.1477189409247,1.0,1.0,255
2.4082408240824082,3799.1973214908203,1285.3801561899704,1.0,1.0,255
2.4092409240924093,1465.29297997328,1284.2768237757145,1.0,1.0,255
2.4102410241024104,1654.956173786636,1261.736902520777,1.0,1.0,255
2.4112411241124114,3626.982884795464,1275.1657957619418,1.0,1.0,255
2.412241224122412,2088.8724704597316,1262.022482979849,1.0,1.0,255
2.413241324132413,4095.0,1265.9233481972174,1.0,1.0,255
2.414241424142414,847.1328818445186,1272.219378041645,1.0,1.0,255
2.415241524152415,874.249408938216,1254.7343898628808,1.0,1.0,255
2.4162416241624163,2345.9560939112644,1242.0273197333922,1.0,1.0,255
2.4172417241724173,3636.3826664296803,1239.5958415361106,1.0,1.0,255
2.4182418241824184,0.0,1239.6158415361106,1.0,1.0,255
2.4192419241924195,1237.501821284805,1229.2698931651692,1.0,1.0,255
2.42024202420242,622.962810541999,1251.240804978524,1.0,1.0,255
2.421242124212421,227.5531537928082,1258.54973924139,1.0,1.0,255
2.422242224222422,1864.6793403485592,1243.692457266839,1.0,1.0,255
2.4232423242324233,3798.808969564533,1237.7486366581297,1.0,1.0,255
2.4242424242424243,2568.760250816492,1243.2340421204422,1.0,1.0,255
2.4252425242524254,1548.3631074424184,1231.0112294331202,1.0,1.0,255
2.4262426242624264,0.0,1242.3840971461943,1.0,1.0,255
2.427242724272427,0.0,1268.4003257946158,1.0,1.0,255
2.428242824282428,2923.709276779028,1244.9545113301963,1.0,1.0,255
2.429242924292429,1213.815573208577,1237.457520015473,1.0,1.0,255
2.43024302430243,2203.310922919581,1216.5868512606876,1.0,1.0,255
2.4312431243124313,1707.4604655994776,1188.4440574667626,1.0,1.0,255
2.4322432243224323,1999.868558923844,1154.7293359392706,1.0,1.0,255
2.4332433243324334,846.4259496498898,1137.820816946273,1.0,1.0,255
2.4342434243424345,2196.363163575581,1103.845235045939,1.0,1.0,255
2.435243524352435,1974.9601620584597,1064.34603180477,1.0,1.0,255
2.436243624362436,1627.9183554699857,1031.8076646953702,1.0,1.0,255
2.437243724372437,4095.0,1051.3001122720527,1.0,1.0,255
2.4382438243824383,3899.5533167741733,1068.851207803138,1.0,1.0,255
2.4392439243924393,0.0,1096.3157434571847,1.0,1.0,255
2.4402440244024404,4095.0,1126.8212870940638,1.0,1.0,255
2.4412441244124414,1510.9638394329759,1108.92486803735,1.0,1.0,255
2.442244224422442,1798.030218691089,1072.984263663528,1.0,1.0,255
2.443244324432443,3700.2028495072304,1083.116966052142,1.0,1.0,255
2.444244424442444,1210.2472038721412,1094.0526612486055,1.0,1.0,255
2.4452445244524452,0.0,1126.2282273678463,1.0,1.0,255
2.4462446244624463,3172.081265566718,1109.6695632334217,1.0,1.0,255
2.4472447244724473,609.526560440401,1097.4790320246136,1.0,1.0,255
2.4482448244824484,3374.9070406107726,1101.304925157538,1.0,1.0,255
2.4492449244924495,3966.7833408930637,1107.2310355552256,1.0,1.0,255
2.45024502450245,4095.0,1147.8742319435105,1.0,1.0,255
2.451245124512451,1076.0514537752965,1126.3532028680047,1.0,1.0,255
2.452245224522452,4095.0,1140.5791034788253,1.0,1.0,255
2.4532453245324533,3712.15341835737,1157.7447745084319,1.0,1.0,255
2.4542454245424543,3200.996915776322,1156.388194715399,1.0,1.0,255
2.4552455245524554,3661.68247389495,1183.0236338648049,1.0,1.0,255
2.4562456245624564,2213.439317094757,1161.3434557934704,1.0,1.0,255
2.457245724572457,2169.076013349749,1136.3251990698382,1.0,1.0,255
2.458245824582458,1326.0254821790138,1115.7407429964414,1.0,1.0,255
2.459245924592459,3364.3447133938434,1130.4134968637838,1.0,1.0,255
2.4602460246024602,998.3757546662619,1143.5451052461913,1.0,1.0,255
2.4612461246124613,2460.6528934921985,1120.2185054201261,1.0,1.0,255
2.4622462246224623,2908.6883480748206,1136.6148229724279,1.0,1.0,255
2.4632463246324634,3227.659240869052,1119.268007789809,1.0,1.0,255
2.4642464246424645,2442.8772182337,1103.1482097913731,1.0,1.0,255
2.465246524652465,3871.7810784529283,1116.148819539196,1.0,1.0,255
2.466246624662466,1411.8094852226777,1122.913507956517,1.0,1.0,255
2.467246724672467,0.0,1132.1058546279237,1.0,1.0,255
2.4682468246824683,1123.5589954774362,1109.6346747183748,1.0,1.0,255
2.4692469246924693,760.7432688296233,1119.1698457674784,1.0,1.0,255
2.4702470247024704,1425.2660940520602,1103.1237800972772,1.0,1.0,255
2.4712471247124714,935.8897768391873,1088.9570476363497,1.0,1.0,255
2.472247224722472,0.0,1126.2506344433207,1.0,1.0,255
2.473247324732473,3139.2727335888317,1113.0599097238069,1.0,1.0,255
2.474247424742474,4095.0,1143.5847047074772,1.0,1.0,255
2.4752475247524752,4095.0,1174.5319668563254,1.0,1.0,255
2.4762476247624763,4095.0,1174.5119668563254,1.0,1.0,255
2.4772477247724773,3936.1203995212672,1171.314374846751,1.0,1.0,255
2.4782478247824784,2473.9013367564194,1162.3182160462989,1.0,1.0,255
2.4792479247924795,2338.2410144481387,1151.4393477994329,1.0,1.0,255
2.48024802480248,1762.5041384614065,1154.0430465718134,1.0,1.0,255
2.481248124812481,1703.81569794204,1154.115941924962,1.0,1.0,255
2.482248224822482,2472.746030323026,1161.6482337098996,1.0,1.0,255
2.4832483248324833,1705.145608104248,1144.4738405408123,1.0,1.0,255
2.4842484248424843,578.5577935642325,1170.8954213980157,1.0,1.0,255
2.4852485248524854,0.0,1210.3946246391852,1.0,1.0,255
2.4862486248624864,467.1912633678105,1233.6091664812288,1.0,1.0,255
2.487248724872487,1823.180100704058,1197.1655644671475,1.0,1.0,255
2.488248824882488,1827.9566937227953,1164.5353642572084,1.0,1.0,255
2.489248924892489,2817.114449740758,1138.9576532520236,1.0,1.0,255
2.4902490249024902,0.0,1138.9776532520234,1.0,1.0,255
2.4912491249124913,4010.3538811215194,1167.4840076631133,1.0,1.0,255
2.4922492249224923,3672.1472925051853,1194.9675578870388,1.0,1.0,255
2.4932493249324934,1899.6482259070006,1164.890536378754,1.0,1.0,255
2.4942494249424945,1399.9601653512532,1161.096277149172,1.0,1.0,255
2.495249524952495,1270.907781309606,1135.6781215229798,1.0,1.0,255
2.496249624962496,82.51600143866199,1152.506176182872,1.0,1.0,255
2.497249724972497,2743.7719537443927,1137.6521464665677,1.0,1.0,255
2.4982498249824983,4095.0,1152.0540056543523,1.0,1.0,255
2.4992499249924993,3949.979109669629,1151.7179210298837,1.0,1.0,255
2.5002500250025004,628.306678974609,1139.1717874503913,1.0,1.0,255
2.5012501250125014,1589.8156088700916,1128.8965043484955,1.0,1.0,255
2.502250225022502,4095.0,1128.8965043484955,1.0,1.0,255
2.503250325032503,4095.0,1136.5534359813482,1.0,1.0,255
2.504250425042504,2845.7853663940423,1129.4492049937026,1.0,1.0,255
2.5052505250525052,3029.8603436209924,1116.8127623882235,1.0,1.0,255
2.5062506250625063,2848.2359032536606,1129.5086941114016,1.0,1.0,255
2.5072507250725073,1200.4476639402337,1144.0382205656017,1.0,1.0,255
2.5082508250825084,2962.591543436626,1147.8905610779145,1.0,1.0,255
2.5092509250925095,3752.1423047461467,1155.6465129049604,1.0,1.0,255
2.51025102510251,4095.0,1175.5940279982858,1.0,1.0,255
2.511251125112511,4095.0,1208.280970128442,1.0,1.0,255
2.512251225122512,0.0,1232.0272031669456,1.0,1.0,255
2.5132513251325133,2675.976478085679,1220.9935479112778,1.0,1.0,255
2.5142514251425143,3663.608841948446,1245.4081803855727,1.0,1.0,255
2.5152515251525154,4095.0,1249.8725588165146,1.0,1.0,255
2.5162516251625164,0.0,1278.1087485209678,1.0,1.0,255
2.517251725172517,372.4211941078597,1270.6603246388106,1.0,1.0,255
2.518251825182518,628.7234802775574,1280.5570349428083,1.0,1.0,255
2.519251925192519,1526.52297354829,1265.241440848435,1.0,1.0,255
2.5202520252025202,0.0,1293.7467627294761,1.0,1.0,255
2.5212521252125213,1178.9037591232718,1288.8864830837947,1.0,1.0,255
2.5222522252225223,4095.0,1288.8664830837945,1.0,1.0,255
2.5232523252325234,3764.7213778475957,1301.3754559689698,1.0,1.0,255
2.5242524252425245,2888.1725617168563,1277.2389072033068,1.0,1.0,255
2.525252525252525,3601.114588194462,1267.361198967196,1.0,1.0,255
2.526252625262526,767.0395500592097,1252.0404079660118,1.0,1.0,255
2.527252725272527,1510.8008191905783,1225.0219835917749,1.0,1.0,255
2.5282528252825283,1337.2437885926893,1230.7190810847926,1.0,1.0,255
2.5292529252925293,1193.3766549928657,1242.0067276959726,1.0,1.0,255
2.5302530253025304,2445.8047845459705,1244.2529061561202,1.0,1.0,255
2.5312531253125314,3591.568124452312,1268.2405826040074,1.0,1.0,255
2.532253225322532,1219.3869317439667,1276.3179233626677,1.0,1.0,255
2.533253325332533,745.0652334566478,1295.5195308556195,1.0,1.0,255
2.534253425342534,2105.698680018833,1267.2846603272808,1.0,1.0,255
2.5352535253525352,3834.0735114982003,1262.0461305572449,1.0,1.0,255
2.5362536253625363,4095.0,1271.369955824601,1.0,1.0,255
2.5372537253725373,2584.8347375608064,1277.6102525898982,1.0,1.0,255
2.5382538253825384,1116.4371517597756,1291.8406434291587,1.0,1.0,255
2.5392539253925395,235.75768856275113,1312.7032006630886,1.0,1.0,255
2.54025402540254,1453.300871200187,1283.6371832390848,1.0,1.0,255
2.541254125412541,4095.0,1285.3301056166545,1.0,1.0,255
2.542254225422542,3202.160853537408,1275.930376837299,1.0,1.0,255
2.5432543254325433,3353.075573696792,1299.0648528293748,1.0,1.0,255
2.5442544254425443,2699.128302604137,1299.1266221884825,1.0,1.0,255
2.5452545254525454,3448.7701858154023,1311.6001815309826,1.0,1.0,255
2.5462546254625464,1801.1161487337613,1277.228178585081,1.0,1.0,255
2.547254725472547,686.1728410796602,1290.5492826885998,1.0,1.0,255
2.548254825482548,2825.4838673716986,1265.158960036034,1.0,1.0,255
2.549254925492549,3279.5917717165967,1251.7512132769732,1.0,1.0,255
2.5502550255025502,4095.0,1264.2973468564653,1.0,1.0,255
2.5512551255125513,1757.008070179791,1260.9534976302714,1.0,1.0,255
2.5522552255225524,2946.991185603288,1237.9933213423374,1.0,1.0,255
2.5532553255325534,0.0,1238.0133213423373,1.0,1.0,255
2.5542554255425545,3206.1577378633724,1245.220768771724,1.0,1.0,255
2.555255525552555,0.0,1266.543561899304,1.0,1.0,255
2.556255625562556,1134.0250366298524,1268.8183431016337,1.0,1.0,255
2.557255725572557,681.2378823847184,1279.202538732744,1.0,1.0,255
2.5582558255825583,4095.0,1301.8507078640114,1.0,1.0,255
2.5592559255925593,1697.5422986166807,1274.7770157967548,1.0,1.0,255
2.5602560256025604,1261.0604793702157,1249.5758062093507,1.0,1.0,255
2.5612561256125614,871.0858195641804,1232.174089818067,1.0,1.0,255
2.562256225622562,3820.745226578425,1226.6689943496353,1.0,1.0,255
2.563256325632563,480.82126519641156,1245.4530394839935,1.0,1.0,255
2.564256425642564,2725.5770111406505,1226.6924028678377,1.0,1.0,255
2.5652565256525652,3445.6970141320908,1213.7063431504796,1.0,1.0,255
2.5662566256625663,0.0,1213.7063431504796,1.0,1.0,255
2.5672567256725674,825.1953168917416,1204.650860694802,1.0,1.0,255
2.5682568256825684,4095.0,1217.2053303003531,1.0,1.0,255
2.5692569256925695,1954.6160113478193,1208.6434695443627,1.0,1.0,255
2.57025702570257,0.0,1208.6434695443627,1.0,1.0,255
2.571257125712571,0.0,1232.2215447268281,1.0,1.0,255
2.572257225722572,1134.0872511850962,1209.5597997031261,1.0,1.0,255
2.5732573257325733,0.0,1216.1853721461744,1.0,1.0,255
2.5742574257425743,2181.749004076918,1202.0569009933754,1.0,1.0,255
2.5752575257525754,3728.374103096834,1204.6020912914228,1.0,1.0,255
2.5762576257625764,3131.7588187841575,1200.6580586682903,1.0,1.0,255
2.577257725772577,0.0,1230.874075052102,1.0,1.0,255
2.578257825782578,434.0182142570468,1248.9385865388147,1.0,1.0,255
2.579257925792579,3178.7594086878626,1254.4613078124291,1.0,1.0,255
2.5802580258025802,418.6440037262573,1279.0923320469847,1.0,1.0,255
2.5812581258125813,716.6123596913274,1274.8487223641118,1.0,1.0,255
2.5822582258225824,0.0,1299.2364609989913,1.0,1.0,255
2.5832583258325834,0.0,1314.1377656681243,1.0,1.0,255
2.5842584258425845,2892.6811241608825,1329.877414550965,1.0,1.0,255
2.585258525852585,3121.1144050708813,1315.6182324224187,1.0,1.0,255
2.586258625862586,1336.8474742520593,1288.9012829373778,1.0,1.0,255
2.587258725872587,1909.2034380912373,1280.9405194243366,1.0,1.0,255
2.5882588258825883,927.2792426990779,1284.7236776055506,1.0,1.0,255
2.5892589258925893,2833.5581438783875,1264.1899942543732,1.0,1.0,255
2.5902590259025904,4095.0,1293.236011678377,1.0,1.0,255
2.5912591259125914,3197.0388471139495,1275.2767886206561,1.0,1.0,255
2.592259225922592,1964.6335243307872,1253.8609010632922,1.0,1.0,255
2.593259325932593,1520.715724140362,1238.305075106549,1.0,1.0,255
2.594259425942594,897.7374101323887,1248.2877608518186,1.0,1.0,255
2.5952595259525952,2391.8137294074677,1227.14863172366,1.0,1.0,255
2.5962596259625963,700.5127009008709,1249.1607006803176,1.0,1.0,255
2.5972597259725974,0.0,1262.8841575019112,1.0,1.0,255
2.5982598259825984,2264.849943629256,1251.671479027062,1.0,1.0,255
2.5992599259925995,4084.0149701675273,1267.7599429960806,1.0,1.0,255
2.6002600260026,3696.3961910848716,1259.7878668177782,1.0,1.0,255
2.601260126012601,869.2363190830692,1277.5433018397123,1.0,1.0,255
2.602260226022602,696.9411753880026,1286.5846546198866,1.0,1.0,255
2.6032603260326033,1418.3323802410391,1258.2180070150657,1.0,1.0,255
2.6042604260426043,0.0,1276.0148522577986,1.0,1.0,255
2.6052605260526054,4095.0,1275.9948522577986,1.0,1.0,255
2.6062606260626064,4095.0,1298.6553529903956,1.0,1.0,255
2.607260726072607,1887.8214523018128,1274.5236815920537,1.0,1.0,255
2.608260826082608,1734.6996588213904,1239.849688415626,1.0,1.0,255
2.609260926092609,4095.0,1273.7805343879595,1.0,1.0,255
2.6102610261026102,2058.5961772120577,1258.2536675196047,1.0,1.0,255
2.6112611261126113,3400.861949354832,1261.7726228979852,1.0,1.0,255
2.6122612261226124,1736.00389252763,1232.5576405158638,1.0,1.0,255
2.6132613261326134,1759.9043496706938,1206.9759788263787,1.0,1.0,255
2.6142614261426145,0.0,1234.3844386035653,1.0,1.0,255
2.615261526152615,0.0,1247.3904983209236,1.0,1.0,255
2.616261626162616,0.0,1247.3904983209236,1.0,1.0,255
2.617261726172617,4095.0,1263.8744046587583,1.0,1.0,255
2.6182618261826183,2221.062147282762,1226.3956476044136,1.0,1.0,255
2.6192619261926193,3036.383926079612,1244.2956463529624,1.0,1.0,255
2.6202620262026204,4095.0,1244.2756463529624,1.0,1.0,255
2.6212621262126214,3724.0714425899505,1236.8370752047613,1.0,1.0,255
2.622262226222622,658.8118718412841,1246.3425827916376,1.0,1.0,255
2.623262326232623,4095.0,1246.3225827916376,1.0,1.0,255
2.624262426242624,1701.362342534351,1250.580355859412,1.0,1.0,255
2.6252625262526252,2055.0647908053243,1217.1141696135817,1.0,1.0,255
2.6262626262626263,2631.5638076754453,1207.1102693914079,1.0,1.0,255
2.6272627262726274,2094.4203560921874,1167.0786765132516,1.0,1.0,255
2.6282628262826284,1790.914826318489,1139.9407442720226,1.0,1.0,255
2.6292629262926295,2738.2243146734554,1131.1300423917344,1.0,1.0,255
2.63026302630263,0.0,1139.5029224662594,1.0,1.0,255
2.631263126312631,1518.1885914637303,1123.4713978308112,1.0,1.0,255
2.632263226322632,203.52566112873683,1119.4008846082368,1.0,1.0,255
2.6332633263326333,2760.682388440244,1092.6945323770415,1.0,1.0,255
2.6342634263426343,300.5685449448947,1110.749538994926,1.0,1.0,255
2.6352635263526354,1513.9993293128587,1099.967264307251,1.0,1.0,255
2.6362636263626364,735.191194369519,1112.0003899049018,1.0,1.0,255
2.637263726372637,3121.346520700392,1130.6913890807343,1.0,1.0,255
2.638263826382638,3552.64085401901,1138.369791015096,1.0,1.0,255
2.639263926392639,1597.179730852531,1131.6750335204779,1.0,1.0,255
2.6402640264026402,979.6117159461644,1112.1027992015545,1.0,1.0,255
2.6412641264126413,2857.87997274525,1105.3196217141806,1.0,1.0,255
2.6422642264226424,0.0,1144.6122922007964,1.0,1.0,255
2.6432643264326434,3549.9947507406036,1164.1065016984157,1.0,1.0,255
2.6442644264426445,3360.816116564874,1167.357572232361,1.0,1.0,255
2.645264526452645,940.736604011543,1182.6265655639806,1.0,1.0,255
2.646264626462646,1118.4054476160163,1174.2687106296778,1.0,1.0,255
2.647264726472647,4095.0,1174.2487106296778,1.0,1.0,255
2.6482648264826483,2434.566862372169,1177.643049004536,1.0,1.0,255
2.6492649264926493,2548.6782697513786,1146.9363149962132,1.0,1.0,255
2.6502650265026504,4095.0,1154.9083911745156,1.0,1.0,255
2.6512651265126514,1035.3669133680532,1151.5857792888162,1.0,1.0,255
2.652265226522652,3143.0646388781674,1146.4658955741395,1.0,1.0,255
2.653265326532653,937.2020375107354,1156.0885024287456,1.0,1.0,255
2.654265426542654,47.411676238829614,1155.140268903969,1.0,1.0,255
2.6552655265526552,1491.0877273410497,1125.338514357148,1.0,1.0,255
2.6562656265626563,0.0,1125.358514357148,1.0,1.0,255
2.6572657265726574,442.5594451439474,1154.2637545003051,1.0,1.0,255
2.6582658265826584,2030.2213003881081,1148.353321668971,1.0,1.0,255
2.6592659265926595,1675.305375436281,1114.867214160245,1.0,1.0,255
2.66026602660266,2329.788867376498,1120.291067963534,1.0,1.0,255
2.661266126612661,482.5329217214007,1124.5431705420092,1.0,1.0,255
2.662266226622662,2611.67962831487,1129.5768409588593,1.0,1.0,255
2.6632663266326633,3829.7970499631238,1159.4508689515355,1.0,1.0,255
2.6642664266426643,0.0,1159.4508689515358,1.0,1.0,255
2.6652665266526654,2526.3652897061643,1128.058174745659,1.0,1.0,255
2.6662666266626665,3923.2013183263725,1124.6022011121865,1.0,1.0,255
2.667266726672667,2055.7354658620343,1083.816910429427,1.0,1.0,255
2.668266826682668,3127.8431035487465,1101.9525295547467,1.0,1.0,255
2.669266926692669,3769.5698757525333,1116.616248548205,1.0,1.0,255
2.6702670267026702,1395.157507578848,1088.7330983966278,1.0,1.0,255
2.6712671267126713,325.45365031863935,1089.6625965384562,1.0,1.0,255
2.6722672267226724,0.0,1102.838833975282,1.0,1.0,255
2.6732673267326734,2127.7218408190724,1063.4932707916635,1.0,1.0,255
2.6742674267426745,1281.9566578537192,1071.8813844852762,1.0,1.0,255
2.675267526752675,3838.631002769617,1107.5527087245619,1.0,1.0,255
2.676267626762676,1708.260948007961,1102.6762136108937,1.0,1.0,255
2.677267726772677,2284.4171857111105,1106.476150203272,1.0,1.0,255
2.6782678267826783,0.0,1142.294446729642,1.0,1.0,255
2.6792679267926793,1409.1399624973837,1141.2671611862252,1.0,1.0,255
2.6802680268026804,132.85744042745182,1138.610012377676,1.0,1.0,255
2.6812681268126815,2502.001447842261,1137.093813163796,1.0,1.0,255
2.682268226822682,960.4162465096372,1121.956001456178,1.0,1.0,255
2.683268326832683,4095.0,1148.642353687373,1.0,1.0,255
2.684268426842684,1969.15330419903,1115.2706585022904,1.0,1.0,255
2.6852685268526852,3288.8418894754845,1129.4074828780574,1.0,1.0,255
2.6862686268626863,3076.9994990912246,1123.7312967472722,1.0,1.0,255
2.6872687268726874,4095.0,1143.2043663332643,1.0,1.0,255
2.6882688268826884,2217.7627011284844,1116.506803275454,1.0,1.0,255
2.6892689268926895,4090.7407990848674,1148.3452138742018,1.0,1.0,255
2.69026902690269,3593.233325973506,1157.8821147125955,1.0,1.0,255
2.691269126912691,2181.086478095669,1144.3462448196035,1.0,1.0,255
2.692269226922692,2037.091647588489,1103.6044118678337,1.0,1.0,255
2.6932693269326933,1799.002097513406,1078.5444749027538,1.0,1.0,255
2.6942694269426943,4095.0,1093.2281525714561,1.0,1.0,255
2.6952695269526954,1847.9311592825486,1075.0842614660362,1.0,1.0,255
2.6962696269626965,1051.7367069953257,1076.4176362784501,1.0,1.0,255
2.697269726972697,3965.9734288981863,1073.8371048564138,1.0,1.0,255
2.698269826982698,3315.9317008535054,1091.4644016260404,1.0,1.0,255
2.699269926992699,1874.8017111302486,1084.914802008408,1.0,1.0,255
2.7002700270027002,2761.7575263032245,1058.2499525344726,1.0,1.0,255
2.7012701270127013,0.0,1078.9572908018338,1.0,1.0,255
2.7022702270227024,2557.0070196953734,1067.236138418178,1.0,1.0,255
2.7032703270327034,0.0,1085.9801791683924,1.0,1.0,255
2.7042704270427045,1306.5409743023022,1060.7975932071233,1.0,1.0,255
2.705270527052705,2312.6927861829736,1054.9532034776037,1.0,1.0,255
2.706270627062706,459.2961800416622,1045.7672798767705,1.0,1.0,255
2.707270727072707,1608.6632963318439,1022.4452028530127,1.0,1.0,255
2.7082708270827083,0.0,1063.0496288607749,1.0,1.0,255
2.7092709270927093,1868.9958700704049,1059.1758189680922,1.0,1.0,255
2.7102710271027104,1797.5201656917454,1058.5496383067273,1.0,1.0,255
2.7112711271127115,931.6146914886847,1049.5680029113817,1.0,1.0,255
2.712271227122712,3952.8691614699046,1076.3917935744823,1.0,1.0,255
2.713271327132713,429.69675795207627,1073.1219174161781,1.0,1.0,255
2.714271427142714,2101.891691036743,1033.239751236913,1.0,1.0,255
2.7152715271527152,1853.7595648537965,1027.5572541457138,1.0,1.0,255
2.7162716271627163,4095.0,1030.9932277791863,1.0,1.0,255
2.7172717271727174,0.0,1071.7985184619456,1.0,1.0,255
2.7182718271827184,406.29969868236776,1083.0356624173232,1.0,1.0,255
2.7192719271927195,0.0,1089.5642649022725,1.0,1.0,255
2.72027202720272,899.7265154501279,1099.4728847448469,1.0,1.0,255
2.721272127212721,4095.0,1105.9619577512199,1.0,1.0,255
2.722272227222722,4095.0,1105.94195775122,1.0,1.0,255
2.7232723272327233,1984.2229255746793,1105.623062423345,1.0,1.0,255
2.7242724272427243,2516.0673072861464,1099.663541726142,1.0,1.0,255
2.7252725272527254,1297.0178472821963,1078.8705647251059,1.0,1.0,255
2.7262726272627265,4095.0,1113.015783685265,1.0,1.0,255
2.727272727272727,1060.6578093029593,1128.0342837849835,1.0,1.0,255
2.728272827282728,2913.8940431504043,1104.3921646479916,1.0,1.0,255
2.729272927292729,1345.0389530323732,1105.674184837292,1.0,1.0,255
2.7302730273027302,4002.1905546949356,1106.4551447397396,1.0,1.0,255
2.7312731273127313,1198.4867438648898,1114.3653809055968,1.0,1.0,255
2.7322732273227324,4095.0,1133.5537058357895,1.0,1.0,255
2.7332733273327334,1016.2947670067028,1113.2478104956554,1.0,1.0,255
2.7342734273427345,0.0,1152.6308765796362,1.0,1.0,255
2.735273527352735,418.07731563648986,1160.4124924773967,1.0,1.0,255
2.736273627362736,1460.9297992899737,1151.5739065097725,1.0,1.0,255
2.737273727372737,3958.9317037467727,1148.852540584708,1.0,1.0,255
2.7382738273827383,1240.9200863877768,1161.598884834383,1.0,1.0,255
2.7392739273927393,1443.5380310559653,1132.8333082315664,1.0,1.0,255
2.7402740274027404,0.0,1142.8886417120962,1.0,1.0,255
2.7412741274127415,1667.841994618151,1147.8300722578197,1.0,1.0,255
2.742274227422742,2491.3147264053605,1156.4781997376967,1.0,1.0,255
2.743274327432743,1907.9346635147951,1154.299548417669,1.0,1.0,255
2.744274427442744,2293.60156102902,1118.2715796382495,1.0,1.0,255
2.7452745274527453,434.11218088715646,1146.5479592061572,1.0,1.0,255
2.7462746274627463,1672.9519083001323,1134.123655180061,1.0,1.0,255
2.7472747274727474,0.0,1136.7241866020972,1.0,1.0,255
2.7482748274827484,3359.9086350944744,1137.6037252869166,1.0,1.0,255
2.7492749274927495,2026.914615275441,1134.5614672040128,1.0,1.0,255
2.75027502750275,0.0,1161.2463166779482,1.0,1.0,255
2.751275127512751,1501.727029652846,1131.2117760848914,1.0,1.0,255
2.752275227522752,1121.5019639612487,1139.561596411759,1.0,1.0,255
2.7532753275327533,972.8074497262701,1120.1054474172333,1.0,1.0,255
2.7542754275427543,3255.489794312707,1129.4260627895335,1.0,1.0,255
2.7552755275527554,0.0,1165.092207065874,1.0,1.0,255
2.7562756275627565,2555.6535712059695,1143.4712020908266,1.0,1.0,255
2.757275727572757,2321.787615671145,1140.1602203308864,1.0,1.0,255
2.758275827582758,4075.682323891716,1139.7538668087207,1.0,1.0,255
2.759275927592759,1821.177087681051,1140.710242456508,1.0,1.0,255
2.7602760276027603,0.0,1176.6606457703426,1.0,1.0,255
2.7612761276127613,773.1737906342864,1179.8294637874308,1.0,1.0,255
2.7622762276227624,726.1858550264583,1168.1683634575033,1.0,1.0,255
2.7632763276327634,3518.331322350093,1165.2089250635468,1.0,1.0,255
2.7642764276427645,280.1181690324331,1199.4887278621634,1.0,1.0,255
2.765276527652765,3722.3509807071414,1229.090938773382,1.0,1.0,255
2.766276627662766,684.1593302114688,1215.4277521691527,1.0,1.0,255
2.7672767276727672,482.4441872738016,1205.7788684236766,1.0,1.0,255
2.7682768276827683,365.8461883175514,1206.587938630973,1.0,1.0,255
2.7692769276927693,2401.397897599735,1172.6958965829676,1.0,1.0,255
2.7702770277027704,4095.0,1190.6704268919702,1.0,1.0,255
2.7712771277127715,3397.3451677630233,1176.7173302472306,1.0,1.0,255
2.772277227722772,973.8867377235438,1157.25959549276,1.0,1.0,255
2.773277327732773,0.0,1196.9440540042535,1.0,1.0,255
2.774277427742774,1861.7636737582156,1191.3074343833662,1.0,1.0,255
2.7752775277527753,2781.852238395126,1190.9648360969127,1.0,1.0,255
2.7762776277627763,1874.1111201714468,1153.502613693484,1.0,1.0,255
2.7772777277727774,2644.89042180053,1145.6935783155539,1.0,1.0,255
2.7782778277827784,3131.7074456192668,1150.0498463649308,1.0,1.0,255
2.7792779277927795,2645.219711681081,1147.9350196592002,1.0,1.0,255
2.78027802780278,3310.6102252888686,1134.1034130710786,1.0,1.0,255
2.781278127812781,1974.4112524930695,1118.5849228985153,1.0,1.0,255
2.7822782278227822,0.0,1118.6049228985153,1.0,1.0,255
2.7832783278327833,1522.7637932295981,1108.475542374057,1.0,1.0,255
2.7842784278427843,1798.4404758473172,1072.5067328571108,1.0,1.0,255
2.7852785278527854,3197.367217677631,1062.8956235233932,1.0,1.0,255
2.7862786278627865,4095.0,1092.0942195091927,1.0,1.0,255
2.787278727872787,2219.660221553427,1057.308789865326,1.0,1.0,255
2.788278827882788,4040.703520131498,1081.0212619957115,1.0,1.0,255
2.789278927892789,2387.920313153678,1075.7304288799046,1.0,1.0,255
2.7902790279027903,4095.0,1075.7104288799042,1.0,1.0,255
2.7912791279127913,1404.9927766187025,1080.9674132398932,1.0,1.0,255
2.7922792279227924,2704.763139352119,1085.2363814988282,1.0,1.0,255
2.7932793279327934,2292.353521534064,1087.3221451998056,1.0,1.0,255
2.7942794279427945,998.4530935511636,1103.4010521082018,1.0,1.0,255
2.795279527952795,0.0,1112.083295725945,1.0,1.0,255
2.796279627962796,827.8198379203241,1128.9859371335413,1.0,1.0,255
2.7972797279727972,0.0,1128.9859371335413,1.0,1.0,255
2.7982798279827983,2534.5951612468916,1112.4796676565895,1.0,1.0,255
2.7992799279927993,863.8569063176724,1135.740821835745,1.0,1.0,255
2.8002800280028004,3083.0100644445347,1115.4810231246358,1.0,1.0,255
2.8012801280128015,0.0,1145.5155637176927,1.0,1.0,255
2.802280228022802,4095.0,1167.9256029969176,1.0,1.0,255
2.803280328032803,2201.7472243138363,1149.4966964777198,1.0,1.0,255
2.804280428042804,2387.0043309775456,1132.1269872110163,1.0,1.0,255
2.8052805280528053,755.4783840662628,1117.017419529691,1.0,1.0,255
2.8062806280628063,2147.8095723966703,1108.8605395535053,1.0,1.0,255
2.8072807280728074,531.1218662517663,1133.7223499150468,1.0,1.0,255
2.8082808280828084,0.0,1134.1287034372126,1.0,1.0,255
2.8092809280928095,3541.02780258916,1159.452801242617,1.0,1.0,255
2.81028102810281,4095.0,1159.4328012426167,1.0,1.0,255
2.811281128112811,1253.934320990174,1149.8175906354993,1.0,1.0,255
2.8122812281228122,719.0823514034162,1149.9596607079602,1.0,1.0,255
2.8132813281328133,2088.560214670808,1121.3642385543744,1.0,1.0,255
2.8142814281428143,3812.2075553405925,1121.290753041835,1.0,1.0,255
2.8152815281528154,1683.2814321379399,1095.0981047849332,1.0,1.0,255
2.8162816281628165,2021.5401723966331,1068.3504879412299,1.0,1.0,255
2.817281728172817,3106.514747739696,1058.2096666415,1.0,1.0,255
2.818281828182818,4095.0,1065.5065904078508,1.0,1.0,255
2.819281928192819,191.48128287712007,1095.5690067983137,1.0,1.0,255
2.8202820282028203,1301.2542993205839,1069.5639208119019,1.0,1.0,255
2.8212821282128213,2165.910400324382,1044.9352254631292,1.0,1.0,255
2.8222822282228224,1344.8570297702263,1037.5158196221957,1.0,1.0,255
2.8232823282328234,1428.8198143985146,1008.9394233342252,1.0,1.0,255
2.8242824282428245,1793.8417928518215,1010.2978609523532,1.0,1.0,255
2.825282528252825,1376.3927768763533,1009.0529606469238,1.0,1.0,255
2.826282628262826,2820.576110199062,1021.0267052543338,1.0,1.0,255
2.8272827282728272,3502.862537264943,1038.186147563622,1.0,1.0,255
2.8282828282828283,1665.5854865700644,1024.1602889198352,1.0,1.0,255
2.8292829282928293,305.35698191788765,1047.0687550478558,1.0,1.0,255
2.8302830283028304,2603.775649388088,1032.9320635298402,1.0,1.0,255
2.8312831283128315,1846.4726510415119,1035.4908355588716,1.0,1.0,255
2.832283228322832,581.0445306703821,1023.8699449454637,1.0,1.0,255
2.833283328332833,2596.367689877772,1024.3325746076111,1.0,1.0,255
2.834283428342834,3116.5051242183754,1040.7114866089248,1.0,1.0,255
2.8352835283528353,2692.4378734270767,1030.6128997239139,1.0,1.0,255
2.8362836283628363,3589.1520922331206,1020.4959415685762,1.0,1.0,255
2.8372837283728374,3448.171314517437,1045.0661634278563,1.0,1.0,255
2.8382838283828384,2345.2778443456727,1011.1576499121398,1.0,1.0,255
2.8392839283928395,4095.0,1045.2992436490663,1.0,1.0,255
2.84028402840284,1633.820884121291,1012.6428259666405,1.0,1.0,255
2.841284128412841,3541.7718173025182,1029.658117845065,1.0,1.0,255
2.8422842284228422,1714.6713673608103,1023.1894277108063,1.0,1.0,255
2.8432843284328433,3483.5145258637767,1047.0126477974006,1.0,1.0,255
2.8442844284428443,1665.9404316817327,1033.6629010347895,1.0,1.0,255
2.8452845284528454,3889.204940435166,1029.5269998434926,1.0,1.0,255
2.8462846284628465,2862.0115610918706,1021.4036278237368,1.0,1.0,255
2.847284728472847,2454.5700596771703,988.57502901728,1.0,1.0,255
2.848284828482848,1473.313307919433,990.3368596339537,1.0,1.0,255
2.849284928492849,676.1543618064825,994.0909105241775,1.0,1.0,255
2.8502850285028503,754.6775004516326,999.2571592262543,1.0,1.0,255
2.8512851285128513,333.93025232623154,992.5785541797295,1.0,1.0,255
2.8522852285228524,1073.3210693375713,971.132132792978,1.0,1.0,255
2.8532853285328534,2100.1013631450164,969.0992155696018,1.0,1.0,255
2.8542854285428545,3158.1802673687616,984.5227342974263,1.0,1.0,255
2.855285528552855,2719.944218451131,972.1111863477739,1.0,1.0,255
2.856285628562856,2062.8657966765772,970.412310833372,1.0,1.0,255
2.8572857285728572,1137.609151249308,958.2825651334213,1.0,1.0,255
2.8582858285828583,2820.6124211172914,932.7748135557671,1.0,1.0,255
2.8592859285928593,416.11917533549445,935.5518739972739,1.0,1.0,255
2.8602860286028604,2556.385187006229,904.7795777373985,1.0,1.0,255
2.8612861286128615,3585.188133053064,919.6420268182634,1.0,1.0,255
2.862286228622862,2515.262768913254,902.4089292245967,1.0,1.0,255
2.863286328632863,602.4041852269254,930.5096412266423,1.0,1.0,255
2.864286428642864,0.0,936.1854901198302,1.0,1.0,255
2.8652865286528653,0.0,969.8511187625891,1.0,1.0,255
2.8662866286628663,2009.2938770278301,970.0960446699651,1.0,1.0,255
2.8672867286728674,361.36466481408,982.6584564188897,1.0,1.0,255
2.8682868286828684,3140.462266064226,963.5677017401741,1.0,1.0,255
2.8692869286928695,1211.8756595916298,943.1598142058842,1.0,1.0,255
2.87028702870287,626.871005751332,956.6474800772693,1.0,1.0,255
2.871287128712871,2642.873956438848,966.1867511995584,1.0,1.0,255
2.8722872287228722,3204.5195268143852,975.2542823312506,1.0,1.0,255
2.8732873287328733,0.0,1003.8306786192209,1.0,1.0,255
2.8742874287428744,478.6415515525048,1030.1346834452072,1.0,1.0,255
2.8752875287528754,3449.078069447264,1044.7241003716797,1.0,1.0,255
2.8762876287628765,133.37589628335468,1067.5650602420312,1.0,1.0,255
2.877287728772877,1093.4037386092805,1057.5597347245464,1.0,1.0,255
2.878287828782878,2443.7195569864125,1057.825835595676,1.0,1.0,255
2.879287928792879,3388.5852865976594,1049.7846809659868,1.0,1.0,255
2.8802880288028803,2908.396883310478,1055.8771056444348,1.0,1.0,255
2.8812881288128813,1290.579970723709,1066.994959250791,1.0,1.0,255
2.8822882288228824,3385.110270494414,1064.3980552740868,1.0,1.0,255
2.8832883288328834,977.8404942937275,1074.8338915906568,1.0,1.0,255
2.8842884288428845,1682.9621718010026,1060.764545670269,1.0,1.0,255
2.885288528852885,4095.0,1088.8157882017276,1.0,1.0,255
2.886288628862886,2155.1167378803257,1060.1350811146715,1.0,1.0,255
2.8872887288728872,4095.0,1073.0716548243229,1.0,1.0,255
2.8882888288828883,296.19243627295737,1102.1622492119502,1.0,1.0,255
2.8892889288928894,2540.8054914275817,1071.0783590405017,1.0,1.0,255
2.8902890289028904,0.0,1103.7547767229275,1.0,1.0,255
2.8912891289128915,1455.2789015518288,1085.7337623458407,1.0,1.0,255
2.892289228922892,2689.0180315084594,1091.8875503232262,1.0,1.0,255
2.893289328932893,3187.0805335455816,1085.958870476862,1.0,1.0,255
2.894289428942894,1338.741737717679,1092.5028443561432,1.0,1.0,255
2.8952895289528953,1320.1005915662881,1070.236733716114,1.0,1.0,255
2.8962896289628963,469.5877825455407,1085.5247468433658,1.0,1.0,255
2.8972897289728974,0.0,1118.3533456498226,1.0,1.0,255
2.8982898289828984,1751.3041331942284,1112.7935291443268,1.0,1.0,255
2.8992899289928995,941.5863941989219,1107.4848884964779,1.0,1.0,255
2.9002900290029,863.3342551091246,1105.311753403328,1.0,1.0,255
2.901290129012901,3891.1559509023905,1107.8934774679005,1.0,1.0,255
2.9022902290229022,2801.6557322348926,1103.4730134993497,1.0,1.0,255
2.9032903290329033,3538.586005806318,1132.2427063525759,1.0,1.0,255
2.9042904290429044,2381.123594454847,1116.7015728942974,1.0,1.0,255
2.9052905290529054,1079.4367787257947,1122.633952950759,1.0,1.0,255
2.9062906290629065,4095.0,1163.2766370172271,1.0,1.0,255
2.907290729072907,2250.6482544547976,1149.1217851313095,1.0,1.0,255
2.908290829082908,643.6809982662589,1161.7559167436384,1.0,1.0,255
2.909290929092909,3967.189408574299,1167.5020884218343,1.0,1.0,255
2.9102910291029103,3832.8903255800014,1193.0321911933097,1.0,1.0,255
2.9112911291129113,3340.928867598925,1188.147005884227,1.0,1.0,255
2.9122912291229124,401.481590478259,1211.7321186963968,1.0,1.0,255
2.9132913291329134,3279.090979325144,1207.442021987438,1.0,1.0,255
2.9142914291429145,2189.6389731167355,1169.3148014497729,1.0,1.0,255
2.915291529152915,2126.3350396444002,1129.9215022426608,1.0,1.0,255
2.916291629162916,356.66755101706485,1162.974028762876,1.0,1.0,255
2.9172917291729172,3640.385456425248,1161.0890311876628,1.0,1.0,255
2.9182918291829183,2865.403627004728,1155.5878584064726,1.0,1.0,255
2.9192919291929194,1814.8213445430395,1143.5289447074447,1.0,1.0,255
2.9202920292029204,2393.703240824404,1122.0204296389595,1.0,1.0,255
2.9212921292129215,0.0,1151.0829505101824,1.0,1.0,255
2.922292229222922,3250.593057168187,1152.0044211172585,1.0,1.0,255
2.923292329232923,3726.283599583773,1144.610093108934,1.0,1.0,255
2.924292429242924,3215.5329461676156,1136.5735830633364,1.0,1.0,255
2.9252925292529253,0.0,1149.5120216743912,1.0,1.0,255
2.9262926292629263,1996.525069993392,1112.2490382001904,1.0,1.0,255
2.9272927292729274,1876.2668711285453,1096.591775549805,1.0,1.0,255
2.9282928292829284,3246.2314201552354,1112.6420128131817,1.0,1.0,255
2.9292929292929295,2512.280484643148,1095.1159167740914,1.0,1.0,255
2.93029302930293,2739.932486179553,1091.746628831473,1.0,1.0,255
2.931293129312931,618.1342092285533,1105.195544061376,1.0,1.0,255
2.9322932293229322,312.502143443417,1113.1632957826193,1.0,1.0,255
2.9332933293329333,3230.1472530396163,1115.4030507292862,1.0,1.0,255
2.9342934293429344,123.31673112792669,1146.5959595427478,1.0,1.0,255
2.9352935293529354,923.1110412836058,1128.1537387170758,1.0,1.0,255
2.9362936293629365,4082.0399465302594,1166.6922028900744,1.0,1.0,255
2.937293729372937,2492.6860227146403,1134.6459233443672,1.0,1.0,255
2.938293829382938,228.4616254071202,1136.000539561684,1.0,1.0,255
2.939293929392939,0.0,1167.1044297331323,1.0,1.0,255
2.9402940294029403,949.4352238465842,1148.1157252562004,1.0,1.0,255
2.9412941294129413,3998.7553004642123,1175.2764092965213,1.0,1.0,255
2.9422942294229424,0.0,1203.4160486663523,1.0,1.0,255
2.9432943294329434,3720.370165849292,1214.0818413124261,1.0,1.0,255
2.9442944294429445,905.6320265410454,1222.744035535959,1.0,1.0,255
2.945294529452945,1067.3531722639232,1227.798983922006,1.0,1.0,255
2.946294629462946,0.0,1237.190739572917,1.0,1.0,255
2.9472947294729472,1027.7590845351158,1216.6355578822147,1.0,1.0,255
2.9482948294829483,1285.8754039622172,1225.9441324668549,1.0,1.0,255
2.9492949294929494,411.69844591198785,1236.5418914325937,1.0,1.0,255
2.9502950295029504,4095.0,1253.7885765347762,1.0,1.0,255
2.9512951295129515,1965.8064071557305,1218.569329373614,1.0,1.0,255
2.952295229522952,1594.3655317984844,1212.5689040929462,1.0,1.0,255
2.953295329532953,1550.8722381574196,1192.6997392136718,1.0,1.0,255
2.954295429542954,1952.5092517148125,1187.9470822902786,1.0,1.0,255
2.9552955295529553,3010.175581003009,1187.8193294848545,1.0,1.0,255
2.9562956295629563,2688.768221152296,1159.6946939079005,1.0,1.0,255
2.9572957295729574,1002.6817425524482,1176.5480939677554,1.0,1.0,255
2.9582958295829584,3835.609409811859,1184.2139021293178,1.0,1.0,255
2.9592959295929595,2810.9563991180685,1161.0892419401932,1.0,1.0,255
2.96029602960296,3957.8531812677775,1163.588499053949,1.0,1.0,255
2.961296129612961,2605.6663621748085,1148.8832489454667,1.0,1.0,255
2.9622962296229622,1556.9753688528185,1125.7733733779753,1.0,1.0,255
2.9632963296329633,2669.6084547897617,1113.5837228872676,1.0,1.0,255
2.9642964296429644,2944.562985629236,1128.6822031375177,1.0,1.0,255
2.9652965296529654,1187.8789054670797,1144.3179242352883,1.0,1.0,255
2.9662966296629665,234.1999982984155,1146.7672752896613,1.0,1.0,255
2.967296729672967,1493.4425138270685,1126.0107158846147,1.0,1.0,255
2.968296829682968,2628.134013041848,1121.2653236053573,1.0,1.0,255
2.969296929692969,0.0,1157.5617504962179,1.0,1.0,255
2.9702970297029703,2434.7678805179153,1158.3830432900882,1.0,1.0,255
2.9712971297129713,3230.733866760611,1141.0777206253003,1.0,1.0,255
2.9722972297229724,958.0158125959774,1138.8255432300173,1.0,1.0,255
2.9732973297329734,1875.9225832078382,1108.701419574185,1.0,1.0,255
2.9742974297429745,880.6034031669537,1108.6986925874935,1.0,1.0,255
2.975297529752975,2313.6385943128766,1073.051464473751,1.0,1.0,255
2.976297629762976,2617.5091113960684,1083.41214810154,1.0,1.0,255
2.9772977297729772,2273.4587081158315,1084.4866596864276,1.0,1.0,255
2.9782978297829783,2654.405897706615,1072.6501492374553,1.0,1.0,255
2.9792979297929794,295.90681989314385,1098.4064031467292,1.0,1.0,255
2.9802980298029804,3220.5303118046363,1108.018359659231,1.0,1.0,255
2.9812981298129815,0.0,1120.381043843802,1.0,1.0,255
2.982298229822982,1680.5704851863757,1093.0196770089428,1.0,1.0,255
2.983298329832983,1236.9928531242685,1085.596874885665,1.0,1.0,255
2.984298429842984,1958.624837734863,1048.8907127535265,1.0,1.0,255
2.9852985298529853,1597.685791141404,1035.3992177563707,1.0,1.0,255
2.9862986298629863,3755.363732972851,1028.8656934852222,1.0,1.0,255
2.9872987298729874,0.0,1060.9319730309296,1.0,1.0,255
2.9882988298829884,1903.7778408170952,1027.42564872273,1.0,1.0,255
2.9892989298929895,1922.1849303002969,988.9819501167242,1.0,1.0,255
2.99029902990299,1622.1538874724472,975.5275768442069,1.0,1.0,255
2.991299129912991,3166.7805173795905,958.8880811825144,1.0,1.0,255
2.9922992299229922,3478.1595774385114,946.5312727312847,1.0,1.0,255
2.9932993299329933,571.7106867767898,942.6096556787633,1.0,1.0,255
2.9942994299429944,3104.436253728222,940.8910212841485,1.0,1.0,255
2.9952995299529954,1583.6396527926074,930.5652916735748,1.0,1.0,255
2.9962996299629965,1375.3464276681484,903.058363120212,1.0,1.0,255
2.997299729972997,3257.292516135174,906.8393951336178,1.0,1.0,255
2.998299829982998,910.4995167339621,914.3469128781828,1.0,1.0,255
2.999299929992999,2626.01521134581,893.1811860233387,1.0,1.0,255
3.0003000300030003,130.88237651488225,890.583538493041,1.0,1.0,255
3.0013001300130013,4095.0,929.8796666361555,1.0,1.0,255
3.0023002300230024,2816.059782971732,936.1681729315599,1.0,1.0,255
3.0033003300330035,3047.9577757139596,946.2247732089874,1.0,1.0,255
3.0043004300430045,0.0,985.2749582432837,1.0,1.0,255
3.005300530053005,4095.0,1006.9714466232236,1.0,1.0,255
3.006300630063006,1361.2568966819426,1007.8909442665386,1.0,1.0,255
3.0073007300730072,4095.0,1027.9245791175877,1.0,1.0,255
3.0083008300830083,852.9844628749577,1016.0727016638511,1.0,1.0,255
3.0093009300930094,3124.7125278889152,1022.347824239268,1.0,1.0,255
3.0103010301030104,676.8429296135787,1011.573902021641,1.0,1.0,255
3.0113011301130115,1470.6589993126545,1011.9673947918918,1.0,1.0,255
3.012301230123012,3372.4897986696324,1028.6366981423407,1.0,1.0,255
3.013301330133013,4095.0,1057.1445290465456,1.0,1.0,255
3.014301430143014,3491.7324922527587,1068.0879191790161,1.0,1.0,255
3.0153015301530153,1325.508705765407,1065.3353231730493,1.0,1.0,255
3.0163016301630163,1659.4622705550482,1036.8300777279167,1.0,1.0,255
3.0173017301730174,2966.544925097643,1044.109826506411,1.0,1.0,255
3.0183018301830185,2825.099388990336,1048.0491340253807,1.0,1.0,255
3.0193019301930195,0.0,1048.0491340253807,1.0,1.0,255
3.02030203020302,4095.0,1081.2537764150227,1.0,1.0,255
3.021302130213021,3026.796364241463,1077.1750263646393,1.0,1.0,255
3.0223022302230222,62.80687326073917,1095.0792051513442,1.0,1.0,255
3.0233023302330233,3512.2198361188575,1120.9220535378781,1.0,1.0,255
3.0243024302430244,0.0,1138.5341216012173,1.0,1.0,255
3.0253025302530254,1600.1943308966497,1142.1774630970267,1.0,1.0,255
3.0263026302630265,2696.3592926765527,1143.7544667226364,1.0,1.0,255
3.027302730273027,0.0,1180.2052925603198,1.0,1.0,255
3.028302830283028,2370.6595533876884,1174.5303656739413,1.0,1.0,255
3.029302930293029,1635.9620304647951,1147.7292614625082,1.0,1.0,255
3.0303030303030303,2571.56552363175,1134.7499656990503,1.0,1.0,255
3.0313031303130313,2717.8882628856645,1107.1877309567637,1.0,1.0,255
3.0323032303230324,1337.714683000771,1114.044847000476,1.0,1.0,255
3.0333033303330335,1467.5576052336419,1109.4335519582885,1.0,1.0,255
3.0343034303430345,459.8148139447867,1139.40975243409,1.0,1.0,255
3.035303530353035,1907.9714320927376,1133.2040396150633,1.0,1.0,255
3.036303630363036,2838.760516377232,1114.8719752831507,1.0,1.0,255
3.0373037303730372,2748.946418362927,1087.9309036504094,1.0,1.0,255
3.0383038303830383,1771.9805418765143,1090.566849629221,1.0,1.0,255
3.0393039303930394,0.0,1129.010548235227,1.0,1.0,255
3.0403040304030404,2873.078597292808,1136.995197930532,1.0,1.0,255
3.0413041304130415,1570.0246806217276,1124.1790939705056,1.0,1.0,255
3.042304230423042,2828.268976735759,1111.1812819564507,1.0,1.0,255
3.043304330433043,3343.0391459950633,1107.5562786118876,1.0,1.0,255
3.044304430443044,4095.0,1127.3675535373231,1.0,1.0,255
3.0453045304530453,2362.2878947568042,1124.3661044883113,1.0,1.0,255
3.0463046304630463,2346.630295627238,1116.885638954219,1.0,1.0,255
3.0473047304730474,0.0,1133.6597886315158,1.0,1.0,255
3.0483048304830485,1800.5954786634281,1115.8578693929267,1.0,1.0,255
3.0493049304930495,0.0,1145.2575651660104,1.0,1.0,255
3.05030503050305,1694.9179642643262,1113.9768534110217,1.0,1.0,255
3.051305130513051,460.79169303999083,1104.7810195502216,1.0,1.0,255
3.0523052305230522,1558.3324184756602,1099.2131755212738,1.0,1.0,255
3.0533053305330533,4095.0,1120.1540200069946,1.0,1.0,255
3.0543054305430544,3272.0983831564968,1103.6759876701246,1.0,1.0,255
3.0553055305530554,459.5525078502569,1094.5049375131196,1.0,1.0,255
3.0563056305630565,2181.8133914157524,1083.4463432750736,1.0,1.0,255
3.057305730573057,0.0,1083.4663432750735,1.0,1.0,255
3.058305830583058,3360.060031517448,1085.8072331629219,1.0,1.0,255
3.059305930593059,706.6208861241391,1091.1005648826606,1.0,1.0,255
3.0603060306030603,4095.0,1104.6174234749321,1.0,1.0,255
3.0613061306130613,0.0,1134.0306034611851,1.0,1.0,255
3.0623062306230624,2593.9589682637443,1118.4599868530672,1.0,1.0,255
3.0633063306330635,2922.5351672338966,1095.0106901977454,1.0,1.0,255
3.0643064306430645,4095.0,1107.0760403526901,1.0,1.0,255
3.065306530653065,2807.744141635897,1107.8210973007162,1.0,1.0,255
3.066306630663066,4095.0,1140.990342711817,1.0,1.0,255
3.0673067306730672,0.0,1163.5794442098643,1.0,1.0,255
3.0683068306830683,4095.0,1188.9774564300576,1.0,1.0,255
3.0693069306930694,897.9415694426425,1171.0186250412048,1.0,1.0,255
3.0703070307030704,4095.0,1171.0186250412048,1.0,1.0,255
3.0713071307130715,283.36030503597135,1186.735491655656,1.0,1.0,255
3.072307230723072,41.29114425244961,1187.1658062358217,1.0,1.0,255
3.073307330733073,644.7276019286094,1185.9468574748723,1.0,1.0,255
3.074307430743074,915.845073077935,1167.6299560133136,1.0,1.0,255
3.0753075307530753,2145.2514728584833,1160.6188720884165,1.0,1.0,255
3.0763076307630763,0.0,1188.6116862348854,1.0,1.0,255
3.0773077307730774,1118.4208722155145,1166.243268790575,1.0,1.0,255
3.0783078307830785,1756.25148342464,1165.6250480543285,1.0,1.0,255
3.0793079307930795,3511.711186387307,1186.6585123913706,1.0,1.0,255
3.08030803080308,1293.334473863399,1191.2805124414676,1.0,1.0,255
3.081308130813081,3729.5100176518954,1211.5129475367921,1.0,1.0,255
3.0823082308230823,4058.8016325874164,1237.523273848556,1.0,1.0,255
3.0833083308330833,2020.8397062850593,1226.4576318275278,1.0,1.0,255
3.0843084308430844,2356.068628702868,1200.855300680481,1.0,1.0,255
3.0853085308530854,4095.0,1238.9947293223356,1.0,1.0,255
3.0863086308630865,2001.4858615119156,1224.1098017645527,1.0,1.0,255
3.0873087308730875,1020.8434877732097,1230.6340036418298,1.0,1.0,255
3.088308830883088,0.0,1266.0736144793602,1.0,1.0,255
3.0893089308930892,4095.0,1266.05361447936,1.0,1.0,255
3.0903090309030903,1953.8107749795263,1251.4358270339137,1.0,1.0,255
3.0913091309130913,297.11443388892985,1276.8940319685694,1.0,1.0,255
3.0923092309230924,417.423027377326,1293.9001918863078,1.0,1.0,255
3.0933093309330935,924.9176779504685,1290.4610554073972,1.0,1.0,255
3.0943094309430945,2600.420284921665,1260.5694611058307,1.0,1.0,255
3.095309530953095,2932.293898017324,1271.9695811710408,1.0,1.0,255
3.096309630963096,1060.369721626982,1285.7495808259566,1.0,1.0,255
3.0973097309730973,0.0,1285.7495808259566,1.0,1.0,255
3.0983098309830983,0.0,1321.761490399225,1.0,1.0,255
3.0993099309930994,2172.6433721122103,1283.2943578414693,1.0,1.0,255
3.1003100310031004,1066.5691228160545,1295.8613346704346,1.0,1.0,255
3.1013101310131015,2078.438401702863,1264.725936565292,1.0,1.0,255
3.1023102310231025,2658.0809378661206,1267.1342036921274,1.0,1.0,255
3.103310331033103,2161.969073447403,1228.4735851610758,1.0,1.0,255
3.1043104310431042,1873.1964075091498,1207.4876893477624,1.0,1.0,255
3.1053105310531053,2643.4550971860203,1187.6278414484884,1.0,1.0,255
3.1063106310631063,1020.7001160747532,1205.4975712986782,1.0,1.0,255
3.1073107310731074,2550.6289799501324,1174.5901508976806,1.0,1.0,255
3.1083108310831085,1682.439084413165,1155.6601685790683,1.0,1.0,255
3.1093109310931095,4095.0,1169.7725863015512,1.0,1.0,255
3.11031103110311,254.58879559384354,1164.700810389674,1.0,1.0,255
3.111311131113111,2536.414369188856,1133.509097773451,1.0,1.0,255
3.1123112311231123,1857.6108977714944,1126.3977004527462,1.0,1.0,255
3.1133113311331133,2553.7546590299125,1119.0220902886667,1.0,1.0,255
3.1143114311431144,2807.327860914108,1093.2686475069488,1.0,1.0,255
3.1153115311531154,3994.728335085606,1117.0083313759428,1.0,1.0,255
3.1163116311631165,3322.9258672747587,1101.566848721438,1.0,1.0,255
3.1173117311731176,1968.6531499923913,1062.19378572159,1.0,1.0,255
3.118311831183118,0.0,1062.2137857215903,1.0,1.0,255
3.1193119311931192,2488.921659224313,1048.0310502949292,1.0,1.0,255
3.1203120312031203,1533.2766749441744,1017.3855167960457,1.0,1.0,255
3.1213121312131213,842.8181906768518,1006.1963590832283,1.0,1.0,255
3.1223122312231224,1846.2941535284167,970.096298897709,1.0,1.0,255
3.1233123312331235,2299.4072345788027,947.058995627857,1.0,1.0,255
3.1243124312431245,495.0715827192637,955.4744654350304,1.0,1.0,255
3.125312531253125,0.0,994.4894359778608,1.0,1.0,255
3.126312631263126,1279.0581814607492,968.9082723486458,1.0,1.0,255
3.1273127312731273,2417.6707804057864,957.7101054010719,1.0,1.0,255
3.1283128312831283,236.9095336735038,988.0969443960946,1.0,1.0,255
3.1293129312931294,299.55724541569884,993.7915757600346,1.0,1.0,255
3.1303130313031304,1823.5207683605688,983.1878498700913,1.0,1.0,255
3.1313131313131315,0.0,990.5176495170535,1.0,1.0,255
3.1323132313231326,3390.075302280148,977.1431229109081,1.0,1.0,255
3.133313331333133,1327.8135023630125,991.003646989349,1.0,1.0,255
3.1343134313431342,319.2841921599488,1019.4165905720928,1.0,1.0,255
3.1353135313531353,469.3998918854777,1010.0485927343833,1.0,1.0,255
3.1363136313631363,186.987817039221,1046.338553623837,1.0,1.0,255
3.1373137313731374,2230.7962673623233,1029.4513487265478,1.0,1.0,255
3.1383138313831385,1714.819403180503,995.1549606629379,1.0,1.0,255
3.1393139313931395,3945.604789627748,992.1670564554929,1.0,1.0,255
3.14031403140314,1048.387854983625,1010.2755148554107,1.0,1.0,255
3.141314131413141,3454.250895492647,1003.3828214430425,1.0,1.0,255
3.1423142314231423,1612.9566540409385,979.4721489097702,1.0,1.0,255
3.1433143314331433,1995.4481715405607,958.0615390379684,1.0,1.0,255
3.1443144314431444,2932.6897143336655,964.7069276262083,1.0,1.0,255
3.1453145314531454,2110.5713767649413,948.2724772011608,1.0,1.0,255
3.1463146314631465,1571.0587262849328,938.0586971080018,1.0,1.0,255
3.1473147314731476,0.0,938.0586971080016,1.0,1.0,255
3.148314831483148,0.0,938.0586971080015,1.0,1.0,255
3.1493149314931492,3158.1908347332455,957.769646360422,1.0,1.0,255
3.1503150315031503,0.0,979.1010288167432,1.0,1.0,255
3.1513151315131513,1244.9975553282034,994.5523096761218,1.0,1.0,255
3.1523152315231524,1265.8795857150276,997.9930992044989,1.0,1.0,255
3.1533153315331535,1233.4778658880018,1012.0041604177907,1.0,1.0,255
3.1543154315431545,347.4475235059317,1042.5191380978551,1.0,1.0,255
3.155315531553155,2664.7579467348405,1042.9451950888317,1.0,1.0,255
3.156315631563156,27.282831095633128,1062.813540788414,1.0,1.0,255
3.1573157315731573,1252.039602636953,1068.6801691366722,1.0,1.0,255
3.1583158315831583,1073.9214622355241,1080.8505215802252,1.0,1.0,255
3.1593159315931594,1333.9351797159434,1054.191817985906,1.0,1.0,255
3.1603160316031604,771.3677722056161,1043.8562384536708,1.0,1.0,255
3.1613161316131615,2316.1153945074834,1039.4502589600434,1.0,1.0,255
3.1623162316231626,3722.987725002784,1069.1422314155288,1.0,1.0,255
3.163316331633163,1625.9322242341382,1067.4684937502477,1.0,1.0,255
3.1643164316431642,3848.426003458745,1088.2904566011402,1.0,1.0,255
3.1653165316531653,1810.8784545948736,1054.0983208075309,1.0,1.0,255
3.1663166316631663,2262.0830696659223,1032.8814648553544,1.0,1.0,255
3.1673167316731674,2480.379577295328,1039.9421194011086,1.0,1.0,255
3.1683168316831685,2164.2767422420775,1001.3076542459503,1.0,1.0,255
3.1693169316931695,2457.1081381062936,1000.6713838235897,1.0,1.0,255
3.17031703170317,3472.687612157548,1018.8706695656242,1.0,1.0,255
3.171317131713171,3427.6525467466327,1022.3600843140941,1.0,1.0,255
3.1723172317231723,4050.6728338635394,1058.3794240619332,1.0,1.0,255
3.1733173317331733,169.93829451372335,1090.9125134800827,1.0,1.0,255
3.1743174317431744,0.0,1100.813945134468,1.0,1.0,255
3.1753175317531754,3405.0615903249363,1086.9951769409665,1.0,1.0,255
3.1763176317631765,0.0,1112.5763405701814,1.0,1.0,255
3.1773177317731776,4095.0,1146.1229249620656,1.0,1.0,255
3.178317831783178,1174.3988656975012,1127.373138321586,1.0,1.0,255
3.1793179317931792,4095.0,1133.3442832299,1.0,1.0,255
3.1803180318031803,1775.0220284459538,1134.3142580281922,1.0,1.0,255
3.1813181318131813,1864.9276037842756,1097.0157059525068,1.0,1.0,255
3.1823182318231824,3646.2097368341983,1102.1383946435876,1.0,1.0,255
3.1833183318331835,1318.4029280172697,1102.3266061305023,1.0,1.0,255
3.1843184318431845,3873.074985410607,1104.2537896819135,1.0,1.0,255
3.185318531853185,3186.850052584858,1095.4587885713204,1.0,1.0,255
3.186318631863186,1970.9950914658468,1059.7786430827875,1.0,1.0,255
3.1873187318731873,2483.4380647794833,1064.8314790311306,1.0,1.0,255
3.1883188318831883,879.960941620709,1081.5286482623264,1.0,1.0,255
3.1893189318931894,4095.0,1084.5165524697718,1.0,1.0,255
3.1903190319031904,2098.1293978222607,1065.5268975258896,1.0,1.0,255
3.1913191319131915,599.977532482131,1066.362328966394,1.0,1.0,255
3.1923192319231926,0.0,1098.6214620472126,1.0,1.0,255
3.193319331933193,4090.9888912837596,1138.430203303699,1.0,1.0,255
3.1943194319431942,3265.357829584563,1145.083565608717,1.0,1.0,255
3.1953195319531953,4095.0,1184.772138073418,1.0,1.0,255
3.1963196319631964,2136.5345854830407,1177.0040043087774,1.0,1.0,255
3.1973197319731974,4041.934863338298,1175.9227015755434,1.0,1.0,255
3.1983198319831985,0.0,1175.9227015755434,1.0,1.0,255
3.1993199319931995,216.44926922804643,1190.349899496318,1.0,1.0,255
3.2003200320032,171.96521550819034,1186.9105951861538,1.0,1.0,255
3.201320132013201,3957.910087308106,1209.04874803888,1.0,1.0,255
3.2023202320232023,0.0,1234.3663397531805,1.0,1.0,255
3.2033203320332033,613.6766428361498,1246.7623642142178,1.0,1.0,255
3.2043204320432044,4095.0,1253.691314684336,1.0,1.0,255
3.2053205320532054,2917.0740123936894,1258.737635997513,1.0,1.0,255
3.2063206320632065,1989.5723581434584,1219.4918454565568,1.0,1.0,255
3.2073207320732076,0.0,1244.532637509296,1.0,1.0,255
3.208320832083208,0.0,1266.0110667540064,1.0,1.0,255
3.2093209320932092,1852.3747620369043,1255.6422751075872,1.0,1.0,255
3.2103210321032103,3904.2372339118265,1267.234375229936,1.0,1.0,255
3.2113211321132114,1184.263329128705,1279.1468007572123,1.0,1.0,255
3.2123212321232124,2136.8338598869436,1247.4237234548955,1.0,1.0,255
3.2133213321332135,1973.676312509394,1240.4688416893905,1.0,1.0,255
3.2143214321432145,1319.3625889556997,1219.0330698411015,1.0,1.0,255
3.215321532153215,0.0,1255.2506389329992,1.0,1.0,255
3.216321632163216,4095.0,1291.9089775396806,1.0,1.0,255
3.2173217321732173,292.6006648420814,1318.3693726969325,1.0,1.0,255
3.2183218321832183,1145.6210241571287,1334.0914173689484,1.0,1.0,255
3.2193219321932194,3462.197799871382,1354.1932106042502,1.0,1.0,255
3.2203220322032204,13.880436182422045,1366.3818496374504,1.0,1.0,255
3.2213221322132215,4095.0,1379.728798702518,1.0,1.0,255
3.2223222322232226,1339.259115161577,1353.8501597220156,1.0,1.0,255
3.223322332233223,4095.0,1357.2289256122901,1.0,1.0,255
3.2243224322432242,3307.1962041129013,1341.4528496945481,1.0,1.0,255
3.2253225322532253,4095.0,1355.2516178880496,1.0,1.0,255
3.2263226322632264,0.0,1355.2516178880496,1.0,1.0,255
3.2273227322732274,1768.7243008445296,1319.8971318711588,1.0,1.0,255
3.2283228322832285,1764.4457593223235,1308.0961939986623,1.0,1.0,255
3.2293229322932295,859.9914584375704,1290.916364829911,1.0,1.0,255
3.23032303230323,225.46163212768693,1321.907572756276,1.0,1.0,255
3.231323132313231,233.6744977413132,1354.5326348771353,1.0,1.0,255
3.2323232323232323,2093.1200726625857,1323.470841593703,1.0,1.0,255
3.2333233323332333,3048.789049927869,1328.894681152606,1.0,1.0,255
3.2343234323432344,3784.5442544969046,1327.1240665343323,1.0,1.0,255
3.2353235323532354,1808.7641360560501,1309.1317827615137,1.0,1.0,255
3.2363236323632365,4095.0,1348.5316845908308,1.0,1.0,255
3.2373237323732376,0.0,1380.7829232952413,1.0,1.0,255
3.238323832383238,2928.1581762797955,1375.025305653251,1.0,1.0,255
3.2393239323932392,3261.8834965382193,1358.3629755840154,1.0,1.0,255
3.2403240324032403,0.0,1398.3203876275702,1.0,1.0,255
3.2413241324132414,2451.9194388156475,1377.4383270535257,1.0,1.0,255
3.2423242324232424,4095.0,1377.4183270535257,1.0,1.0,255
3.2433243324332435,1915.8263758671806,1339.202021710507,1.0,1.0,255
3.2443244324432445,660.9728091225295,1342.5954089363652,1.0,1.0,255
3.245324532453245,3429.6811762461048,1329.2890324612877,1.0,1.0,255
3.246324632463246,2280.4028859678415,1332.1663984709833,1.0,1.0,255
3.2473247324732473,4095.0,1333.2277012042177,1.0,1.0,255
3.2483248324832483,4095.0,1333.2077012042178,1.0,1.0,255
3.2493249324932494,3436.7081305441425,1324.3508491996615,1.0,1.0,255
3.2503250325032504,144.28991810140997,1324.904355147797,1.0,1.0,255
3.2513251325132515,1864.683242876234,1290.3724885441102,1.0,1.0,255
3.2523252325232526,1609.6415761394246,1258.1796570213214,1.0,1.0,255
3.253325332533253,740.5644371842764,1255.6419011343592,1.0,1.0,255
3.2543254325432542,458.1033351258766,1246.4998344318417,1.0,1.0,255
3.2553255325532553,540.5083158849204,1259.2681878662695,1.0,1.0,255
3.2563256325632564,1161.2322298670667,1275.8349904317972,1.0,1.0,255
3.2573257325732574,4095.0,1275.8149904317972,1.0,1.0,255
3.2583258325832585,2167.914676144026,1237.2532839546777,1.0,1.0,255
3.2593259325932595,2047.9207131807027,1233.342364931802,1.0,1.0,255
3.26032603260326,2155.3662453494435,1198.3649451605543,1.0,1.0,255
3.261326132613261,0.0,1222.0502117431283,1.0,1.0,255
3.2623262326232623,2126.3283984989757,1221.840102515369,1.0,1.0,255
3.2633263326332633,2858.686331569685,1236.5673553969502,1.0,1.0,255
3.2643264326432644,2522.6626719815827,1231.487860615696,1.0,1.0,255
3.2653265326532654,4095.0,1231.467860615696,1.0,1.0,255
3.2663266326632665,2759.976332399139,1204.7673872636788,1.0,1.0,255
3.2673267326732676,1486.0404218492931,1180.8985921235349,1.0,1.0,255
3.268326832683268,0.0,1203.8110126066772,1.0,1.0,255
3.2693269326932692,3505.0546437671073,1204.668149484592,1.0,1.0,255
3.2703270327032703,376.81019638058183,1197.4095542806283,1.0,1.0,255
3.2713271327132714,1986.9924237005823,1157.6897058066168,1.0,1.0,255
3.2723272327232724,2640.606767599924,1155.3670234618467,1.0,1.0,255
3.2733273327332735,1239.9721938490588,1130.5875795848654,1.0,1.0,255
3.2743274327432745,1384.6554383686862,1118.6705467352338,1.0,1.0,255
3.275327532753275,2204.058573974418,1080.851718214722,1.0,1.0,255
3.276327632763276,721.9671887280479,1066.412374440161,1.0,1.0,255
3.2773277327732773,369.98361896853316,1094.3871880776812,1.0,1.0,255
3.2783278327832783,1510.937121331482,1099.457360837498,1.0,1.0,255
3.2793279327932794,857.5531790912414,1099.5061264244243,1.0,1.0,255
3.2803280328032804,1969.6292910232196,1064.622773246514,1.0,1.0,255
3.2813281328132815,2191.0121725922986,1031.1965066531861,1.0,1.0,255
3.2823282328232826,1084.5111320171145,1049.5638825595922,1.0,1.0,255
3.283328332833283,1663.196301730742,1037.2441755264201,1.0,1.0,255
3.2843284328432842,2278.335103334067,1007.1199925031632,1.0,1.0,255
3.2853285328532853,1357.8286223675773,1016.1387027769327,1.0,1.0,255
3.2863286328632864,2212.9298229141273,978.4972992352153,1.0,1.0,255
3.2873287328732874,1055.5363742473007,957.3865717502694,1.0,1.0,255
3.2883288328832885,2825.9582459117037,955.3425731429074,1.0,1.0,255
3.2893289328932895,3148.95796224214,953.0840624569859,1.0,1.0,255
3.29032903290329,4095.0,953.0640624569859,1.0,1.0,255
3.291329132913291,4095.0,985.925673680673,1.0,1.0,255
3.2923292329232923,0.0,985.9456736806729,1.0,1.0,255
3.2933293329332933,0.0,1024.2622011980168,1.0,1.0,255
3.2943294329432944,4095.0,1037.4616573804672,1.0,1.0,255
3.2953295329532954,1632.9162009184195,1018.1297098371765,1.0,1.0,255
3.2963296329632965,3471.9119392431103,1041.9598909026818,1.0,1.0,255
3.2973297329732976,1230.3902699853368,1017.3720855029751,1.0,1.0,255
3.298329832983298,3789.047665561212,1011.2530388141994,1.0,1.0,255
3.2993299329932992,2429.835782237473,991.115591848066,1.0,1.0,255
3.3003300330033003,2414.227637409528,960.3659429582849,1.0,1.0,255
3.3013301330133014,2523.3457074048124,966.2065219639059,1.0,1.0,255
3.3023302330233024,1381.4874662420484,970.7696041618533,1.0,1.0,255
3.3033303330333035,2019.5780388264463,945.18933212901,1.0,1.0,255
3.3043304330433045,4095.0,954.3313988315275,1.0,1.0,255
3.305330533053305,4011.3547112604033,963.4486593744341,1.0,1.0,255
3.306330633063306,768.6068292546081,971.3011673866831,1.0,1.0,255
3.3073307330733073,1940.1678842364756,932.5178097019536,1.0,1.0,255
3.3083308330833083,576.0073697386529,959.5593687843,1.0,1.0,255
3.3093309330933094,941.9856627440633,981.6780697930329,1.0,1.0,255
3.3103310331033104,0.0,1020.490744886044,1.0,1.0,255
3.3113311331133115,3260.627398251796,1003.7832928510799,1.0,1.0,255
3.3123312331233126,2903.8715888529036,1019.3341566581585,1.0,1.0,255
3.313331333133313,4095.0,1044.060430026765,1.0,1.0,255
3.3143314331433142,2644.8325886768953,1046.5038283606712,1.0,1.0,255
3.3153315331533153,1877.747814483996,1008.9688720709912,1.0,1.0,255
3.3163316331633164,3249.94357307003,1018.768216884409,1.0,1.0,255
3.3173317331733174,713.6355633113783,1034.2163140551672,1.0,1.0,255
3.3183318331833185,2344.8523595354277,999.1933612458756,1.0,1.0,255
3.3193319331933195,650.8703752656206,997.9948608652211,1.0,1.0,255
3.32033203320332,2788.7224935455984,979.3855146637445,1.0,1.0,255
3.321332133213321,2216.1032237429663,981.5274276126156,1.0,1.0,255
3.3223322332233223,0.0,1010.635292260617,1.0,1.0,255
3.3233323332333233,3580.78194298671,1025.1303749973324,1.0,1.0,255
3.3243324332433244,2098.9471543987747,1012.8824268526816,1.0,1.0,255
3.3253325332533255,3088.046601189534,1030.562187396984,1.0,1.0,255
3.3263326332633265,674.4251210524685,1031.5130287504956,1.0,1.0,255
3.3273327332733276,2460.4746282100477,1006.2021936940672,1.0,1.0,255
3.328332833283328,3377.762086357321,1022.0561778478432,1.0,1.0,255
3.3293329332933292,1917.125504789415,1000.8647313338796,1.0,1.0,255
3.3303330333033303,2013.6167978137134,999.9849811980696,1.0,1.0,255
3.3313331333133314,1009.0452909495018,1017.9038319272337,1.0,1.0,255
3.3323332333233324,168.71689509748057,1036.2197166656263,1.0,1.0,255
3.3333333333333335,1798.6376812208557,1033.5108890758245,1.0,1.0,255
3.3343334333433345,547.0648407391859,1058.9228901943593,1.0,1.0,255
3.335333533353335,0.0,1086.079462641711,1.0,1.0,255
3.336333633363336,3410.0649629163872,1110.022165441756,1.0,1.0,255
3.3373337333733373,1204.0741012819417,1107.0514109010633,1.0,1.0,255
3.3383338333833383,4095.0,1132.4322459828293,1.0,1.0,255
3.3393339333933394,2583.2754363586932,1121.1185954651603,1.0,1.0,255
3.3403340334033405,1178.4941424630422,1097.5687126158994,1.0,1.0,255
3.3413341334133415,4095.0,1097.5687126158994,1.0,1.0,255
3.3423342334233426,1986.345056044446,1057.8418114950105,1.0,1.0,255
3.343334333433343,2983.462607111861,1035.5910636372478,1.0,1.0,255
3.3443344334433442,4095.0,1035.5910636372478,1.0,1.0,255
3.3453345334533453,4095.0,1068.2293876556162,1.0,1.0,255
3.3463346334633464,2494.8033141226233,1048.6872151532066,1.0,1.0,255
3.3473347334733474,1246.723633397096,1048.3605478849713,1.0,1.0,255
3.3483348334833485,0.0,1054.4995945737471,1.0,1.0,255
3.3493349334933495,2082.2417134129446,1047.5477131972564,1.0,1.0,255
3.35033503350335,86.06745644974558,1079.4618113200709,1.0,1.0,255
3.351335133513351,304.02358727706724,1104.8344254264332,1.0,1.0,255
3.3523352335233523,3171.127901984375,1113.966732790962,1.0,1.0,255
3.3533353335333533,2571.447013311131,1123.8672338337135,1.0,1.0,255
3.3543354335433544,0.0,1123.8872338337135,1.0,1.0,255
3.3553355335533555,581.6714835154853,1113.9467099381957,1.0,1.0,255
3.3563356335633565,3140.5565220343724,1110.2099769639751,1.0,1.0,255
3.3573357335733576,1962.366078577843,1109.7660130771478,1.0,1.0,255
3.358335833583358,564.9249906102391,1109.987660659716,1.0,1.0,255
3.3593359335933592,0.0,1128.8273739145975,1.0,1.0,255
3.3603360336033603,0.0,1128.8273739145975,1.0,1.0,255
3.3613361336133614,666.2759169421317,1132.2093076107187,1.0,1.0,255
3.3623362336233624,4095.0,1156.031875833661,1.0,1.0,255
3.3633363336333635,3112.940816278085,1136.3906921592225,1.0,1.0,255
3.3643364336433645,2018.9434704597054,1125.0351709764902,1.0,1.0,255
3.365336533653365,1153.3842778397452,1139.5224417093755,1.0,1.0,255
3.366336633663366,4095.0,1156.4235702479748,1.0,1.0,255
3.3673367336733673,4095.0,1170.6762815142024,1.0,1.0,255
3.3683368336833683,481.8994207608548,1196.0612459082765,1.0,1.0,255
3.3693369336933694,1534.9424434280627,1178.379804545028,1.0,1.0,255
3.3703370337033705,1137.9503285026635,1181.7663481040627,1.0,1.0,255
3.3713371337133715,1532.4865603676094,1188.714552421851,1.0,1.0,255
3.3723372337233726,2428.2468904872385,1155.3594902315956,1.0,1.0,255
3.373337333733373,246.57823276283057,1160.732286716605,1.0,1.0,255
3.3743374337433742,1100.715972985129,1178.6590241689269,1.0,1.0,255
3.3753375337533753,1375.170989541296,1171.3146723543102,1.0,1.0,255
3.3763376337633764,2125.783756100995,1145.3988498973795,1.0,1.0,255
3.3773377337733774,2891.307310680104,1154.0155035467806,1.0,1.0,255
3.3783378337833785,2914.106538940372,1144.7423925984417,1.0,1.0,255
3.3793379337933795,2498.0491899871636,1151.1258864939732,1.0,1.0,255
3.38033803380338,2659.0723853176382,1162.6596701566002,1.0,1.0,255
3.381338133813381,4023.5643178748487,1181.3918623330874,1.0,1.0,255
3.3823382338233823,877.8894299609799,1167.2084116358174,1.0,1.0,255
3.3833383338333833,2764.2705256098507,1176.5465757724317,1.0,1.0,255
3.3843384338433844,700.0162499901533,1173.4875475874119,1.0,1.0,255
3.3853385338533855,91.94169274486126,1171.648713732515,1.0,1.0,255
3.3863386338633865,2648.0808326000656,1156.4090311261884,1.0,1.0,255
3.3873387338733876,3607.4365101425137,1170.7192433546777,1.0,1.0,255
3.388338833883388,3947.114523125676,1167.761533817191,1.0,1.0,255
3.3893389338933892,943.9238612729378,1179.1375478645587,1.0,1.0,255
3.3903390339033903,1742.015458095241,1167.8671215519144,1.0,1.0,255
3.3913391339133914,2366.5275414411517,1133.2976723807376,1.0,1.0,255
3.3923392339233924,1449.77430906585,1144.0290873203094,1.0,1.0,255
3.3933393339333935,517.2962779175418,1155.9339096197216,1.0,1.0,255
3.3943394339433945,3577.403979821449,1145.5819892161503,1.0,1.0,255
3.395339533953395,1115.6319523541056,1123.2893501690683,1.0,1.0,255
3.396339633963396,701.283116700813,1141.2876215525996,1.0,1.0,255
3.3973397339733973,3907.964522199265,1162.4613846645268,1.0,1.0,255
3.3983398339833983,434.375539706901,1153.7738738703888,1.0,1.0,255
3.3993399339933994,1783.1052529943722,1158.3869345422427,1.0,1.0,255
3.4003400340034005,2049.3409478350404,1119.1751026279383,1.0,1.0,255
3.4013401340134015,2457.872875690972,1092.493031887299,1.0,1.0,255
3.4023402340234026,0.0,1110.9904738476114,1.0,1.0,255
3.403340334033403,2986.597735105252,1119.2934882834936,1.0,1.0,255
3.4043404340434043,1966.3996833967165,1079.9654946155597,1.0,1.0,255
3.4053405340534053,101.9556331949284,1089.559811621971,1.0,1.0,255
3.4063406340634064,1010.7079971664252,1088.4545212379549,1.0,1.0,255
3.4073407340734074,2242.930501231297,1090.6404528341377,1.0,1.0,255
3.4083408340834085,4095.0,1101.9189526463424,1.0,1.0,255
3.4093409340934095,2706.4030807506833,1074.1270142613562,1.0,1.0,255
3.41034103410341,3251.200290874691,1057.23102007885,1.0,1.0,255
3.411341134113411,1308.3934696383349,1044.388669024926,1.0,1.0,255
3.4123412341234123,634.3934044381267,1031.7208009361634,1.0,1.0,255
3.4133413341334133,1851.8606355726988,1014.3447718991476,1.0,1.0,255
3.4143414341434144,2829.6383362097768,1029.396408032537,1.0,1.0,255
3.4153415341534155,2005.1302970337633,1012.3614876486567,1.0,1.0,255
3.4163416341634165,3157.854077113545,993.6185691909277,1.0,1.0,255
3.4173417341734176,2732.0685383553914,966.3599399580355,1.0,1.0,255
3.418341834183418,1509.153531026241,945.814857752728,1.0,1.0,255
3.4193419341934193,1853.8644019133517,939.436418583022,1.0,1.0,255
3.4203420342034203,409.01625160937624,954.015100120888,1.0,1.0,255
3.4213421342134214,0.0,984.66483132824,1.0,1.0,255
3.4223422342234224,4095.0,1017.9998935184952,1.0,1.0,255
3.4233423342334235,1384.2125401121384,995.2472073715093,1.0,1.0,255
3.4243424342434245,4095.0,1017.2415268312118,1.0,1.0,255
3.425342534253425,2844.521167317429,1019.7153699683862,1.0,1.0,255
3.4263426342634262,464.1859722069023,1049.8359754022285,1.0,1.0,255
3.4273427342734273,4073.3813812857643,1073.4774568143416,1.0,1.0,255
3.4283428342834283,1153.8036157904926,1074.0392537197242,1.0,1.0,255
3.4293429342934294,0.0,1105.998269919981,1.0,1.0,255
3.4303430343034305,1730.5387387451,1100.1260474387263,1.0,1.0,255
3.4313431343134315,1840.3287903924977,1064.7681852733795,1.0,1.0,255
3.4323432343234326,2638.941454942466,1053.1848029714483,1.0,1.0,255
3.433343334333433,1968.549516475293,1040.4484021297453,1.0,1.0,255
3.4343434343434343,370.7629727159642,1047.033467675229,1.0,1.0,255
3.4353435343534353,207.67597049608048,1044.7187821202044,1.0,1.0,255
3.4363436343634364,1741.0473002531533,1038.8562194631402,1.0,1.0,255
3.4373437343734374,4095.0,1048.6074892602899,1.0,1.0,255
3.4383438343834385,4095.0,1051.5651987977765,1.0,1.0,255
3.4393439343934396,2938.1544817420645,1047.2867656580765,1.0,1.0,255
3.44034403440344,1002.436062531136,1062.0783535693583,1.0,1.0,255
3.4413441344134412,2872.703169468812,1072.2018661299117,1.0,1.0,255
3.4423442344234423,2178.2676027670036,1062.8427043665688,1.0,1.0,255
3.4433443344334433,2463.0210499533473,1040.5290509239867,1.0,1.0,255
3.4443444344434444,24.222168208121957,1050.4165279633953,1.0,1.0,255
3.4453445344534455,2698.35338534026,1044.7762347172827,1.0,1.0,255
3.4463446344634465,1264.5689307718762,1033.5105184358615,1.0,1.0,255
3.4473447344734476,1441.5571819549305,1008.4400843527775,1.0,1.0,255
3.448344834483448,191.27897407576143,1013.3020156654005,1.0,1.0,255
3.4493449344934493,3089.4501570811562,1028.8331238669111,1.0,1.0,255
3.4503450345034503,2884.230846776474,1045.5309218457396,1.0,1.0,255
3.4513451345134514,376.4630579370116,1070.76420317318,1.0,1.0,255
3.4523452345234524,2982.288853950512,1048.4899802521902,1.0,1.0,255
3.4533453345334535,1405.6203517182091,1042.565618515721,1.0,1.0,255
3.4543454345434546,2900.828202563027,1057.9901762349157,1.0,1.0,255
3.455345534553455,2484.301862176926,1027.7953261423527,1.0,1.0,255
3.4563456345634562,3437.0058516089957,1034.8296031178613,1.0,1.0,255
3.4573457345734573,955.6695636830775,1052.7776018195736,1.0,1.0,255
3.4583458345834583,4007.020061771361,1051.0180030550007,1.0,1.0,255
3.4593459345934594,3647.8708885616606,1069.8473592112202,1.0,1.0,255
3.4603460346034605,2386.3627411450348,1052.5506082166276,1.0,1.0,255
3.4613461346134615,4095.0,1078.698477609394,1.0,1.0,255
3.4623462346234626,3384.093481225336,1077.1482153226632,1.0,1.0,255
3.463346334633463,705.3334256664696,1100.0787595207878,1.0,1.0,255
3.4643464346434643,3215.698799124346,1107.799968779079,1.0,1.0,255
3.4653465346534653,1847.536616251567,1110.9518423947231,1.0,1.0,255
3.4663466346634664,0.0,1129.7147608524522,1.0,1.0,255
3.4673467346734674,3747.0377747378357,1150.014145580101,1.0,1.0,255
3.4683468346834685,349.68969716421,1173.2034222573416,1.0,1.0,255
3.4693469346934696,1883.8799833925411,1172.6031106277578,1.0,1.0,255
3.47034703470347,0.0,1180.7834356599453,1.0,1.0,255
3.4713471347134712,0.0,1180.7834356599453,1.0,1.0,255
3.4723472347234723,3845.977674240662,1175.8029891447586,1.0,1.0,255
3.4733473347334733,1798.8773067314346,1167.5096938123725,1.0,1.0,255
3.4743474347434744,0.0,1167.529693812373,1.0,1.0,255
3.4753475347534755,2831.915393610586,1167.2775783382358,1.0,1.0,255
3.4763476347634765,2381.318921524524,1142.2676762128644,1.0,1.0,255
3.4773477347734776,1363.704328978636,1115.4459620075766,1.0,1.0,255
3.478347834783478,2325.0007766534945,1103.1020498564562,1.0,1.0,255
3.4793479347934793,0.0,1103.1020498564562,1.0,1.0,255
3.4803480348034803,2976.3307171733877,1115.319438974826,1.0,1.0,255
3.4813481348134814,3253.098656721922,1135.2679879171142,1.0,1.0,255
3.4823482348234824,1206.3573739490994,1140.2820113392831,1.0,1.0,255
3.4833483348334835,0.0,1179.653001668789,1.0,1.0,255
3.4843484348434846,2165.7902189274278,1148.464065501657,1.0,1.0,255
3.485348534853485,2033.3877544013574,1111.9498298235512,1.0,1.0,255
3.4863486348634862,3355.9515285089055,1131.9698063987923,1.0,1.0,255
3.4873487348734873,0.0,1131.9898063987923,1.0,1.0,255
3.4883488348834883,274.7077100728502,1126.5156521973356,1.0,1.0,255
3.4893489348934894,4095.0,1149.6525625624943,1.0,1.0,255
3.4903490349034905,0.0,1169.701283813117,1.0,1.0,255
3.4913491349134915,0.0,1194.1672204237407,1.0,1.0,255
3.4923492349234926,1274.4534968210367,1207.0327984319797,1.0,1.0,255
3.493349334933493,0.0,1239.692377432913,1.0,1.0,255
3.4943494349434943,1031.0087169429958,1219.5566464582155,1.0,1.0,255
3.4953495349534953,4095.0,1247.4895787514104,1.0,1.0,255
3.4963496349634964,2335.845840720621,1237.57787418126,1.0,1.0,255
3.4973497349734974,1668.2576408241775,1233.043865003875,1.0,1.0,255
3.4983498349834985,2509.8201277951166,1205.1458470412927,1.0,1.0,255
3.4993499349934996,0.0,1225.2768438996695,1.0,1.0,255
3.5003500350035,2251.1481350069234,1212.6151896642784,1.0,1.0,255
3.5013501350135012,2233.525764402897,1182.8949661110767,1.0,1.0,255
3.5023502350235023,3111.7166943111306,1185.483522918289,1.0,1.0,255
3.5033503350335033,1675.5670010490244,1180.0845899316728,1.0,1.0,255
3.5043504350435044,2886.1781648175843,1179.7915891767639,1.0,1.0,255
3.5053505350535055,1052.9105165009528,1190.9673416032063,1.0,1.0,255
3.5063506350635065,3792.4828284880514,1198.0768811407872,1.0,1.0,255
3.5073507350735076,896.5672634864584,1199.2589271447196,1.0,1.0,255
3.508350835083508,2157.4449529387716,1162.2674249680679,1.0,1.0,255
3.5093509350935093,3882.633558257776,1166.9626783619901,1.0,1.0,255
3.5103510351035103,3068.5775450199294,1180.6069744394879,1.0,1.0,255
3.5113511351135114,829.748871739039,1164.0319970047071,1.0,1.0,255
3.5123512351235124,1943.358959629863,1139.4029481876032,1.0,1.0,255
3.5133513351335135,4095.0,1153.4896167009329,1.0,1.0,255
3.5143514351435146,2308.413327942257,1135.343907277291,1.0,1.0,255
3.515351535153515,0.0,1172.2946396023224,1.0,1.0,255
3.5163516351635162,3170.4876351472108,1153.7843923052667,1.0,1.0,255
3.5173517351735173,517.6773238582055,1150.4100903333458,1.0,1.0,255
3.5183518351835184,1373.250721990568,1129.9388698368189,1.0,1.0,255
3.5193519351935194,2140.156026836624,1128.499590041402,1.0,1.0,255
3.5203520352035205,1693.9317632023342,1094.620954777355,1.0,1.0,255
3.5213521352135215,3325.60439655746,1079.2130427085044,1.0,1.0,255
3.5223522352235226,1735.8011581244732,1049.4974660612017,1.0,1.0,255
3.523352335233523,2160.2603339818115,1046.7602188754668,1.0,1.0,255
3.5243524352435243,3650.8015299730587,1037.8562494749278,1.0,1.0,255
3.5253525352535253,1071.3975699624657,1041.709990203467,1.0,1.0,255
3.5263526352635264,2253.5457622836834,1039.15452701865,1.0,1.0,255
3.5273527352735274,1986.0004563129014,1026.7086044719647,1.0,1.0,255
3.5283528352835285,2105.5052430651376,1022.3186938001975,1.0,1.0,255
3.5293529352935296,2022.799545412435,981.8627028919492,1.0,1.0,255
3.53035303530353,4095.0,1004.2360885484813,1.0,1.0,255
3.5313531353135312,1354.5999807895673,994.0021157982516,1.0,1.0,255
3.5323532353235323,1983.6150888189347,978.4569615008548,1.0,1.0,255
3.5333533353335334,2189.519470804325,940.3273509169413,1.0,1.0,255
3.5343534353435344,521.6048728685635,968.4994490810215,1.0,1.0,255
3.5353535353535355,735.7930201594604,994.4513437658593,1.0,1.0,255
3.5363536353635365,2879.8791437601485,984.9298960708843,1.0,1.0,255
3.5373537353735376,910.9546075313897,966.7108039202565,1.0,1.0,255
3.538353835383538,3647.4824773858245,963.2346076694299,1.0,1.0,255
3.5393539353935393,2021.3171190484982,922.82826528846,1.0,1.0,255
3.5403540354035403,3613.5159024425902,913.1785833373117,1.0,1.0,255
3.5413541354135414,2122.7784112372765,873.7141515620573,1.0,1.0,255
3.5423542354235424,0.0,899.2032214984779,1.0,1.0,255
3.5433543354335435,2848.1386949357725,874.2459953971934,1.0,1.0,255
3.5443544354435446,2949.260286294956,871.9313754619524,1.0,1.0,255
3.545354535453545,1012.1700205425159,851.7079750511022,1.0,1.0,255
3.5463546354635462,0.0,886.9110582366898,1.0,1.0,255
3.5473547354735473,2395.785514933877,886.2719213518508,1.0,1.0,255
3.5483548354835484,866.0329362463835,900.6748600710208,1.0,1.0,255
3.5493549354935494,0.0,900.6748600710208,1.0,1.0,255
3.5503550355035505,4095.0,937.5518973708823,1.0,1.0,255
3.5513551355135515,4095.0,974.7813820828246,1.0,1.0,255
3.5523552355235526,0.0,994.4670481966019,1.0,1.0,255
3.553355335533553,3035.933503780424,1006.7770582931911,1.0,1.0,255
3.5543554355435543,1666.7245066840985,997.6390048631573,1.0,1.0,255
3.5553555355535553,1726.5742442895937,984.1657303073845,1.0,1.0,255
3.5563556355635564,0.0,990.2360737376235,1.0,1.0,255
3.5573557355735574,3584.086908303058,997.9291571734137,1.0,1.0,255
3.5583558355835585,447.25499777487425,1027.7551581591408,1.0,1.0,255
3.5593559355935596,4095.0,1032.0024869939853,1.0,1.0,255
3.56035603560356,2406.370649451098,1018.7583490826087,1.0,1.0,255
3.5613561356135612,1651.8576284887831,1002.3161739476137,1.0,1.0,255
3.5623562356235623,0.0,1041.183353140211,1.0,1.0,255
3.5633563356335634,580.9698741009429,1029.5839556581923,1.0,1.0,255
3.5643564356435644,1509.5778590627367,1035.1441319180924,1.0,1.0,255
3.5653565356535655,2257.9630518425224,998.3833929549428,1.0,1.0,255
3.5663566356635665,0.0,1016.8936402519986,1.0,1.0,255
3.5673567356735676,1262.2207588931412,1002.0027715512999,1.0,1.0,255
3.568356835683568,324.8911726726685,1022.969962537658,1.0,1.0,255
3.5693569356935693,639.0986490701662,1049.3048690195221,1.0,1.0,255
3.5703570357035703,0.0,1083.1835042835687,1.0,1.0,255
3.5713571357135714,2467.6601976488387,1066.0246203053962,1.0,1.0,255
3.5723572357235724,4.112063982375048,1100.6584021882381,1.0,1.0,255
3.5733573357335735,2436.3651646349513,1106.180498801301,1.0,1.0,255
3.5743574357435746,488.989057219002,1105.30468705746,1.0,1.0,255
3.575357535753575,3256.5862455257025,1109.944363367223,1.0,1.0,255
3.5763576357635762,2812.3425414556405,1121.1202989506623,1.0,1.0,255
3.5773577357735773,2506.0926015668815,1129.042160108258,1.0,1.0,255
3.5783578357835784,2557.2326177248015,1138.0767076014513,1.0,1.0,255
3.5793579357935794,1236.8987629079188,1153.7947232515417,1.0,1.0,255
3.5803580358035805,3028.400303878424,1132.4627293291098,1.0,1.0,255
3.5813581358135815,0.0,1159.5547289449014,1.0,1.0,255
3.5823582358235826,1080.9498881799536,1177.6080329576807,1.0,1.0,255
3.583358335833583,3058.4150832293717,1194.985945206182,1.0,1.0,255
3.5843584358435843,853.8744659025162,1188.340553345503,1.0,1.0,255
3.5853585358535853,2560.602241511481,1172.3484585789215,1.0,1.0,255
3.5863586358635864,1450.7652257481343,1167.6555711887559,1.0,1.0,255
3.5873587358735874,1311.9875088064032,1159.6349131632558,1.0,1.0,255
3.5883588358835885,2503.4681306807374,1136.754626229154,1.0,1.0,255
3.5893589358935896,1272.7881798701646,1151.7252050127206,1.0,1.0,255
3.59035903590359,3121.619120655705,1141.887269376983,1.0,1.0,255
3.5913591359135912,4084.5430624206633,1181.1225624006508,1.0,1.0,255
3.5923592359235923,0.0,1181.1225624006508,1.0,1.0,255
3.5933593359335934,1342.105352278988,1179.2376814563554,1.0,1.0,255
3.5943594359435944,1684.618340508509,1168.480108920286,1.0,1.0,255
3.5953595359535955,0.0,1188.7235093311365,1.0,1.0,255
3.5963596359635965,1772.1410013431964,1153.2806893042728,1.0,1.0,255
3.5973597359735976,1635.8090989992706,1154.5687970256097,1.0,1.0,255
3.598359835983598,1197.187171114053,1147.9457123282561,1.0,1.0,255
3.5993599359935993,3082.906889354219,1127.6838501153406,1.0,1.0,255
3.6003600360036003,3122.8116574202054,1108.240083263745,1.0,1.0,255
3.6013601360136014,1457.4717199675501,1079.1106488643936,1.0,1.0,255
3.6023602360236024,2319.3506926771374,1043.5776627179366,1.0,1.0,255
3.6033603360336035,3471.2297555449977,1052.283587753228,1.0,1.0,255
3.6043604360436046,0.0,1085.61807788691,1.0,1.0,255
3.605360536053605,1541.8825669480534,1089.3119114337408,1.0,1.0,255
3.6063606360636062,3027.2275149334782,1067.9364617324102,1.0,1.0,255
3.6073607360736073,0.0,1078.174723566349,1.0,1.0,255
3.6083608360836084,1455.8957784092722,1058.0019079536612,1.0,1.0,255
3.6093609360936094,2413.659152891227,1024.3750910114854,1.0,1.0,255
3.6103610361036105,835.8585162536524,1041.4505076973905,1.0,1.0,255
3.6113611361136115,1162.5275467765368,1051.2371093316353,1.0,1.0,255
3.6123612361236126,4095.0,1051.2171093316354,1.0,1.0,255
3.613361336133613,1310.5414643554864,1036.6256775265447,1.0,1.0,255
3.6143614361436143,3435.745277608453,1053.6121402599683,1.0,1.0,255
3.6153615361536153,1515.2367558922579,1060.0681441052727,1.0,1.0,255
3.6163616361636164,0.0,1060.0681441052732,1.0,1.0,255
3.6173617361736174,2874.046439617002,1060.8734880754757,1.0,1.0,255
3.6183618361836185,765.1079038561174,1052.0691534518069,1.0,1.0,255
3.6193619361936196,1091.171674543894,1043.0276929423324,1.0,1.0,255
3.62036203620362,4095.0,1043.0076929423324,1.0,1.0,255
3.6213621362136212,3274.4533203782576,1059.1435553969206,1.0,1.0,255
3.6223622362236223,1609.7422028099495,1027.0309526203691,1.0,1.0,255
3.6233623362336234,842.8680738387925,1043.3662878508942,1.0,1.0,255
3.6243624362436244,2401.025538529593,1019.246579765866,1.0,1.0,255
3.6253625362536255,1219.3241480860686,1011.648371893631,1.0,1.0,255
3.6263626362636265,3187.1517826934146,1019.1445567183864,1.0,1.0,255
3.6273627362736276,3295.134471217007,1034.925394111389,1.0,1.0,255
3.628362836283628,4095.0,1065.680741756893,1.0,1.0,255
3.6293629362936293,494.79362487348135,1080.5228445175817,1.0,1.0,255
3.6303630363036303,3216.3388757060384,1084.281615954134,1.0,1.0,255
3.6313631363136314,2778.9197421177028,1057.940010796488,1.0,1.0,255
3.6323632363236324,1641.4159706496653,1046.7306891470937,1.0,1.0,255
3.6333633363336335,4095.0,1067.4623874825063,1.0,1.0,255
3.6343634363436346,2197.614659534945,1046.5721699912554,1.0,1.0,255
3.635363536353635,2526.704476552508,1045.8942146920758,1.0,1.0,255
3.6363636363636362,947.5364922000172,1055.9587893630382,1.0,1.0,255
3.6373637363736373,3264.9189660110023,1065.5769188593863,1.0,1.0,255
3.6383638363836384,3653.8943335835684,1088.585442917443,1.0,1.0,255
3.6393639363936394,1610.1203428054187,1081.8387996587378,1.0,1.0,255
3.6403640364036405,1487.397324401792,1071.5784707575879,1.0,1.0,255
3.6413641364136415,2003.1748696452535,1031.7441121162694,1.0,1.0,255
3.6423642364236426,0.0,1031.7441121162694,1.0,1.0,255
3.643364336433643,0.0,1058.5862191618494,1.0,1.0,255
3.6443644364436443,3445.121502520503,1079.2610160224294,1.0,1.0,255
3.6453645364536453,0.0,1079.2610160224294,1.0,1.0,255
3.6463646364636464,2123.7422644468143,1075.2586813382295,1.0,1.0,255
3.6473647364736475,1436.42231569508,1079.2464170043133,1.0,1.0,255
3.6483648364836485,2864.1214805406153,1078.5525900374064,1.0,1.0,255
3.6493649364936496,668.5573948095516,1085.4433043541312,1.0,1.0,255
3.65036503650365,2558.7832639099174,1074.1627364839253,1.0,1.0,255
3.6513651365136512,1925.2234222231468,1064.8077024388135,1.0,1.0,255
3.6523652365236523,1616.7020068609818,1068.0066484480512,1.0,1.0,255
3.6533653365336534,2520.16440603108,1048.9853414577726,1.0,1.0,255
3.6543654365436544,1271.3189802478398,1023.5589618528159,1.0,1.0,255
3.6553655365536555,3011.2597482967003,1032.7018081577114,1.0,1.0,255
3.6563656365636565,0.0,1054.0772578590415,1.0,1.0,255
3.6573657365736576,2166.3656719603255,1015.4845712982483,1.0,1.0,255
3.658365836583658,0.0,1044.6024868664335,1.0,1.0,255
3.6593659365936593,0.0,1078.249303808609,1.0,1.0,255
3.6603660366036603,766.289763062538,1079.6406788724316,1.0,1.0,255
3.6613661366136614,0.0,1102.8912298079624,1.0,1.0,255
3.6623662366236625,2772.4534236465897,1076.440298280894,1.0,1.0,255
3.6633663366336635,4095.0,1102.631127568004,1.0,1.0,255
3.6643664366436646,3906.7041203103627,1112.0503044220422,1.0,1.0,255
3.665366536653665,599.115314939573,1130.3727332410958,1.0,1.0,255
3.6663666366636662,827.9201853694631,1113.8143295337065,1.0,1.0,255
3.6673667366736673,2871.1030523454087,1113.755461788275,1.0,1.0,255
3.6683668366836684,0.0,1129.057619865397,1.0,1.0,255
3.6693669366936694,924.0550454507197,1132.3999524472606,1.0,1.0,255
3.6703670367036705,3422.1838460045,1118.9436293673507,1.0,1.0,255
3.6713671367136715,1350.8934992498187,1108.356692974789,1.0,1.0,255
3.6723672367236726,1978.0473606543442,1100.9905898179013,1.0,1.0,255
3.673367336733673,3674.2465482916177,1109.4128822605094,1.0,1.0,255
3.6743674367436743,1447.7325166824326,1114.357721156269,1.0,1.0,255
3.6753675367536753,1704.8566896436905,1104.6470703251164,1.0,1.0,255
3.6763676367636764,1868.7833076600034,1085.448368518048,1.0,1.0,255
3.6773677367736775,2568.7459367355846,1070.9205978284197,1.0,1.0,255
3.6783678367836785,1389.0739856780306,1043.159118114859,1.0,1.0,255
3.6793679367936796,168.63121063596918,1049.6823663996092,1.0,1.0,255
3.68036803680368,4095.0,1067.2555888854886,1.0,1.0,255
3.6813681368136812,774.2569354930795,1078.1120553332728,1.0,1.0,255
3.6823682368236823,2355.689537477957,1076.1341654958253,1.0,1.0,255
3.6833683368336834,0.0,1076.1541654958253,1.0,1.0,255
3.6843684368436844,0.0,1114.1218723051265,1.0,1.0,255
3.6853685368536855,3603.5031125618543,1135.6578450253135,1.0,1.0,255
3.6863686368636865,1641.0424478369941,1121.7877259125737,1.0,1.0,255
3.6873687368736876,1424.7009105038721,1109.9153283822764,1.0,1.0,255
3.688368836883688,1515.7657009019545,1088.4421276925657,1.0,1.0,255
3.6893689368936893,0.0,1120.6445345486743,1.0,1.0,255
3.6903690369036903,1539.2014898782181,1119.608451239146,1.0,1.0,255
3.6913691369136914,1546.0947338060394,1128.75005395593,1.0,1.0,255
3.6923692369236925,2817.5549411383054,1103.181152778696,1.0,1.0,255
3.6933693369336935,3086.6149051005277,1082.9934508807064,1.0,1.0,255
3.6943694369436946,3171.6237871089124,1077.5234965724749,1.0,1.0,255
3.695369536953695,192.62087927527068,1073.6710789869692,1.0,1.0,255
3.6963696369636962,1167.4148743620271,1089.7679362107922,1.0,1.0,255
3.6973697369736973,3922.643499779822,1115.0292525202901,1.0,1.0,255
3.6983698369836984,2359.1521903246694,1104.9298667159712,1.0,1.0,255
3.6993699369936994,1093.4975262528062,1096.431064087106,1.0,1.0,255
3.7003700370037005,638.283891315411,1114.4097209825993,1.0,1.0,255
3.7013701370137015,191.9304456715422,1149.0755805136316,1.0,1.0,255
3.7023702370237026,150.79826011102728,1178.3936554486309,1.0,1.0,255
3.703370337033703,3982.6934165960065,1207.6442356599293,1.0,1.0,255
3.7043704370437043,1506.2159195501308,1202.9462968738835,1.0,1.0,255
3.7053705370537053,397.0679543536496,1216.6997428208767,1.0,1.0,255
3.7063706370637064,1563.488915123818,1185.4299645184003,1.0,1.0,255
3.7073707370737075,1717.0871901785363,1189.680907275623,1.0,1.0,255
3.7083708370837085,3562.672028543369,1179.0143478464904,1.0,1.0,255
3.7093709370937096,2395.3041663698423,1145.0004311738876,1.0,1.0,255
3.71037103710371,2564.757673140353,1129.7013798979453,1.0,1.0,255
3.7113711371137112,3714.679430903034,1122.0749685160058,1.0,1.0,255
3.7123712371237123,0.0,1148.5459000430742,1.0,1.0,255
3.7133713371337134,3793.3940301499706,1142.5137806460737,1.0,1.0,255
3.7143714371437144,2029.1966927272656,1105.715764385321,1.0,1.0,255
3.7153715371537155,987.8759882000256,1097.940550920112,1.0,1.0,255
3.7163716371637165,1742.2898247045728,1079.65315813341,1.0,1.0,255
3.7173717371737176,2875.000404257129,1079.7311051716442,1.0,1.0,255
3.718371837183718,4095.0,1079.7111051716442,1.0,1.0,255
3.7193719371937193,3048.201742140304,1077.2362409234647,1.0,1.0,255
3.7203720372037203,241.73979127398366,1085.8777681778952,1.0,1.0,255
3.7213721372137214,381.765611713922,1105.260325928613,1.0,1.0,255
3.7223722372237225,4095.0,1144.8012731416998,1.0,1.0,255
3.7233723372337235,3046.9154884848003,1132.2546519455636,1.0,1.0,255
3.7243724372437246,0.0,1161.2093022792121,1.0,1.0,255
3.725372537253725,1056.7874640998107,1174.1706867900898,1.0,1.0,255
3.7263726372637263,1579.835400426839,1179.9496449347532,1.0,1.0,255
3.7273727372737273,3001.742054815426,1188.60956729635,1.0,1.0,255
3.7283728372837284,0.0,1216.3910470099104,1.0,1.0,255
3.7293729372937294,0.0,1219.7636712226297,1.0,1.0,255
3.7303730373037305,3763.5989849396665,1213.1356509214231,1.0,1.0,255
3.7313731373137315,0.0,1228.6207896312847,1.0,1.0,255
3.7323732373237326,0.0,1263.4269988817255,1.0,1.0,255
3.733373337333733,3289.7398914683845,1247.3017967110932,1.0,1.0,255
3.7343734373437343,2921.495233989424,1223.811701390882,1.0,1.0,255
3.7353735373537353,3403.3022352386774,1219.8076838444183,1.0,1.0,255
3.7363736373637364,2772.180050183166,1226.1521338048215,1.0,1.0,255
3.7373737373737375,1669.213466668816,1221.2618826815226,1.0,1.0,255
3.7383738373837385,2315.9876502002567,1215.9769497035668,1.0,1.0,255
3.7393739373937396,1244.8340093235515,1191.080269517096,1.0,1.0,255
3.74037403740374,2281.4710841476885,1185.573720997614,1.0,1.0,255
3.7413741374137413,1614.7192284062028,1184.2012311056105,1.0,1.0,255
3.7423742374237423,2416.0968811016096,1176.1720699048765,1.0,1.0,255
3.7433743374337434,4095.0,1196.339771802866,1.0,1.0,255
3.7443744374437444,1901.3894931682553,1176.7995061973227,1.0,1.0,255
3.7453745374537455,84.91371370933234,1178.9536495086413,1.0,1.0,255
3.7463746374637465,2987.0116772330603,1180.1221805405432,1.0,1.0,255
3.7473747374737476,1554.0508523436213,1152.5082934980744,1.0,1.0,255
3.7483748374837482,2256.704206936851,1150.4593338303177,1.0,1.0,255
3.7493749374937493,3847.454674584965,1167.3583778470731,1.0,1.0,255
3.7503750375037503,1785.889195854094,1144.4062717562995,1.0,1.0,255
3.7513751375137514,3057.61483501343,1127.477177369999,1.0,1.0,255
3.7523752375237525,0.0,1130.4931425722198,1.0,1.0,255
3.7533753375337535,3237.3935495232527,1115.5871452307645,1.0,1.0,255
3.7543754375437546,1337.3607155771672,1118.9642493102237,1.0,1.0,255
3.755375537553755,670.4478989718657,1113.4966504178594,1.0,1.0,255
3.7563756375637563,4023.693911777069,1143.3203069558772,1.0,1.0,255
3.7573757375737573,2960.7684436227387,1154.9574196319027,1.0,1.0,255
3.7583758375837584,0.0,1165.6239790610352,1.0,1.0,255
3.7593759375937594,972.736837650913,1180.1831589806204,1.0,1.0,255
3.7603760376037605,4095.0,1210.7880055178132,1.0,1.0,255
3.7613761376137615,3336.0334718067907,1203.2150863358884,1.0,1.0,255
3.7623762376237626,1835.839010470971,1166.4983061264686,1.0,1.0,255
3.7633763376337632,2350.194518720979,1137.6343158978889,1.0,1.0,255
3.7643764376437643,1423.6284489841778,1149.7456807727506,1.0,1.0,255
3.7653765376537653,3115.5566799514027,1149.8943341357792,1.0,1.0,255
3.7663766376637664,0.0,1184.7401306298705,1.0,1.0,255
3.7673767376737675,3289.5470667703116,1193.0310638801343,1.0,1.0,255
3.7683768376837685,895.8665272143783,1175.133733335847,1.0,1.0,255
3.7693769376937696,4095.0,1196.069698493041,1.0,1.0,255
3.77037703770377,560.5383318727409,1189.6937276810659,1.0,1.0,255
3.7713771377137713,1055.1826716752685,1176.2253864818388,1.0,1.0,255
3.7723772377237723,4095.0,1176.225386481839,1.0,1.0,255
3.7733773377337734,4095.0,1197.187076712143,1.0,1.0,255
3.7743774377437744,1428.7850324207661,1168.6113760637277,1.0,1.0,255
3.7753775377537755,1848.179866557768,1152.7835280145684,1.0,1.0,255
3.7763776377637766,2438.0733400889667,1151.2217028248845,1.0,1.0,255
3.7773777377737776,4095.0,1173.086861728576,1.0,1.0,255
3.7783778377837782,0.0,1173.086861728576,1.0,1.0,255
3.7793779377937793,1881.541035225017,1135.4560410240756,1.0,1.0,255
3.7803780378037803,2394.5492527464785,1108.075046380212,1.0,1.0,255
3.7813781378137814,2919.5587152246862,1084.5462206847055,1.0,1.0,255
3.7823782378237825,1875.8834945050066,1047.0285507946055,1.0,1.0,255
3.7833783378337835,2455.989293346485,1030.3535388321675,1.0,1.0,255
3.7843784378437846,1354.18060451588,1026.7600220620616,1.0,1.0,255
3.785378537853785,2744.516625204038,1013.5843098613686,1.0,1.0,255
3.7863786378637863,2182.264035636619,1001.7859895704377,1.0,1.0,255
3.7873787378737873,2623.232275767927,1005.7149044191725,1.0,1.0,255
3.7883788378837884,4095.0,1041.2951514151675,1.0,1.0,255
3.7893789378937894,0.0,1066.1918316016383,1.0,1.0,255
3.7903790379037905,2382.308115498888,1068.2085722286624,1.0,1.0,255
3.7913791379137916,732.5803696285686,1085.8513494042154,1.0,1.0,255
3.7923792379237926,2353.658568246465,1084.6025831471122,1.0,1.0,255
3.7933793379337932,2460.0416579392986,1051.9034163058982,1.0,1.0,255
3.7943794379437943,3737.5464867348546,1082.7621359039606,1.0,1.0,255
3.7953795379537953,4095.0,1084.4404101781472,1.0,1.0,255
3.7963796379637964,3719.1074831557103,1099.0823262966003,1.0,1.0,255
3.7973797379737975,976.3719862296953,1110.6359036188787,1.0,1.0,255
3.7983798379837985,2337.623610125673,1112.2542916826553,1.0,1.0,255
3.7993799379937996,3559.6881399081067,1106.4989609891181,1.0,1.0,255
3.8003800380038,4095.0,1142.1967449062001,1.0,1.0,255
3.8013801380138013,1974.0956800613114,1123.482534604705,1.0,1.0,255
3.8023802380238023,1474.0922969205249,1094.0006886662945,1.0,1.0,255
3.8033803380338034,1718.6055189603917,1076.8007072966216,1.0,1.0,255
3.8043804380438044,3200.1604451897965,1085.631130511961,1.0,1.0,255
3.8053805380538055,1763.463840840232,1063.7708116745932,1.0,1.0,255
3.8063806380638066,3569.118624638709,1054.679305931826,1.0,1.0,255
3.8073807380738076,527.1669269846866,1066.8405985196775,1.0,1.0,255
3.8083808380838082,3100.8455865640703,1046.937510250959,1.0,1.0,255
3.8093809380938093,478.1109809795223,1056.8300273843865,1.0,1.0,255
3.8103810381038103,1723.8754550626227,1022.3725182831341,1.0,1.0,255
3.8113811381138114,3251.136742047108,1020.6745836879404,1.0,1.0,255
3.8123812381238125,4095.0,1057.3713638973597,1.0,1.0,255
3.8133813381338135,658.821596219972,1079.1110415985409,1.0,1.0,255
3.8143814381438146,402.3341666383633,1099.5369272454573,1.0,1.0,255
3.815381538153815,2845.942085845963,1094.1446353633482,1.0,1.0,255
3.8163816381638163,0.0,1094.1446353633482,1.0,1.0,255
3.8173817381738173,1702.8683508236245,1076.2163270114697,1.0,1.0,255
3.8183818381838184,2382.057612545815,1059.8548098066738,1.0,1.0,255
3.8193819381938194,2769.655448400392,1033.3479187746816,1.0,1.0,255
3.8203820382038205,2152.4758595402013,1005.6882026029405,1.0,1.0,255
3.8213821382138216,678.097770828062,1013.2299006198846,1.0,1.0,255
3.8223822382238226,4095.0,1013.2299006198846,1.0,1.0,255
3.8233823382338232,2450.493163891985,980.3397638977243,1.0,1.0,255
3.8243824382438243,4095.0,1008.8954645461397,1.0,1.0,255
3.8253825382538253,1947.3219000449878,1006.9126238763952,1.0,1.0,255
3.8263826382638264,2644.4285419925964,1011.0397279144679,1.0,1.0,255
3.8273827382738275,281.98625470349725,1005.420002820398,1.0,1.0,255
3.8283828382838285,222.78685589946735,1000.9642657024087,1.0,1.0,255
3.8293829382938296,3628.019963387982,1029.2354856746688,1.0,1.0,255
3.83038303830383,997.7367367669137,1043.3097658844008,1.0,1.0,255
3.8313831383138313,1568.6232533039267,1035.4661265138288,1.0,1.0,255
3.8323832383238323,1.4482486073848122,1072.9548314317813,1.0,1.0,255
3.8333833383338334,0.0,1105.7550455648516,1.0,1.0,255
3.8343834383438344,0.0,1132.8386576551693,1.0,1.0,255
3.8353835383538355,1151.0456936804428,1136.8474112774793,1.0,1.0,255
3.8363836383638366,728.7074869174298,1160.5479808263983,1.0,1.0,255
3.8373837383738376,2732.892890264724,1162.7411931163342,1.0,1.0,255
3.8383838383838382,4053.9857972080044,1161.9209090604943,1.0,1.0,255
3.8393839383938393,1609.9555525514181,1129.721798009466,1.0,1.0,255
3.8403840384038403,0.0,1163.9956356994883,1.0,1.0,255
3.8413841384138414,2047.9924238487279,1137.6873946150852,1.0,1.0,255
3.8423842384238425,1835.936422972237,1135.815494790711,1.0,1.0,255
3.8433843384338435,2192.168875110881,1130.4580391341426,1.0,1.0,255
3.8443844384438446,299.53975178464907,1131.6363143637527,1.0,1.0,255
3.845384538453845,1026.695726051716,1111.1223998427183,1.0,1.0,255
3.8463846384638463,2842.3005829072877,1093.5862618377498,1.0,1.0,255
3.8473847384738473,1334.7284879449717,1086.419131803444,1.0,1.0,255
3.8483848384838484,1030.0818961368427,1100.985021678194,1.0,1.0,255
3.8493849384938494,4095.0,1111.691258880032,1.0,1.0,255
3.8503850385038505,1991.6961693474975,1071.877335493082,1.0,1.0,255
3.8513851385138516,3473.165866917055,1098.9025664326493,1.0,1.0,255
3.8523852385238526,194.2289393573642,1124.4998335839125,1.0,1.0,255
3.8533853385338532,4095.0,1158.8519439631202,1.0,1.0,255
3.8543854385438543,1655.7082957232897,1143.6545691448587,1.0,1.0,255
3.8553855385538554,2863.614945061825,1154.2761448628999,1.0,1.0,255
3.8563856385638564,3694.7267687404546,1156.7883077449346,1.0,1.0,255
3.8573857385738575,2746.568099856254,1140.3430082817533,1.0,1.0,255
3.8583858385838585,1611.206953120231,1128.0219574880675,1.0,1.0,255
3.8593859385938596,1892.2989246178067,1099.7381986153018,1.0,1.0,255
3.86038603860386,345.5460465863232,1127.304786784828,1.0,1.0,255
3.8613861386138613,1992.530576174606,1104.3514404203934,1.0,1.0,255
3.8623862386238623,4095.0,1104.3514404203934,1.0,1.0,255
3.8633863386338634,1900.6754661067646,1079.5143630226576,1.0,1.0,255
3.8643864386438644,3440.26354724461,1074.446317300317,1.0,1.0,255
3.8653865386538655,4095.0,1099.4274755833978,1.0,1.0,255
3.8663866386638666,1442.095948029311,1070.5855566228115,1.0,1.0,255
3.8673867386738676,2609.85372225601,1074.9199980844041,1.0,1.0,255
3.8683868386838682,133.43806286281347,1106.5300845762315,1.0,1.0,255
3.8693869386938693,0.0,1133.0569756082236,1.0,1.0,255
3.8703870387038704,2725.788352107483,1144.5232254595694,1.0,1.0,255
3.8713871387138714,1229.751973364308,1133.4901414088445,1.0,1.0,255
3.8723872387238725,774.5762571636087,1118.0186162655723,1.0,1.0,255
3.8733873387338735,3015.1310883728147,1129.3113747551888,1.0,1.0,255
3.8743874387438746,770.8168047185684,1113.9150386608176,1.0,1.0,255
3.875387538753875,26.480633635243976,1152.3318639890126,1.0,1.0,255
3.8763876387638763,537.3780335647184,1170.6157324778662,1.0,1.0,255
3.8773877387738773,1572.6189989714007,1144.803077592508,1.0,1.0,255
3.8783878387838784,1065.081801715843,1127.9571786761805,1.0,1.0,255
3.8793879387938794,537.4429551229948,1126.567920305961,1.0,1.0,255
3.8803880388038805,3035.3411512951307,1125.3094780672018,1.0,1.0,255
3.8813881388138816,1099.6230680216008,1134.6894817728485,1.0,1.0,255
3.8823882388238826,1286.1446971268188,1108.9955528024598,1.0,1.0,255
3.8833883388338832,1663.3246121611896,1075.7290605592361,1.0,1.0,255
3.8843884388438843,13.827734168243069,1075.4525058758713,1.0,1.0,255
3.8853885388538854,1832.887494561897,1061.8156698582422,1.0,1.0,255
3.8863886388638864,0.0,1076.3898195965908,1.0,1.0,255
3.8873887388738875,1390.3538955710405,1075.8448838798756,1.0,1.0,255
3.8883888388838885,3242.2821668311326,1059.610811272338,1.0,1.0,255
3.8893889388938896,2468.091349546463,1059.2517493142957,1.0,1.0,255
3.89038903890389,4095.0,1059.2317493142955,1.0,1.0,255
3.8913891389138913,1029.0385407300669,1079.610826976669,1.0,1.0,255
3.8923892389238923,4095.0,1116.3095554361134,1.0,1.0,255
3.8933893389338934,3857.679424597353,1149.619766425843,1.0,1.0,255
3.8943894389438944,1372.0531732953182,1128.1694979956296,1.0,1.0,255
3.8953895389538955,289.4473249665514,1142.9144660173329,1.0,1.0,255
3.8963896389638966,3904.69585798764,1164.1623715189398,1.0,1.0,255
3.8973897389738976,3214.108305420765,1173.2191073862546,1.0,1.0,255
3.8983898389838982,1916.8750874874038,1155.4832435592434,1.0,1.0,255
3.8993899389938993,3899.545658944007,1151.5741567381237,1.0,1.0,255
3.9003900390039004,391.4819785071834,1183.57844055493,1.0,1.0,255
3.9013901390139014,1763.6003786874548,1160.7631156428397,1.0,1.0,255
3.9023902390239025,3721.0755913755233,1157.1492062574973,1.0,1.0,255
3.9033903390339035,3764.0322429622,1150.5298511167414,1.0,1.0,255
3.9043904390439046,1936.4516079021002,1144.9149848731652,1.0,1.0,255
3.905390539053905,1154.1154997469366,1146.48037597699,1.0,1.0,255
3.9063906390639063,1558.969268927697,1123.326455223627,1.0,1.0,255
3.9073907390739073,2303.2481956536044,1114.460057139574,1.0,1.0,255
3.9083908390839084,3354.5845006828176,1131.8558862156349,1.0,1.0,255
3.9093909390939094,2687.6136578091346,1141.5341378641738,1.0,1.0,255
3.9103910391039105,2418.1821711284297,1114.8887022184688,1.0,1.0,255
3.9113911391139116,4095.0,1154.7193137419608,1.0,1.0,255
3.9123912391239126,895.5133846393705,1136.8290460491733,1.0,1.0,255
3.9133913391339132,4089.0814370239355,1174.7041841117875,1.0,1.0,255
3.9143914391439143,0.0,1187.818913166895,1.0,1.0,255
3.9153915391539154,1801.528957334994,1151.8083340201954,1.0,1.0,255
3.9163916391639164,26.31149197889249,1180.1240231412037,1.0,1.0,255
3.9173917391739175,3622.085730727362,1200.3686633106308,1.0,1.0,255
3.9183918391839185,2762.1021294993943,1176.3594671578749,1.0,1.0,255
3.9193919391939196,3709.8453941540765,1168.6363750409566,1.0,1.0,255
3.92039203920392,369.3019981372413,1188.654568036062,1.0,1.0,255
3.9213921392139213,308.07289837783173,1207.0881495357917,1.0,1.0,255
3.9223922392239223,242.9664374440208,1217.7203459301834,1.0,1.0,255
3.9233923392339234,4095.0,1239.317724162727,1.0,1.0,255
3.9243924392439244,2171.871247862395,1216.2514852143463,1.0,1.0,255
3.9253925392539255,0.0,1216.7810978870514,1.0,1.0,255
3.9263926392639266,1175.1988545485156,1204.024681467375,1.0,1.0,255
3.9273927392739276,2932.864371677132,1212.2143488803458,1.0,1.0,255
3.9283928392839282,968.1202164290328,1214.1535805860822,1.0,1.0,255
3.9293929392939293,2930.9432227134666,1201.6013041428114,1.0,1.0,255
3.9303930393039304,2139.150236449765,1183.677485845904,1.0,1.0,255
3.9313931393139314,2259.1954153600173,1168.9338555135362,1.0,1.0,255
3.9323932393239325,4095.0,1194.6367494560727,1.0,1.0,255
3.9333933393339335,1428.601414886332,1199.3312134015698,1.0,1.0,255
3.9343934393439346,2789.213724954534,1173.4720425840255,1.0,1.0,255
3.935393539353935,3537.2151693328997,1198.9540958619214,1.0,1.0,255
3.9363936393639363,0.0,1198.9540958619211,1.0,1.0,255
3.9373937393739373,885.9314202275293,1209.0425453687917,1.0,1.0,255
3.9383938393839384,2196.2208089264036,1188.121318210697,1.0,1.0,255
3.9393939393939394,1756.3940216594033,1185.5516107865797,1.0,1.0,255
3.9403940394039405,1988.3565451631007,1145.8044798833178,1.0,1.0,255
3.9413941394139416,2599.685910472887,1136.4589689073766,1.0,1.0,255
3.9423942394239426,1845.8533257247475,1099.5619023928818,1.0,1.0,255
3.9433943394339432,701.942453924607,1090.2894648224426,1.0,1.0,255
3.9443944394439443,409.22743719586083,1109.5459795444317,1.0,1.0,255
3.9453945394539454,2050.89182740697,1074.4327625919022,1.0,1.0,255
3.9463946394639464,3042.5967211430398,1057.19077985501,1.0,1.0,255
3.9473947394739475,3851.0746314457892,1069.9301063755106,1.0,1.0,255
3.9483948394839485,1819.349470706857,1071.8806187111213,1.0,1.0,255
3.9493949394939496,2277.789660286854,1039.4454987379784,1.0,1.0,255
3.95039503950395,2869.1267120548646,1022.7376725492193,1.0,1.0,255
3.9513951395139513,1049.6404744652177,1037.016870633664,1.0,1.0,255
3.9523952395239523,1392.6115267094094,1016.6631282719654,1.0,1.0,255
3.9533953395339534,916.3137425728964,1004.9762085612637,1.0,1.0,255
3.9543954395439544,0.0,1043.7052407193055,1.0,1.0,255
3.9553955395539555,635.7731470453641,1054.0720877733368,1.0,1.0,255
3.9563956395639566,3460.634751503513,1072.5441681819611,1.0,1.0,255
3.9573957395739576,191.55166875549276,1104.568170893779,1.0,1.0,255
3.9583958395839582,2581.981719000485,1089.1161152601326,1.0,1.0,255
3.9593959395939593,2712.348733926583,1089.6108167824814,1.0,1.0,255
3.9603960396039604,3124.4947484583045,1103.737068329079,1.0,1.0,255
3.9613961396139614,2448.0399368769436,1070.7978670666178,1.0,1.0,255
3.9623962396239625,3773.898698160473,1082.2661087226147,1.0,1.0,255
3.9633963396339635,2217.902847278206,1044.8425369277004,1.0,1.0,255
3.9643964396439646,1601.043981351042,1012.8216573006797,1.0,1.0,255
3.965396539653965,4095.0,1048.8322364473795,1.0,1.0,255
3.9663966396639663,2140.180840769146,1010.2420831023401,1.0,1.0,255
3.9673967396739673,1033.7847016291996,999.044674455209,1.0,1.0,255
3.9683968396839684,2233.730932958106,988.4772505243832,1.0,1.0,255
3.9693969396939695,0.0,996.2003426413015,1.0,1.0,255
3.9703970397039705,1782.9410326610405,967.9275619508257,1.0,1.0,255
3.9713971397139716,1724.3012403525613,939.602995111331,1.0,1.0,255
3.9723972397239726,3791.970457286624,938.3817330059438,1.0,1.0,255
3.9733973397339732,1248.557926408122,913.4305744777813,1.0,1.0,255
3.9743974397439743,1339.3837504466887,925.1254745115998,1.0,1.0,255
3.9753975397539754,2084.604877032648,884.8975720522526,1.0,1.0,255
3.9763976397639764,3407.244602750199,894.6264411982269,1.0,1.0,255
3.9773977397739775,209.80212440387072,913.6931112766068,1.0,1.0,255
3.9783978397839785,82.20558069496519,931.4114039912881,1.0,1.0,255
3.9793979397939796,2491.868128035546,922.6299020977297,1.0,1.0,255
3.98039803980398,3914.9612481362524,958.1461223314595,1.0,1.0,255
3.9813981398139813,0.0,994.882214024259,1.0,1.0,255
3.9823982398239823,3049.75571992641,973.9773284227874,1.0,1.0,255
3.9833983398339834,2782.2507432810094,976.2743715861342,1.0,1.0,255
3.9843984398439845,909.884808301455,984.2124009210145,1.0,1.0,255
3.9853985398539855,3240.7605189235305,978.2833079128271,1.0,1.0,255
3.9863986398639866,1366.655691098592,950.9501940908555,1.0,1.0,255
3.9873987398739876,1102.1260904160567,946.6263006870848,1.0,1.0,255
3.9883988398839882,1514.579523198039,954.330294044596,1.0,1.0,255
3.9893989398939893,772.6121434128011,974.0059316095281,1.0,1.0,255
3.9903990399039904,2631.2599782544194,984.4782620778786,1.0,1.0,255
3.9913991399139914,186.79933141298852,1010.6685572401611,1.0,1.0,255
3.9923992399239925,0.0,1047.5856237546561,1.0,1.0,255
3.9933993399339935,2206.4168132344444,1023.8328090978371,1.0,1.0,255
3.9943994399439946,1843.8069309532043,995.14121922269,1.0,1.0,255
3.995399539953995,0.0,1036.0433826745507,1.0,1.0,255
3.9963996399639963,946.1510899572102,1038.1884264525456,1.0,1.0,255
3.9973997399739973,0.0,1043.08693382363,1.0,1.0,255
3.9983998399839984,1836.951849907908,1042.734886239609,1.0,1.0,255
3.9993999399939995,3326.658497209288,1063.7122629780577,1.0,1.0,255
4.000400040004,1271.6214835921473,1062.8172990651174,1.0,1.0,255
4.001400140014002,2762.4401544389543,1057.1389116432008,1.0,1.0,255
4.002400240024002,4095.0,1084.971142177389,1.0,1.0,255
4.003400340034004,154.3066455425551,1100.2112841179958,1.0,1.0,255
4.004400440044004,0.0,1100.2112841179958,1.0,1.0,255
4.005400540054006,0.0,1112.926747058903,1.0,1.0,255
4.006400640064006,4095.0,1125.6140520288327,1.0,1.0,255
4.007400740074007,0.0,1129.4450854039426,1.0,1.0,255
4.0084008400840085,1766.8212319248173,1124.3890263854364,1.0,1.0,255
4.009400940094009,979.245139184234,1132.47714892322,1.0,1.0,255
4.010401040104011,284.2683689648129,1146.2218865747577,1.0,1.0,255
4.011401140114011,2513.292733924368,1147.5269425157062,1.0,1.0,255
4.012401240124013,2631.9072802134133,1124.6871141567651,1.0,1.0,255
4.013401340134013,2633.4573364011467,1132.9982039392237,1.0,1.0,255
4.014401440144014,3280.714002096672,1148.713363608178,1.0,1.0,255
4.0154015401540155,2101.220188649773,1108.8377673811735,1.0,1.0,255
4.016401640164016,1095.4767911668996,1126.0446147424527,1.0,1.0,255
4.017401740174018,3718.2087795491675,1139.1644843660201,1.0,1.0,255
4.018401840184018,1286.117801183765,1150.6875096831827,1.0,1.0,255
4.01940194019402,3474.8570727986225,1138.264651139155,1.0,1.0,255
4.02040204020402,0.0,1173.9234717923757,1.0,1.0,255
4.021402140214021,2986.1140088596135,1186.2117767766194,1.0,1.0,255
4.0224022402240225,2185.542454344449,1154.0832167177757,1.0,1.0,255
4.023402340234023,2739.017855900235,1151.9147323639431,1.0,1.0,255
4.024402440244025,181.9066311822885,1175.064274749231,1.0,1.0,255
4.025402540254025,1650.7972095208183,1182.2762330181615,1.0,1.0,255
4.026402640264027,2310.62714818846,1160.3438839269268,1.0,1.0,255
4.027402740274027,344.6258407033142,1157.647409600938,1.0,1.0,255
4.028402840284029,2976.7767091592796,1136.907055398023,1.0,1.0,255
4.0294029402940295,769.2841351914058,1153.6040101334838,1.0,1.0,255
4.03040304030403,1116.7267871977292,1134.890249426804,1.0,1.0,255
4.031403140314032,3966.7489411333263,1132.305228249471,1.0,1.0,255
4.032403240324032,4095.0,1153.2101138509427,1.0,1.0,255
4.033403340334034,4095.0,1179.4650989853224,1.0,1.0,255
4.034403440344034,3899.1241081347043,1193.7252773140456,1.0,1.0,255
4.035403540354036,3881.989653453651,1206.549860004648,1.0,1.0,255
4.036403640364036,4095.0,1233.86297382662,1.0,1.0,255
4.037403740374037,3674.6820554788887,1247.4791367445189,1.0,1.0,255
4.0384038403840385,571.7824113070542,1266.3350789823385,1.0,1.0,255
4.039403940394039,4095.0,1281.7673218505945,1.0,1.0,255
4.040404040404041,3867.1697135607196,1306.4855165567205,1.0,1.0,255
4.041404140414041,2540.2849445105117,1279.1072020751903,1.0,1.0,255
4.042404240424043,1893.3596947931146,1241.2400081793282,1.0,1.0,255
4.043404340434043,4095.0,1279.0116719146392,1.0,1.0,255
4.044404440444044,0.0,1315.8878105337033,1.0,1.0,255
4.0454045404540455,1862.9016202173623,1278.6297781293563,1.0,1.0,255
4.046404640464046,2528.0015910039797,1266.19283174858,1.0,1.0,255
4.047404740474048,1792.7783237253109,1230.3372652740736,1.0,1.0,255
4.048404840484048,1348.3537477300097,1240.1092273176318,1.0,1.0,255
4.04940494049405,3152.5262306908885,1236.6265819872635,1.0,1.0,255
4.05040504050405,2693.6430275724992,1234.0118722105567,1.0,1.0,255
4.051405140514051,2265.5271253148294,1224.0736116280743,1.0,1.0,255
4.0524052405240525,2781.4697608675433,1197.8030068454252,1.0,1.0,255
4.053405340534053,2263.8426374730993,1164.2459925057383,1.0,1.0,255
4.054405440544055,3138.886118837182,1145.1037148824819,1.0,1.0,255
4.055405540554055,0.0,1145.1037148824819,1.0,1.0,255
4.056405640564057,4095.0,1145.1037148824817,1.0,1.0,255
4.057405740574057,3419.3444455356557,1131.570603793195,1.0,1.0,255
4.058405840584059,1961.3193591222057,1127.680641249247,1.0,1.0,255
4.0594059405940595,1864.1005591222597,1109.9835328504864,1.0,1.0,255
4.06040604060406,689.7242723020352,1101.8744147837422,1.0,1.0,255
4.061406140614062,3480.6567343536835,1121.2216947923284,1.0,1.0,255
4.062406240624062,1432.3831151857105,1121.8558868843459,1.0,1.0,255
4.063406340634064,2708.1977648585985,1123.350695453495,1.0,1.0,255
4.064406440644064,4095.0,1139.6364154115618,1.0,1.0,255
4.065406540654066,3665.814111277682,1170.9282938641197,1.0,1.0,255
4.066406640664066,3030.2243869546833,1171.5223174265514,1.0,1.0,255
4.067406740674067,3719.2923947910313,1171.5439897313888,1.0,1.0,255
4.0684068406840685,2203.19448800488,1159.410235515162,1.0,1.0,255
4.069406940694069,2602.207909290045,1141.9572522449903,1.0,1.0,255
4.070407040704071,635.3124612163424,1129.2510030206633,1.0,1.0,255
4.071407140714071,901.08606049544,1133.4270016335622,1.0,1.0,255
4.072407240724073,1343.416277295446,1144.7678270007643,1.0,1.0,255
4.073407340734073,628.8844005913588,1159.3297818709325,1.0,1.0,255
4.074407440744074,712.3994899452216,1148.7199246956739,1.0,1.0,255
4.0754075407540755,2660.5195850308723,1153.0262605867076,1.0,1.0,255
4.076407640764076,2169.219967359394,1150.1981169701262,1.0,1.0,255
4.077407740774078,2673.8576656848727,1128.64778709789,1.0,1.0,255
4.078407840784078,2362.841966543642,1116.3690922455773,1.0,1.0,255
4.07940794079408,451.13232714092874,1122.7321284065868,1.0,1.0,255
4.08040804080408,2190.3181437199887,1106.9530270249413,1.0,1.0,255
4.081408140814081,521.9321691018745,1099.0994048202372,1.0,1.0,255
4.0824082408240825,1869.6546719211017,1061.7263113818149,1.0,1.0,255
4.083408340834083,1783.1994164567373,1026.08232305268,1.0,1.0,255
4.084408440844085,3164.2888070405143,1011.3856170307964,1.0,1.0,255
4.085408540854085,3470.63950879,1003.1586141375235,1.0,1.0,255
4.086408640864087,1440.1803772315943,974.3750065928919,1.0,1.0,255
4.087408740874087,2224.993665845338,945.3812388002206,1.0,1.0,255
4.088408840884089,3352.0407339368608,941.9377017050989,1.0,1.0,255
4.0894089408940895,0.0,941.9577017050992,1.0,1.0,255
4.09040904090409,4028.6897225038174,945.188101883961,1.0,1.0,255
4.091409140914092,2477.7319333223363,943.9370416601973,1.0,1.0,255
4.092409240924092,381.4639203849076,974.1749571483616,1.0,1.0,255
4.093409340934094,3766.03331113933,967.595623371148,1.0,1.0,255
4.094409440944094,3733.688011257559,960.3493835962995,1.0,1.0,255
4.095409540954096,2544.378746546357,966.5749909315736,1.0,1.0,255
4.096409640964096,1239.2028518179422,973.150902075135,1.0,1.0,255
4.097409740974097,3280.94805633617,992.7054296763649,1.0,1.0,255
4.0984098409840986,2460.738064124127,986.9672659134476,1.0,1.0,255
4.099409940994099,1079.249346659804,984.2517543664339,1.0,1.0,255
4.100410041004101,3449.4238524028833,999.3673708630416,1.0,1.0,255
4.101410141014101,0.0,1035.9768283567448,1.0,1.0,255
4.102410241024103,2173.0155963534107,1023.8077450664624,1.0,1.0,255
4.103410341034103,936.9708434285394,1041.7114754484294,1.0,1.0,255
4.104410441044104,3538.3986389601096,1049.7017258508881,1.0,1.0,255
4.1054105410541055,2863.053879408805,1025.0428034390638,1.0,1.0,255
4.106410641064106,3167.898696497521,1006.5007773690145,1.0,1.0,255
4.107410741074108,2790.274480222444,993.9193780627501,1.0,1.0,255
4.108410841084108,2616.891766496402,1003.5636005751222,1.0,1.0,255
4.10941094109411,2465.5020331233163,1008.2356524200338,1.0,1.0,255
4.11041104110411,567.4491383225206,1010.6811550996241,1.0,1.0,255
4.111411141114112,2901.6460777272537,999.1009419670953,1.0,1.0,255
4.1124112411241125,471.1616194690241,1018.3253718814292,1.0,1.0,255
4.113411341134113,0.0,1046.0814165842573,1.0,1.0,255
4.114411441144115,1168.8248697460363,1022.7249191893367,1.0,1.0,255
4.115411541154115,2045.1928543338618,990.4247798771056,1.0,1.0,255
4.116411641164117,2394.151144585542,977.7033150297228,1.0,1.0,255
4.117411741174117,3418.5058225742287,971.6875835853867,1.0,1.0,255
4.118411841184119,4095.0,1009.5236938252893,1.0,1.0,255
4.1194119411941195,2452.897127737872,1006.5374781942458,1.0,1.0,255
4.12041204120412,277.34239560103583,1013.696879506552,1.0,1.0,255
4.121412141214122,4095.0,1031.6986007164608,1.0,1.0,255
4.122412241224122,55.918101782702706,1057.4485642267157,1.0,1.0,255
4.123412341234124,3797.8922449877828,1064.0640971382984,1.0,1.0,255
4.124412441244124,1690.1711760811238,1044.5086634155805,1.0,1.0,255
4.125412541254126,0.0,1073.2182717149628,1.0,1.0,255
4.126412641264126,1598.6926424977883,1079.7800195178193,1.0,1.0,255
4.127412741274127,3042.6199080400334,1087.1552643649225,1.0,1.0,255
4.1284128412841286,2717.5322343976172,1094.249069722002,1.0,1.0,255
4.129412941294129,519.4659326141489,1092.8823976125375,1.0,1.0,255
4.130413041304131,1956.0990090272603,1091.8740545575927,1.0,1.0,255
4.131413141314131,1891.2750235226122,1064.4871974691778,1.0,1.0,255
4.132413241324133,409.64954502726187,1093.6873000070545,1.0,1.0,255
4.133413341334133,3405.3586386704037,1115.5384611095976,1.0,1.0,255
4.134413441344134,3263.459936733881,1117.521883703465,1.0,1.0,255
4.1354135413541355,2707.5508369929794,1102.2601102675244,1.0,1.0,255
4.136413641364136,471.2221932406551,1121.639273947343,1.0,1.0,255
4.137413741374138,908.7554176234923,1140.8842922779666,1.0,1.0,255
4.138413841384138,782.1679428849195,1140.120118741531,1.0,1.0,255
4.13941394139414,4095.0,1140.100118741531,1.0,1.0,255
4.14041404140414,78.32909275638804,1139.879742436327,1.0,1.0,255
4.141414141414142,1609.6623302941073,1140.0518571639982,1.0,1.0,255
4.1424142414241425,245.19507478212336,1142.777234076054,1.0,1.0,255
4.143414341434143,1954.9254655539432,1110.2780585421883,1.0,1.0,255
4.144414441444145,422.19277256546275,1109.080442865728,1.0,1.0,255
4.145414541454145,2822.3003111725907,1114.6388741582527,1.0,1.0,255
4.146414641464147,2198.490756676857,1101.4727463281488,1.0,1.0,255
4.147414741474147,4095.0,1117.7537852014252,1.0,1.0,255
4.148414841484149,1976.615451171047,1110.9267148955216,1.0,1.0,255
4.1494149414941495,2453.056291259394,1099.6528276539057,1.0,1.0,255
4.15041504150415,0.0,1112.584350605848,1.0,1.0,255
4.151415141514152,517.315694945303,1102.238036706942,1.0,1.0,255
4.152415241524152,1644.1041435031857,1107.8156419098102,1.0,1.0,255
4.153415341534154,2990.05762297405,1104.4362112378617,1.0,1.0,255
4.154415441544154,1587.6660547232882,1083.8349173641939,1.0,1.0,255
4.155415541554156,916.6689530747103,1090.1604607145234,1.0,1.0,255
4.156415641564156,2205.7496961716693,1070.9174807080062,1.0,1.0,255
4.157415741574157,794.1285004460531,1081.1494210946364,1.0,1.0,255
4.158415841584159,3808.1822895418354,1104.9752315555452,1.0,1.0,255
4.159415941594159,4095.0,1137.5651908930788,1.0,1.0,255
4.160416041604161,3587.962310348413,1138.7534198664973,1.0,1.0,255
4.161416141614161,2914.0349683585914,1139.001197679124,1.0,1.0,255
4.162416241624163,2925.1504792122896,1125.0074396527502,1.0,1.0,255
4.163416341634163,4095.0,1124.9874396527505,1.0,1.0,255
4.164416441644164,2995.6237314080277,1126.3564116758319,1.0,1.0,255
4.1654165416541655,1582.8879984532539,1135.6025087934438,1.0,1.0,255
4.166416641664166,3290.8198977262673,1153.5358838562584,1.0,1.0,255
4.167416741674168,3304.7886707140124,1151.2615408190538,1.0,1.0,255
4.168416841684168,1971.8395484343052,1111.8447498503676,1.0,1.0,255
4.16941694169417,2467.229884783379,1112.1314049912778,1.0,1.0,255
4.17041704170417,3153.786976692185,1098.8339924371423,1.0,1.0,255
4.171417141714172,3073.0758956853733,1078.3955103508497,1.0,1.0,255
4.1724172417241725,3558.490468220728,1068.7636817509183,1.0,1.0,255
4.173417341734173,3768.5315879244654,1068.176468609652,1.0,1.0,255
4.174417441744175,0.0,1101.9798921312745,1.0,1.0,255
4.175417541754175,3915.602136392602,1098.3719348591264,1.0,1.0,255
4.176417641764177,0.0,1130.3457877090823,1.0,1.0,255
4.177417741774177,1932.0088695453064,1112.7732121573754,1.0,1.0,255
4.178417841784179,0.0,1140.342567469423,1.0,1.0,255
4.1794179417941795,2978.4642696781884,1128.38117151527,1.0,1.0,255
4.18041804180418,1437.7671789297738,1138.7478081172196,1.0,1.0,255
4.181418141814182,1106.0468241761096,1154.4523721041496,1.0,1.0,255
4.182418241824182,0.0,1162.645363004695,1.0,1.0,255
4.183418341834184,4095.0,1176.438190231287,1.0,1.0,255
4.184418441844184,1458.622492632986,1163.9165416439496,1.0,1.0,255
4.185418541854186,1762.3496638301815,1156.4385316274866,1.0,1.0,255
4.186418641864186,1593.8140895528873,1133.9866937012418,1.0,1.0,255
4.187418741874187,25.518476805417777,1151.6514325176033,1.0,1.0,255
4.188418841884189,872.8523814955961,1149.8377437453898,1.0,1.0,255
4.189418941894189,2755.4803034935994,1123.047349815262,1.0,1.0,255
4.190419041904191,2461.6096259468695,1091.9261241893269,1.0,1.0,255
4.191419141914191,2357.0110589245983,1089.339591973701,1.0,1.0,255
4.192419241924193,0.0,1094.2434934693435,1.0,1.0,255
4.193419341934193,4095.0,1133.3220027804223,1.0,1.0,255
4.194419441944194,181.93434033222115,1138.1271714250872,1.0,1.0,255
4.1954195419541955,2924.8236897906995,1140.1776389974493,1.0,1.0,255
4.196419641964196,120.50970142607366,1175.7176298353907,1.0,1.0,255
4.197419741974198,2454.9516589592586,1142.9166630145758,1.0,1.0,255
4.198419841984198,2967.80322495857,1159.8850365371682,1.0,1.0,255
4.1994199419942,0.0,1192.7439107119803,1.0,1.0,255
4.2004200420042,1048.6401565572041,1171.7711075808363,1.0,1.0,255
4.201420142014202,2398.331457948872,1148.1640506387196,1.0,1.0,255
4.2024202420242025,1300.2781140065072,1155.0405712286533,1.0,1.0,255
4.203420342034203,3457.14037917278,1164.3822263526279,1.0,1.0,255
4.204420442044205,1222.7254496806904,1171.68103845348,1.0,1.0,255
4.205420542054205,1376.3951160773263,1162.4865151934275,1.0,1.0,255
4.206420642064207,1007.226201431426,1180.1469972413656,1.0,1.0,255
4.207420742074207,1781.246211972296,1160.4046430108406,1.0,1.0,255
4.208420842084209,3287.6610220486837,1149.9942176609775,1.0,1.0,255
4.2094209420942095,899.6759957967977,1132.0206977450416,1.0,1.0,255
4.21042104210421,1749.5539388909,1107.1903727602555,1.0,1.0,255
4.211421142114212,1382.9631015066077,1103.1704113629517,1.0,1.0,255
4.212421242124212,4095.0,1126.5674017787057,1.0,1.0,255
4.213421342134214,0.0,1126.5874017787057,1.0,1.0,255
4.214421442144214,4086.25980503795,1148.4001232513042,1.0,1.0,255
4.215421542154216,2085.633438706648,1139.8505519945022,1.0,1.0,255
4.216421642164216,4095.0,1155.9341540399769,1.0,1.0,255
4.217421742174217,2387.1635152469003,1137.5816509306349,1.0,1.0,255
4.218421842184219,2408.0427736322713,1143.2592973719666,1.0,1.0,255
4.219421942194219,3596.940599839483,1165.8535116730886,1.0,1.0,255
4.220422042204221,1745.2051208689336,1149.793669721866,1.0,1.0,255
4.221422142214221,4095.0,1170.2321518081587,1.0,1.0,255
4.222422242224223,2512.3172852812004,1149.3086881493682,1.0,1.0,255
4.223422342234223,2563.9818786461,1125.2176939638005,1.0,1.0,255
4.224422442244224,4095.0,1125.1976939638005,1.0,1.0,255
4.2254225422542255,2639.112431815735,1099.6678998722634,1.0,1.0,255
4.226422642264226,3357.3835897298777,1084.8955716668613,1.0,1.0,255
4.227422742274228,4095.0,1123.5157490577672,1.0,1.0,255
4.228422842284228,1844.5584930828934,1086.6245791961094,1.0,1.0,255
4.22942294229423,1009.1325337869428,1088.7926431268068,1.0,1.0,255
4.23042304230423,0.0,1117.547986705402,1.0,1.0,255
4.231423142314232,1771.2307097259518,1104.244308994405,1.0,1.0,255
4.2324232423242325,475.77159632864937,1094.7288770678322,1.0,1.0,255
4.233423342334233,2823.6196554925837,1069.3012701776838,1.0,1.0,255
4.234423442344235,1126.9813524656681,1075.93409298103,1.0,1.0,255
4.235423542354235,1920.5495813291732,1072.7700946310501,1.0,1.0,255
4.236423642364237,4095.0,1104.6263764221083,1.0,1.0,255
4.237423742374237,0.0,1105.1367459582164,1.0,1.0,255
4.238423842384239,2806.999218240735,1096.8137779529432,1.0,1.0,255
4.2394239423942395,3598.9485221375908,1113.6831423258232,1.0,1.0,255
4.24042404240424,3250.275754811355,1129.4564649031129,1.0,1.0,255
4.241424142414242,2888.215499366473,1140.0805537119504,1.0,1.0,255
4.242424242424242,519.3143074999798,1129.694267561951,1.0,1.0,255
4.243424342434244,2719.1143969415807,1102.1765555007823,1.0,1.0,255
4.244424442444244,2334.3209160362994,1070.5816606281526,1.0,1.0,255
4.245424542454246,0.0,1094.0051868323385,1.0,1.0,255
4.2464246424642464,2983.1781958504844,1074.1589447778697,1.0,1.0,255
4.247424742474247,2649.492767799842,1078.0497669546814,1.0,1.0,255
4.248424842484249,0.0,1100.61370245551,1.0,1.0,255
4.249424942494249,757.4854887846222,1085.4639926798177,1.0,1.0,255
4.250425042504251,2506.3559163892887,1074.6439141387473,1.0,1.0,255
4.251425142514251,3470.984374792857,1096.0969724756274,1.0,1.0,255
4.252425242524253,3957.6599410594063,1119.3357335769456,1.0,1.0,255
4.253425342534253,1868.5675047069976,1094.74157589935,1.0,1.0,255
4.254425442544254,3379.6962216748398,1104.8700093264604,1.0,1.0,255
4.2554255425542555,1859.0599368892006,1095.216712910223,1.0,1.0,255
4.256425642564256,0.0,1115.3612369388513,1.0,1.0,255
4.257425742574258,927.2888778778199,1132.4403836207412,1.0,1.0,255
4.258425842584258,409.80735140181946,1140.4110161517308,1.0,1.0,255
4.25942594259426,2139.9806443386865,1119.2841489544405,1.0,1.0,255
4.26042604260426,559.6676788388745,1143.081874155481,1.0,1.0,255
4.261426142614262,955.7342146841686,1151.62645189193,1.0,1.0,255
4.2624262426242625,0.0,1151.6464518919297,1.0,1.0,255
4.263426342634263,769.5755587181861,1136.2549407175661,1.0,1.0,255
4.264426442644265,2763.538052122948,1109.8005056592663,1.0,1.0,255
4.265426542654265,3444.1433617052444,1136.9707041192382,1.0,1.0,255
4.266426642664267,1966.8363958353088,1097.6539762025318,1.0,1.0,255
4.267426742674267,1882.8933653363338,1094.1728385908673,1.0,1.0,255
4.268426842684269,4095.0,1127.9119831182218,1.0,1.0,255
4.2694269426942695,3357.908102452049,1123.131333170473,1.0,1.0,255
4.27042704270427,2273.51879121455,1121.585811412143,1.0,1.0,255
4.271427142714272,3979.5982513410836,1119.2777764389646,1.0,1.0,255
4.272427242724272,1858.810680316469,1113.775217127011,1.0,1.0,255
4.273427342734274,2502.507651371913,1112.5457325815273,1.0,1.0,255
4.274427442744274,1521.9651695525295,1082.1264291904768,1.0,1.0,255
4.275427542754276,878.6280374225355,1093.6916198057113,1.0,1.0,255
4.2764276427642764,695.5953725348568,1094.5520405604163,1.0,1.0,255
4.277427742774277,1999.2711098787067,1054.5866183628425,1.0,1.0,255
4.278427842784279,2056.4743321946444,1050.6872748683932,1.0,1.0,255
4.279427942794279,2157.9067567139123,1032.10806067841,1.0,1.0,255
4.280428042804281,4095.0,1032.0880606784103,1.0,1.0,255
4.281428142814281,4095.0,1067.4926748729292,1.0,1.0,255
4.282428242824283,3284.568808774352,1060.7794829749892,1.0,1.0,255
4.283428342834283,1603.76031960526,1054.1518834730325,1.0,1.0,255
4.284428442844284,1454.8543446009012,1047.594423630328,1.0,1.0,255
4.2854285428542855,1145.4948995964376,1063.0955172649824,1.0,1.0,255
4.286428642864286,3544.877902803897,1052.0930753210605,1.0,1.0,255
4.287428742874288,1597.6808422472582,1020.1394584761154,1.0,1.0,255
4.288428842884288,374.4319424295777,1038.4308352627093,1.0,1.0,255
4.28942894289429,2361.6244010300147,1013.6843528405575,1.0,1.0,255
4.29042904290429,2164.8509974460503,991.9758576932514,1.0,1.0,255
4.291429142914292,0.0,1016.131547705922,1.0,1.0,255
4.2924292429242925,2485.22464700564,994.3023267960348,1.0,1.0,255
4.293429342934293,2338.019171508312,986.6804222873693,1.0,1.0,255
4.294429442944295,0.0,1021.9140039666432,1.0,1.0,255
4.295429542954295,2709.196096538535,994.1779258974143,1.0,1.0,255
4.296429642964297,1444.262887109004,987.5491042382243,1.0,1.0,255
4.297429742974297,1877.926701897401,978.9207148442795,1.0,1.0,255
4.298429842984299,1004.9787509164332,958.8211398259508,1.0,1.0,255
4.2994299429942995,614.6739494848057,961.677370611947,1.0,1.0,255
4.3004300430043,1217.0141693591145,969.1299688969789,1.0,1.0,255
4.301430143014302,621.9563481700529,969.1911544377207,1.0,1.0,255
4.302430243024302,2618.5763603442692,942.4094828234179,1.0,1.0,255
4.303430343034304,364.82108653404475,972.484411186877,1.0,1.0,255
4.304430443044304,2348.168147787856,951.8538497091374,1.0,1.0,255
4.305430543054306,2721.635175720109,961.5477519613237,1.0,1.0,255
4.3064306430643065,2406.7151613277047,927.7620551878776,1.0,1.0,255
4.307430743074307,2926.168871625108,922.9112101779361,1.0,1.0,255
4.308430843084309,2839.608023287942,905.9795176717313,1.0,1.0,255
4.309430943094309,3240.6755758638283,927.9934163022341,1.0,1.0,255
4.310431043104311,572.9150743961175,927.7284683910892,1.0,1.0,255
4.311431143114311,0.0,946.8431526847727,1.0,1.0,255
4.312431243124313,1569.4509952924473,915.4541327789236,1.0,1.0,255
4.313431343134313,2566.8649151809004,900.2629422569055,1.0,1.0,255
4.314431443144314,3211.3218810803705,909.2186188360539,1.0,1.0,255
4.3154315431543155,279.575443765224,916.6642427266445,1.0,1.0,255
4.316431643164316,4095.0,955.9809706433507,1.0,1.0,255
4.317431743174318,1435.218437615973,964.9344691977581,1.0,1.0,255
4.318431843184318,4095.0,964.9344691977581,1.0,1.0,255
4.31943194319432,0.0,979.6963071487169,1.0,1.0,255
4.32043204320432,3363.3636616064414,1001.4932045565547,1.0,1.0,255
4.321432143214322,2130.513427302823,964.5115080757896,1.0,1.0,255
4.3224322432243225,2703.919880935441,973.8461193008278,1.0,1.0,255
4.323432343234323,2957.460677999927,982.9451798333882,1.0,1.0,255
4.324432443244325,805.6960163853489,997.2705628967317,1.0,1.0,255
4.325432543254325,3938.3666568185986,1011.6904567815544,1.0,1.0,255
4.326432643264327,1278.792818123473,1000.0265078697821,1.0,1.0,255
4.327432743274327,1825.9505067668242,1003.4929199320197,1.0,1.0,255
4.328432843284329,1333.8543805731938,1017.6063456766628,1.0,1.0,255
4.3294329432943295,2613.4354438359665,1026.716919419104,1.0,1.0,255
4.33043304330433,3774.6848681278107,1020.3106167816602,1.0,1.0,255
4.331433143314332,1485.730069326422,990.6160153951319,1.0,1.0,255
4.332433243324332,1812.1332513208567,970.6019741932278,1.0,1.0,255
4.333433343334334,2040.465201985962,961.8678765456137,1.0,1.0,255
4.334433443344334,565.9313210475882,979.6463370166799,1.0,1.0,255
4.335433543354336,1931.82761184239,963.9196827717609,1.0,1.0,255
4.3364336433643365,2047.7366624169213,933.9873914673444,1.0,1.0,255
4.337433743374337,3885.546025625803,961.7319288248057,1.0,1.0,255
4.338433843384339,1986.5757562514166,929.4890525483688,1.0,1.0,255
4.339433943394339,0.0,964.1765645277685,1.0,1.0,255
4.340434043404341,2900.5550452297584,978.8906454834428,1.0,1.0,255
4.341434143414341,2007.9958726063448,938.730728031316,1.0,1.0,255
4.342434243424343,3163.8267691773035,952.3027704747493,1.0,1.0,255
4.343434343434343,3458.178214348529,974.7059513315535,1.0,1.0,255
4.344434443444344,2808.780133989264,948.9615540113388,1.0,1.0,255
4.3454345434543455,0.0,976.697632080568,1.0,1.0,255
4.346434643464346,953.2603571489824,986.5176826797687,1.0,1.0,255
4.347434743474348,3575.359400064355,1013.6634047190036,1.0,1.0,255
4.348434843484348,4095.0,1033.7429797373325,1.0,1.0,255
4.34943494349435,2101.015132832761,1006.1367613836837,1.0,1.0,255
4.35043504350435,1439.6702056848935,1001.6836406571679,1.0,1.0,255
4.351435143514352,1970.2884191092082,974.7169992383849,1.0,1.0,255
4.3524352435243525,2508.603050330376,972.5175330381069,1.0,1.0,255
4.353435343534353,704.4170600977614,965.7256135668327,1.0,1.0,255
4.354435443544355,4095.0,1000.6622506110756,1.0,1.0,255
4.355435543554355,1680.903751685533,994.5314720629628,1.0,1.0,255
4.356435643564357,425.92589018507056,1019.7986510327073,1.0,1.0,255
4.357435743574357,1071.4587630909073,1021.766098338387,1.0,1.0,255
4.358435843584359,3364.4618088491598,1032.2631740496113,1.0,1.0,255
4.3594359435943595,0.0,1049.3696625323346,1.0,1.0,255
4.36043604360436,1418.2205467393233,1032.4635530854707,1.0,1.0,255
4.361436143614362,2568.7242659433655,1001.918038404338,1.0,1.0,255
4.362436243624362,4005.3628004077423,1031.4943143183418,1.0,1.0,255
4.363436343634364,681.4019564582418,1048.448976885559,1.0,1.0,255
4.364436443644364,0.0,1066.1425392639514,1.0,1.0,255
4.365436543654366,3692.701779380057,1063.668083726857,1.0,1.0,255
4.3664366436643665,3081.969135242658,1043.4074664317104,1.0,1.0,255
4.367436743674367,762.6070242235653,1056.8596946995585,1.0,1.0,255
4.368436843684369,4095.0,1056.8596946995585,1.0,1.0,255
4.369436943694369,3695.044074564505,1048.8405761908484,1.0,1.0,255
4.370437043704371,1505.6456622228677,1033.3803897142625,1.0,1.0,255
4.371437143714371,637.3289015009957,1059.943543138186,1.0,1.0,255
4.372437243724373,3813.7753487063037,1082.1406524936033,1.0,1.0,255
4.373437343734373,4095.0,1104.8914389336048,1.0,1.0,255
4.374437443744374,1903.864339584547,1082.9280724696205,1.0,1.0,255
4.3754375437543755,1812.9040879558336,1049.8226575741319,1.0,1.0,255
4.376437643764376,3022.5336104435582,1053.9291861454724,1.0,1.0,255
4.377437743774378,1358.8944276541547,1063.270307727726,1.0,1.0,255
4.378437843784378,3201.62506796811,1072.059896698552,1.0,1.0,255
4.37943794379438,0.0,1101.7111878218327,1.0,1.0,255
4.38043804380438,3953.528577635234,1105.2880620119813,1.0,1.0,255
4.381438143814382,3736.8201002075657,1127.819065402661,1.0,1.0,255
4.3824382438243825,1336.2247996054402,1137.337234436969,1.0,1.0,255
4.383438343834383,0.0,1178.1465384766884,1.0,1.0,255
4.384438443844385,1055.3117042945216,1168.3589308117496,1.0,1.0,255
4.385438543854385,4095.0,1206.9754830485974,1.0,1.0,255
4.386438643864387,4095.0,1247.910216296936,1.0,1.0,255
4.387438743874387,3340.0691136626574,1237.000678057673,1.0,1.0,255
4.388438843884389,3547.817965128552,1265.7685524852723,1.0,1.0,255
4.3894389438943895,1237.027854352073,1241.0279953982308,1.0,1.0,255
4.39043904390439,1328.558415574575,1238.365726182144,1.0,1.0,255
4.391439143914392,0.0,1278.5256436342709,1.0,1.0,255
4.392439243924392,1979.9441154157548,1257.57022594241,1.0,1.0,255
4.393439343934394,1608.1981821522318,1238.1626980123947,1.0,1.0,255
4.394439443944394,2596.157423071703,1233.9102437940433,1.0,1.0,255
4.395439543954396,498.79176774323196,1223.9344084391787,1.0,1.0,255
4.3964396439643965,2420.5232827693103,1209.4900812375447,1.0,1.0,255
4.397439743974397,0.0,1219.9028932362576,1.0,1.0,255
4.398439843984399,3180.828174472337,1201.6194567257041,1.0,1.0,255
4.399439943994399,3755.7938868273186,1234.7150318055953,1.0,1.0,255
4.400440044004401,3807.0682714306104,1257.7298013479055,1.0,1.0,255
4.401440144014401,2995.5718248262856,1275.1270062266153,1.0,1.0,255
4.402440244024403,2970.364203420734,1284.3622292884224,1.0,1.0,255
4.403440344034403,1871.385200973133,1261.022866470915,1.0,1.0,255
4.404440444044404,1302.3854457444306,1234.9951575560265,1.0,1.0,255
4.4054405440544055,2423.3128383827425,1235.159489357392,1.0,1.0,255
4.406440644064406,3733.634709879294,1236.4307013586792,1.0,1.0,255
4.407440744074408,3245.222907120196,1240.8443347629013,1.0,1.0,255
4.408440844084408,1945.9919319771848,1216.5552599463745,1.0,1.0,255
4.40944094409441,1998.6966630669292,1176.581326685036,1.0,1.0,255
4.41044104410441,4095.0,1204.9257376198223,1.0,1.0,255
4.411441144114412,2328.4177467368127,1200.1196072356913,1.0,1.0,255
4.4124412441244125,129.53018586422422,1199.341747510252,1.0,1.0,255
4.413441344134413,2326.9558997756194,1177.5889046349291,1.0,1.0,255
4.414441444144415,4095.0,1177.5689046349291,1.0,1.0,255
4.415441544154415,827.7129914337388,1169.080609218653,1.0,1.0,255
4.416441644164417,944.7277991290784,1170.4666705312186,1.0,1.0,255
4.417441744174417,3798.7441221428694,1179.7736934585473,1.0,1.0,255
4.418441844184419,2417.293203665393,1146.2195575318551,1.0,1.0,255
4.4194419441944195,1250.7751561539499,1129.2231729174864,1.0,1.0,255
4.42044204420442,3185.5309982615854,1141.1267061271753,1.0,1.0,255
4.421442144214422,2272.833091347792,1117.409945984151,1.0,1.0,255
4.422442244224422,1275.7913108706252,1097.5386127926124,1.0,1.0,255
4.423442344234424,2742.253348117423,1070.4836797549608,1.0,1.0,255
4.424442444244424,0.0,1108.5609665466518,1.0,1.0,255
4.425442544254426,1652.975645745383,1111.759535390861,1.0,1.0,255
4.4264426442644265,1986.9948476918275,1093.488966228153,1.0,1.0,255
4.427442744274427,200.80580720804005,1116.6507386370754,1.0,1.0,255
4.428442844284429,1417.242011284799,1106.1933970520172,1.0,1.0,255
4.429442944294429,1009.5623273877422,1086.0021505042623,1.0,1.0,255
4.430443044304431,740.5309551949581,1074.0409598476583,1.0,1.0,255
4.431443144314431,539.390123001258,1070.436755383482,1.0,1.0,255
4.432443244324433,2991.7315113267136,1075.075881602125,1.0,1.0,255
4.433443344334433,2843.3932230636883,1050.023746063399,1.0,1.0,255
4.434443444344434,4095.0,1071.1099801492894,1.0,1.0,255
4.4354435443544356,994.2081556336093,1051.245817036617,1.0,1.0,255
4.436443644364436,0.0,1051.265817036617,1.0,1.0,255
4.437443744374438,2505.989754354335,1034.5842298504506,1.0,1.0,255
4.438443844384438,2890.4236206842465,1021.4363429615645,1.0,1.0,255
4.43944394439444,2088.612253596693,1006.0291451205397,1.0,1.0,255
4.44044404440444,0.0,1032.6003134320313,1.0,1.0,255
4.441444144414442,0.0,1032.6003134320315,1.0,1.0,255
4.4424442444244425,2496.758398331217,1040.2143637069707,1.0,1.0,255
4.443444344434443,2073.1101336597076,1031.9205300232095,1.0,1.0,255
4.444444444444445,4095.0,1061.8973815617753,1.0,1.0,255
4.445444544454445,1676.207135029902,1038.349074216042,1.0,1.0,255
4.446444644464447,4095.0,1071.8386085606558,1.0,1.0,255
4.447444744474447,3946.9169881229836,1068.8569483231156,1.0,1.0,255
4.448444844484449,2555.8393636341725,1056.357172106352,1.0,1.0,255
4.4494449444944495,204.6842159580633,1059.0676100506448,1.0,1.0,255
4.45044504450445,748.9291221081676,1049.8676621798693,1.0,1.0,255
4.451445144514452,367.4088705238121,1064.5280482728672,1.0,1.0,255
4.452445244524452,0.0,1087.0407642044527,1.0,1.0,255
4.453445344534454,0.0,1124.4684682239154,1.0,1.0,255
4.454445444544454,1732.488766489678,1115.86640180901,1.0,1.0,255
4.455445544554456,1548.5733908064915,1118.3486772252254,1.0,1.0,255
4.4564456445644565,2888.5583268960004,1101.4471495655596,1.0,1.0,255
4.457445744574457,2003.0131800638444,1078.402427821879,1.0,1.0,255
4.458445844584459,1976.360769090038,1077.795051079622,1.0,1.0,255
4.459445944594459,0.0,1117.7689843409603,1.0,1.0,255
4.460446044604461,2212.3855508391825,1080.1166953577442,1.0,1.0,255
4.461446144614461,4095.0,1115.448340423008,1.0,1.0,255
4.462446244624463,2582.7360814830445,1087.7736657699531,1.0,1.0,255
4.463446344634463,2801.4090850898924,1097.262729476239,1.0,1.0,255
4.464446444644464,2556.355414944383,1066.4898377751265,1.0,1.0,255
4.4654465446544656,2081.5443154205755,1042.754983912213,1.0,1.0,255
4.466446644664466,3919.4018902940734,1058.1175777006758,1.0,1.0,255
4.467446744674468,4095.0,1064.0426952578184,1.0,1.0,255
4.468446844684468,1075.512832756895,1076.1065745293727,1.0,1.0,255
4.46944694469447,1639.947821908938,1068.3231212142728,1.0,1.0,255
4.47044704470447,1438.891611823227,1057.7546690125764,1.0,1.0,255
4.471447144714472,1684.7674525109896,1060.522658135401,1.0,1.0,255
4.4724472447244725,4095.0,1086.0184843528136,1.0,1.0,255
4.473447344734473,2553.438771130837,1082.2421928130816,1.0,1.0,255
4.474447444744475,897.1382640685872,1064.2994275317103,1.0,1.0,255
4.475447544754475,3893.3678971162244,1093.3062983889422,1.0,1.0,255
4.476447644764477,0.0,1133.0461953427787,1.0,1.0,255
4.477447744774477,0.0,1137.0623114869395,1.0,1.0,255
4.478447844784479,4095.0,1165.3871517126354,1.0,1.0,255
4.4794479447944795,1607.1490987467319,1153.4354162854556,1.0,1.0,255
4.48044804480448,3137.6998912383087,1149.080033214121,1.0,1.0,255
4.481448144814482,709.8093916892462,1145.6716478403612,1.0,1.0,255
4.482448244824482,4095.0,1167.7370176138268,1.0,1.0,255
4.483448344834484,1507.7134818129925,1162.6348835162933,1.0,1.0,255
4.484448444844484,1078.1995544924634,1141.0908924264438,1.0,1.0,255
4.485448544854486,3194.254001050861,1142.9401355601333,1.0,1.0,255
4.4864486448644865,969.0757172646809,1123.5586212148396,1.0,1.0,255
4.487448744874487,1015.4506567323683,1135.0498129931054,1.0,1.0,255
4.488448844884489,1652.0253275593411,1126.1208340282337,1.0,1.0,255
4.489448944894489,4095.0,1166.2485889563,1.0,1.0,255
4.490449044904491,1580.6973224794456,1134.6346425067109,1.0,1.0,255
4.491449144914491,2456.049338089636,1101.8356292685037,1.0,1.0,255
4.492449244924493,801.2471764535389,1117.7955177728086,1.0,1.0,255
4.493449344934493,3323.118622327633,1142.795687546167,1.0,1.0,255
4.494449444944494,2672.146295640379,1114.3386134589746,1.0,1.0,255
4.495449544954496,3127.1850321947386,1128.4864568034675,1.0,1.0,255
4.496449644964496,2392.907028287231,1094.444597369212,1.0,1.0,255
4.497449744974498,0.0,1097.4262576067524,1.0,1.0,255
4.498449844984498,516.8960594459734,1117.8915491451494,1.0,1.0,255
4.4994499449945,1914.2566365324124,1083.7001007336626,1.0,1.0,255
4.5004500450045,3898.0577889608667,1094.7198389550433,1.0,1.0,255
4.501450145014502,0.0,1102.0680163655197,1.0,1.0,255
4.5024502450245025,3669.2702401452625,1093.5334211684249,1.0,1.0,255
4.503450345034503,2169.6140950850913,1055.0057030701269,1.0,1.0,255
4.504450445044505,1211.5417894167017,1065.4246426115863,1.0,1.0,255
4.505450545054505,2601.519512601792,1066.506500679752,1.0,1.0,255
4.506450645064507,0.0,1090.6553341418319,1.0,1.0,255
4.507450745074507,1093.614909078722,1108.8432995615344,1.0,1.0,255
4.508450845084509,4095.0,1148.3505149433352,1.0,1.0,255
4.5094509450945095,2825.024449142169,1122.9310039261786,1.0,1.0,255
4.51045104510451,931.1566785876264,1141.9801593376424,1.0,1.0,255
4.511451145114512,548.1702102127704,1131.0367551333868,1.0,1.0,255
4.512451245124512,3294.863748256861,1145.279308468863,1.0,1.0,255
4.513451345134514,1979.5921109173448,1131.5792845487185,1.0,1.0,255
4.514451445144514,1154.2427329160762,1139.2873215915092,1.0,1.0,255
4.515451545154516,3797.599576450608,1173.6084268121097,1.0,1.0,255
4.5164516451645165,3079.6793191497054,1156.8139753892226,1.0,1.0,255
4.517451745174517,1753.4223186741547,1121.7655290157395,1.0,1.0,255
4.518451845184519,1994.895048372002,1103.3778847034373,1.0,1.0,255
4.519451945194519,1110.90471886846,1113.9587467642468,1.0,1.0,255
4.520452045204521,1826.32756907169,1106.2100276192778,1.0,1.0,255
4.521452145214521,949.6530489248182,1120.9123156910011,1.0,1.0,255
4.522452245224523,3778.7967557964016,1114.5882508069292,1.0,1.0,255
4.523452345234523,755.4997677740912,1130.3294800288306,1.0,1.0,255
4.524452445244524,1888.144790042606,1110.50934950935,1.0,1.0,255
4.525452545254526,2706.754609950719,1086.77708376604,1.0,1.0,255
4.526452645264526,1343.8322831595385,1059.9004381028492,1.0,1.0,255
4.527452745274528,1687.0648883017707,1026.1591403368138,1.0,1.0,255
4.528452845284528,0.0,1026.1791403368138,1.0,1.0,255
4.52945294529453,0.0,1058.3221223117484,1.0,1.0,255
4.53045304530453,3310.977722739365,1061.7876789417696,1.0,1.0,255
4.531453145314532,4095.0,1075.9638667755544,1.0,1.0,255
4.5324532453245325,3505.8348602275696,1064.180563980106,1.0,1.0,255
4.533453345334533,2997.9362672069083,1072.3735589605042,1.0,1.0,255
4.534453445344535,4095.0,1093.9175500503536,1.0,1.0,255
4.535453545354535,1936.2180362995891,1073.2281093033446,1.0,1.0,255
4.536453645364537,0.0,1092.609623648638,1.0,1.0,255
4.537453745374537,1256.0999752692003,1087.7966372779013,1.0,1.0,255
4.538453845384539,3391.3423078015085,1106.7439899851183,1.0,1.0,255
4.5394539453945395,2294.076037028702,1070.7255107256926,1.0,1.0,255
4.54045404540454,992.63938079575,1082.4866695593664,1.0,1.0,255
4.541454145414542,1516.0177671921815,1084.96532745373,1.0,1.0,255
4.542454245424542,0.0,1100.9902709828007,1.0,1.0,255
4.543454345434544,2780.509941508126,1090.1380973664106,1.0,1.0,255
4.544454445444544,2694.3623840146056,1090.5824191338952,1.0,1.0,255
4.545454545454546,1971.3463933413227,1070.531790623174,1.0,1.0,255
4.5464546454645465,1574.0317751665489,1073.1130145540983,1.0,1.0,255
4.547454745474547,2012.4147669032136,1032.864719216034,1.0,1.0,255
4.548454845484549,4095.0,1043.1826404049536,1.0,1.0,255
4.549454945494549,1168.6285477867862,1058.0952021798662,1.0,1.0,255
4.550455045504551,966.3035829660566,1042.7279747413274,1.0,1.0,255
4.551455145514551,2490.9318115839537,1010.6266109730064,1.0,1.0,255
4.552455245524553,3007.8613322645597,997.3984328153925,1.0,1.0,255
4.5534553455345534,851.7951527255589,1018.8902478591795,1.0,1.0,255
4.554455445544554,1169.4837992338262,1019.731407662837,1.0,1.0,255
4.555455545554556,4095.0,1049.6010174108012,1.0,1.0,255
4.556455645564556,2015.628300355757,1009.288451403686,1.0,1.0,255
4.557455745574558,2929.5857517073287,1007.8324646194071,1.0,1.0,255
4.558455845584558,1119.3421032307501,985.465622554792,1.0,1.0,255
4.55945594559456,4095.0,1010.8651335719485,1.0,1.0,255
4.56045604560456,2717.863314518381,1001.9255334340688,1.0,1.0,255
4.561456145614562,2459.214506715998,980.1532277726441,1.0,1.0,255
4.5624562456245625,1298.971669367198,970.1965194201632,1.0,1.0,255
4.563456345634563,4095.0,1009.76836163851,1.0,1.0,255
4.564456445644565,4095.0,1032.8332162968313,1.0,1.0,255
4.565456545654565,1664.5822824097002,1005.5095791196253,1.0,1.0,255
4.566456645664567,2139.879031711829,986.7135733708678,1.0,1.0,255
4.567456745674567,1594.4314022770054,989.8933916988105,1.0,1.0,255
4.568456845684569,2623.7035896336747,1000.3453644589243,1.0,1.0,255
4.5694569456945695,725.0186422229235,1008.0630859918348,1.0,1.0,255
4.57045704570457,2258.185255556913,1007.8333424844068,1.0,1.0,255
4.571457145714572,489.2950214705895,1017.0405030334914,1.0,1.0,255
4.572457245724572,4095.0,1023.3645679175634,1.0,1.0,255
4.573457345734574,3198.5500044429496,1020.5255633619045,1.0,1.0,255
4.574457445744574,1413.944497147898,1030.0095692197985,1.0,1.0,255
4.575457545754576,3090.2304155516367,1037.6790853318169,1.0,1.0,255
4.5764576457645765,2891.141677602419,1040.458564547056,1.0,1.0,255
4.577457745774577,3784.2811314007913,1067.9654849411072,1.0,1.0,255
4.578457845784579,3632.9600005298216,1058.7046849517037,1.0,1.0,255
4.579457945794579,2285.5033758992,1022.4947524696877,1.0,1.0,255
4.580458045804581,1019.9920366883907,1017.7953572811326,1.0,1.0,255
4.581458145814581,1501.984301714358,987.7756712468455,1.0,1.0,255
4.582458245824583,4095.0,999.5589740422942,1.0,1.0,255
4.5834583458345834,2085.845907364487,981.3171668454457,1.0,1.0,255
4.584458445844584,1453.3692727219595,952.2697813910065,1.0,1.0,255
4.585458545854586,4095.0,990.9741421169982,1.0,1.0,255
4.586458645864586,139.5341701303289,988.1834587143917,1.0,1.0,255
4.587458745874588,1852.835380060394,976.2487506185679,1.0,1.0,255
4.588458845884588,553.7710704438064,979.2664830536617,1.0,1.0,255
4.58945894589459,2116.9197464580257,975.7233572422482,1.0,1.0,255
4.59045904590459,1899.5481856403355,957.5851811453563,1.0,1.0,255
4.591459145914592,1527.1642708443837,957.3622510723122,1.0,1.0,255
4.5924592459245925,2038.4174279388799,916.5939025135345,1.0,1.0,255
4.593459345934593,3481.4387185486635,930.6124780543454,1.0,1.0,255
4.594459445944595,3548.427752344328,947.69378542094,1.0,1.0,255
4.595459545954595,19.736069954717095,986.725991888672,1.0,1.0,255
4.596459645964597,3858.3859646782935,1013.454346685569,1.0,1.0,255
4.597459745974597,2084.9762262583677,1013.4821665488006,1.0,1.0,255
4.598459845984599,4076.822569288949,1013.1186179345796,1.0,1.0,255
4.5994599459945995,2136.6973145868783,997.3051351820526,1.0,1.0,255
4.6004600460046,1705.4923755445702,982.5213593304825,1.0,1.0,255
4.601460146014602,3642.111406555948,1005.5449512299223,1.0,1.0,255
4.602460246024602,0.0,1027.3077245846312,1.0,1.0,255
4.603460346034604,0.0,1044.3436276391421,1.0,1.0,255
4.604460446044604,3799.9439456564323,1061.8121825369474,1.0,1.0,255
4.605460546054606,0.0,1061.8321825369474,1.0,1.0,255
4.6064606460646065,0.0,1102.1447485440624,1.0,1.0,255
4.607460746074607,0.0,1125.4730335099157,1.0,1.0,255
4.608460846084609,704.1702857446496,1133.776469859638,1.0,1.0,255
4.609460946094609,3406.625323327774,1120.0089763261933,1.0,1.0,255
4.610461046104611,1367.6437390958695,1120.2188352539085,1.0,1.0,255
4.611461146114611,1604.6336591385236,1120.8618719368178,1.0,1.0,255
4.612461246124613,2849.4881470122364,1121.9110682644066,1.0,1.0,255
4.6134613461346134,1772.3410845715646,1086.4842465729753,1.0,1.0,255
4.614461446144614,4095.0,1086.4842465729753,1.0,1.0,255
4.615461546154616,0.0,1119.7758922211692,1.0,1.0,255
4.616461646164616,2666.7929979498376,1130.3141715459294,1.0,1.0,255
4.617461746174618,1363.3189192767925,1134.9364212059338,1.0,1.0,255
4.618461846184618,0.0,1164.3823494132603,1.0,1.0,255
4.61946194619462,380.50561497492413,1171.2726099582203,1.0,1.0,255
4.62046204620462,1170.9364743278725,1184.6101753605246,1.0,1.0,255
4.621462146214622,2871.517553729659,1169.9064268645297,1.0,1.0,255
4.6224622462246225,3364.2252823187173,1155.290932510904,1.0,1.0,255
4.623462346234623,3328.665081438864,1157.8932340508225,1.0,1.0,255
4.624462446244625,4095.0,1186.1521239937802,1.0,1.0,255
4.625462546254625,2860.8366440962677,1181.564248564673,1.0,1.0,255
4.626462646264627,2857.76250932199,1180.8966651990645,1.0,1.0,255
4.627462746274627,1386.45102571754,1159.4020220566977,1.0,1.0,255
4.628462846284629,473.0326628094858,1159.2021687899116,1.0,1.0,255
4.6294629462946295,3531.100962422558,1184.1141205203787,1.0,1.0,255
4.63046304630463,2542.8770042146016,1173.4515013384387,1.0,1.0,255
4.631463146314632,2252.326172010019,1166.6177108129261,1.0,1.0,255
4.632463246324632,1416.8402826869074,1138.3009051591878,1.0,1.0,255
4.633463346334634,1136.0016781690701,1155.7839534485167,1.0,1.0,255
4.634463446344634,1920.8394579122967,1146.43454974471,1.0,1.0,255
4.635463546354636,1145.76748979887,1123.5391999487326,1.0,1.0,255
4.6364636463646365,1350.620732079904,1099.317468709741,1.0,1.0,255
4.637463746374637,2992.4355712913425,1114.3028877367758,1.0,1.0,255
4.638463846384639,0.0,1125.378309145652,1.0,1.0,255
4.639463946394639,4095.0,1164.9399142164916,1.0,1.0,255
4.640464046404641,348.44050948857944,1195.9620677395267,1.0,1.0,255
4.641464146414641,3007.673018885549,1204.738813534125,1.0,1.0,255
4.642464246424643,886.6572898961626,1227.7740162949794,1.0,1.0,255
4.6434643464346435,4095.0,1240.0452419240064,1.0,1.0,255
4.644464446444644,2647.159951663115,1222.019885910382,1.0,1.0,255
4.645464546454646,3686.2438273524003,1214.2194838565244,1.0,1.0,255
4.646464646464646,3040.264430376505,1197.8570531704886,1.0,1.0,255
4.647464746474648,2690.7142564959195,1209.9718137752398,1.0,1.0,255
4.648464846484648,1629.4774670864124,1177.7658130477328,1.0,1.0,255
4.64946494649465,0.0,1216.951866755995,1.0,1.0,255
4.65046504650465,2115.339615373831,1211.448506574363,1.0,1.0,255
4.651465146514652,4095.0,1220.5062784432441,1.0,1.0,255
4.6524652465246525,705.8958432722379,1206.3883615777993,1.0,1.0,255
4.653465346534653,0.0,1206.3883615777993,1.0,1.0,255
4.654465446544655,931.3203166661101,1193.6830763313485,1.0,1.0,255
4.655465546554655,4095.0,1193.6630763313485,1.0,1.0,255
4.656465646564657,0.0,1193.6630763313485,1.0,1.0,255
4.657465746574657,2733.361915288861,1166.4103146371258,1.0,1.0,255
4.658465846584659,2925.55179593744,1157.0847562707677,1.0,1.0,255
4.6594659465946595,2269.122243903187,1134.3346946822758,1.0,1.0,255
4.66046604660466,3007.1495321446,1139.910560107085,1.0,1.0,255
4.661466146614662,4095.0,1171.9832332898557,1.0,1.0,255
4.662466246624662,2684.667806868068,1168.6868264869724,1.0,1.0,255
4.663466346634664,1620.8163560826836,1171.7173210567498,1.0,1.0,255
4.664466446644664,3357.181351544284,1156.9609480876354,1.0,1.0,255
4.665466546654666,2503.6546644363434,1125.1140413763621,1.0,1.0,255
4.6664666466646665,3551.9176033823323,1142.816533485012,1.0,1.0,255
4.667466746674667,1112.5456426407713,1147.8319990177324,1.0,1.0,255
4.668466846684669,3414.1619106923035,1134.1952372315784,1.0,1.0,255
4.669466946694669,0.0,1141.805349531077,1.0,1.0,255
4.670467046704671,0.0,1165.2240790176345,1.0,1.0,255
4.671467146714671,0.0,1189.7137279430412,1.0,1.0,255
4.672467246724673,2257.819366850708,1167.585609633681,1.0,1.0,255
4.6734673467346735,497.4182593871774,1172.9839428171604,1.0,1.0,255
4.674467446744674,2424.744597135544,1139.5788347598711,1.0,1.0,255
4.675467546754676,2355.8403268132524,1129.4789084142108,1.0,1.0,255
4.676467646764676,177.12451762265187,1150.701167875318,1.0,1.0,255
4.677467746774678,320.09377114515064,1172.0283129667657,1.0,1.0,255
4.678467846784678,1523.9176753277006,1151.0106127164015,1.0,1.0,255
4.67946794679468,4095.0,1162.2885934679505,1.0,1.0,255
4.68046804680468,2166.948581048978,1154.7700250046378,1.0,1.0,255
4.681468146814682,0.0,1191.6435015644374,1.0,1.0,255
4.6824682468246825,0.0,1219.9803072181755,1.0,1.0,255
4.683468346834683,3255.5800406357016,1225.8919415942712,1.0,1.0,255
4.684468446844685,1868.0471876486304,1226.9477869995444,1.0,1.0,255
4.685468546854685,3881.1272789946906,1245.5656823754155,1.0,1.0,255
4.686468646864687,4095.0,1272.5580970170136,1.0,1.0,255
4.687468746874687,0.0,1294.6293855911867,1.0,1.0,255
4.688468846884689,2410.3648263730825,1260.9166821186486,1.0,1.0,255
4.6894689468946895,614.8807019331894,1248.6390680799846,1.0,1.0,255
4.69046904690469,386.3997884018495,1247.8798825017193,1.0,1.0,255
4.691469146914692,2282.3299289264937,1233.373020702538,1.0,1.0,255
4.692469246924692,2293.1870262578245,1215.049907025618,1.0,1.0,255
4.693469346934694,2542.830771829274,1184.0065224622035,1.0,1.0,255
4.694469446944694,3273.1571068994263,1196.5264655669293,1.0,1.0,255
4.695469546954696,674.0930070382544,1191.2397288791162,1.0,1.0,255
4.6964696469646965,2878.7279948074415,1188.0090001677352,1.0,1.0,255
4.697469746974697,2332.5814119537936,1180.8463432768926,1.0,1.0,255
4.698469846984699,2161.6743715857147,1174.7493800503353,1.0,1.0,255
4.699469946994699,1646.0033085454002,1141.8293138794274,1.0,1.0,255
4.700470047004701,3139.753115701684,1162.3175838859845,1.0,1.0,255
4.701470147014701,2197.245389103197,1124.3624916680485,1.0,1.0,255
4.702470247024703,2164.7275780151554,1099.854960093796,1.0,1.0,255
4.7034703470347035,2763.834389185772,1073.2116478775115,1.0,1.0,255
4.704470447044704,2464.5905012246303,1059.2098642353264,1.0,1.0,255
4.705470547054706,0.0,1059.2298642353264,1.0,1.0,255
4.706470647064706,2370.1517456464544,1024.712899148256,1.0,1.0,255
4.707470747074708,785.3235878233145,1036.2591890860122,1.0,1.0,255
4.708470847084708,3643.750965188181,1050.6231724710267,1.0,1.0,255
4.70947094709471,2919.1047575848756,1063.6228227446607,1.0,1.0,255
4.71047104710471,670.9427546154998,1071.9809770094587,1.0,1.0,255
4.711471147114712,1723.8354908944016,1037.5242671915707,1.0,1.0,255
4.7124712471247125,1710.8337639054412,1031.5342357761006,1.0,1.0,255
4.713471347134713,475.3895475514653,1054.4427719467249,1.0,1.0,255
4.714471447144715,475.9787776153171,1059.6995693635326,1.0,1.0,255
4.715471547154715,3230.8894285623956,1074.2442646460538,1.0,1.0,255
4.716471647164717,1649.9952879754399,1052.1260068188983,1.0,1.0,255
4.717471747174717,1709.1245798928537,1040.194428073857,1.0,1.0,255
4.718471847184719,2244.8734260883207,1016.8086583817771,1.0,1.0,255
4.7194719471947195,3913.1178419332527,1013.1510152204422,1.0,1.0,255
4.72047204720472,4095.0,1013.1310152204422,1.0,1.0,255
4.721472147214722,4095.0,1013.1110152204423,1.0,1.0,255
4.722472247224722,0.0,1049.8746278834283,1.0,1.0,255
4.723472347234724,0.0,1059.8229930711716,1.0,1.0,255
4.724472447244724,532.8080557642995,1082.591940013175,1.0,1.0,255
4.725472547254726,1987.0849186597786,1077.6534351037144,1.0,1.0,255
4.7264726472647265,2366.783756718133,1046.6116005905299,1.0,1.0,255
4.727472747274727,3006.290397871562,1031.2192839708641,1.0,1.0,255
4.728472847284729,20.399580974504715,1061.289645857928,1.0,1.0,255
4.729472947294729,4095.0,1061.2896458579282,1.0,1.0,255
4.730473047304731,2127.5907903204493,1060.5024900433575,1.0,1.0,255
4.731473147314731,1623.4187260700132,1028.0341155219573,1.0,1.0,255
4.732473247324733,238.39574604570953,1023.2662006010431,1.0,1.0,255
4.7334733473347335,2184.3357712836346,1001.8413152140018,1.0,1.0,255
4.734473447344734,3825.5766413652937,1033.7937917942802,1.0,1.0,255
4.735473547354736,1269.4052548647073,1012.7031411170924,1.0,1.0,255
4.736473647364736,492.54654280410637,1002.8722102610103,1.0,1.0,255
4.737473747374738,888.3543867547671,985.1051225259149,1.0,1.0,255
4.738473847384738,3697.3694828035477,1010.8452156545242,1.0,1.0,255
4.73947394739474,0.0,1023.142829693188,1.0,1.0,255
4.74047404740474,205.83146346604372,1026.7541961919042,1.0,1.0,255
4.741474147414742,1201.03121073,1039.006973398774,1.0,1.0,255
4.7424742474247426,4095.0,1075.0432328736179,1.0,1.0,255
4.743474347434743,1411.7801824148105,1077.871013788736,1.0,1.0,255
4.744474447444745,2293.656392314758,1058.2809994970426,1.0,1.0,255
4.745474547454745,3429.075407390863,1058.4243677856248,1.0,1.0,255
4.746474647464747,1205.7522011816366,1058.654763865843,1.0,1.0,255
4.747474747474747,3656.4160272468043,1085.1314561717033,1.0,1.0,255
4.748474847484749,703.312514901824,1109.7517184419526,1.0,1.0,255
4.7494749474947495,1214.3379927806386,1118.385024757248,1.0,1.0,255
4.75047504750475,950.8871639637352,1118.4922191639394,1.0,1.0,255
4.751475147514752,4095.0,1156.4473113818756,1.0,1.0,255
4.752475247524752,3631.591051887871,1185.78458085933,1.0,1.0,255
4.753475347534754,151.38448586999652,1209.4002033582146,1.0,1.0,255
4.754475447544754,1278.204724948697,1216.464298834748,1.0,1.0,255
4.755475547554756,0.0,1216.464298834748,1.0,1.0,255
4.7564756475647565,3816.198618411335,1245.3852362900452,1.0,1.0,255
4.757475747574757,3564.681025011243,1250.4653285467366,1.0,1.0,255
4.758475847584759,3695.9431828477327,1251.5091728999275,1.0,1.0,255
4.759475947594759,1003.1276751849257,1254.9845242445313,1.0,1.0,255
4.760476047604761,4095.0,1268.3833793368415,1.0,1.0,255
4.761476147614761,0.0,1302.8600891547294,1.0,1.0,255
4.762476247624763,2346.6382284120505,1302.0895290010792,1.0,1.0,255
4.7634763476347635,1958.4869876420782,1272.4275801992671,1.0,1.0,255
4.764476447644764,2704.1816550362905,1254.1107888522993,1.0,1.0,255
4.765476547654766,2547.1901395155687,1240.4368030713624,1.0,1.0,255
4.766476647664766,1125.6305885609715,1250.924097059652,1.0,1.0,255
4.767476747674768,3234.6546268239545,1267.8796811939883,1.0,1.0,255
4.768476847684768,4095.0,1304.8822126722218,1.0,1.0,255
4.76947694769477,1625.4411948737234,1276.0310319360822,1.0,1.0,255
4.77047704770477,3861.375894429285,1271.3585498246678,1.0,1.0,255
4.771477147714772,0.0,1271.378549824668,1.0,1.0,255
4.7724772477247726,1687.5868217107295,1237.6268133904532,1.0,1.0,255
4.773477347734773,3934.8792404952155,1234.404398200358,1.0,1.0,255
4.774477447744775,1752.2896701730788,1210.0147659121824,1.0,1.0,255
4.775477547754775,2547.0506196106708,1218.7774766775913,1.0,1.0,255
4.776477647764777,853.7612630951251,1236.286576281326,1.0,1.0,255
4.777477747774777,3592.6506174482074,1248.013780672859,1.0,1.0,255
4.778477847784779,2737.020098255942,1221.242174257468,1.0,1.0,255
4.7794779477947795,2748.6118092910415,1194.3144104432886,1.0,1.0,255
4.78047804780478,2428.7275899783376,1200.3371464364463,1.0,1.0,255
4.781478147814782,1878.8780127890755,1195.227960702065,1.0,1.0,255
4.782478247824782,538.2792593209933,1189.2302904365592,1.0,1.0,255
4.783478347834784,3188.7130226067648,1209.317835463022,1.0,1.0,255
4.784478447844784,2674.6919104196186,1186.3001408441087,1.0,1.0,255
4.785478547854786,1135.7760445113286,1188.972725051176,1.0,1.0,255
4.7864786478647865,2433.013787041675,1165.5639316480917,1.0,1.0,255
4.787478747874787,2261.967901264874,1146.6503774084847,1.0,1.0,255
4.788478847884789,2668.023384702779,1126.063455446469,1.0,1.0,255
4.789478947894789,2492.5479825978887,1093.994415098427,1.0,1.0,255
4.790479047904791,4095.0,1098.091044367748,1.0,1.0,255
4.791479147914791,1610.4552927042457,1089.902562728263,1.0,1.0,255
4.792479247924793,1534.5595251454802,1059.2313722253534,1.0,1.0,255
4.7934793479347935,3159.5289898245906,1068.7375556701413,1.0,1.0,255
4.794479447944794,343.08356865937367,1097.9227564506589,1.0,1.0,255
4.795479547954796,556.2023132689571,1100.1372020374627,1.0,1.0,255
4.796479647964796,1893.6642789451396,1086.3789604821925,1.0,1.0,255
4.797479747974798,29.3434870250303,1094.5837701967557,1.0,1.0,255
4.798479847984798,1697.1238910157824,1074.7075426744764,1.0,1.0,255
4.7994799479948,438.180529882824,1090.2306919324326,1.0,1.0,255
4.8004800480048,438.2697603005522,1100.4830400056962,1.0,1.0,255
4.801480148014802,2246.6268287645707,1063.5155765809877,1.0,1.0,255
4.802480248024803,4095.0,1072.7837555432307,1.0,1.0,255
4.803480348034803,2104.1981486931495,1035.9754082344934,1.0,1.0,255
4.804480448044805,4095.0,1061.5195027334676,1.0,1.0,255
4.805480548054805,1389.7357777117531,1033.7247871792324,1.0,1.0,255
4.806480648064807,950.2170059390303,1020.316474692225,1.0,1.0,255
4.807480748074807,3940.5462886117007,1027.8337799642343,1.0,1.0,255
4.808480848084809,3200.051726582954,1017.9159508389388,1.0,1.0,255
4.8094809480948095,1321.9136470540577,1011.5402314015561,1.0,1.0,255
4.81048104810481,1761.0962930914868,976.3383055397264,1.0,1.0,255
4.811481148114812,0.0,976.3383055397263,1.0,1.0,255
4.812481248124812,913.6175669378038,993.0531896327292,1.0,1.0,255
4.813481348134814,1034.3701109435542,1011.5355271666996,1.0,1.0,255
4.814481448144814,3081.5455045426147,1019.082804156826,1.0,1.0,255
4.815481548154816,1937.667776123745,1011.3056458440396,1.0,1.0,255
4.8164816481648165,4095.0,1033.7982576152592,1.0,1.0,255
4.817481748174817,1175.7821124952766,1027.5095228288747,1.0,1.0,255
4.818481848184819,0.0,1027.5295228288746,1.0,1.0,255
4.819481948194819,4023.037821152289,1058.5791031493948,1.0,1.0,255
4.820482048204821,2966.9413664038702,1040.6904125888866,1.0,1.0,255
4.821482148214821,3530.8828909171543,1029.3880704072299,1.0,1.0,255
4.822482248224823,308.5129824165472,1056.9695471931134,1.0,1.0,255
4.8234823482348235,4095.0,1060.1719623832091,1.0,1.0,255
4.824482448244824,2205.9300298178227,1057.416356383027,1.0,1.0,255
4.825482548254826,3794.8321819179737,1082.3719876291732,1.0,1.0,255
4.826482648264826,4095.0,1099.4272128910757,1.0,1.0,255
4.827482748274828,274.3706949654045,1104.0067866428035,1.0,1.0,255
4.828482848284828,2393.016363224076,1097.1267119421661,1.0,1.0,255
4.82948294829483,3888.038332604761,1119.9152424084405,1.0,1.0,255
4.83048304830483,374.441957880764,1145.7718514512585,1.0,1.0,255
4.831483148314832,0.0,1183.34941170704,1.0,1.0,255
4.832483248324833,854.2335920132839,1177.0303250531942,1.0,1.0,255
4.833483348334833,3479.3700176791144,1182.8434649546411,1.0,1.0,255
4.834483448344835,3343.684314033481,1196.2233130269185,1.0,1.0,255
4.835483548354835,987.4040600663618,1199.1907527158178,1.0,1.0,255
4.836483648364837,355.8021717654385,1225.3344335396755,1.0,1.0,255
4.837483748374837,1784.8686957219447,1226.317701599939,1.0,1.0,255
4.838483848384839,757.9752661486111,1239.7177285829111,1.0,1.0,255
4.8394839483948395,2859.404509970038,1247.054859130354,1.0,1.0,255
4.84048404840484,1059.2366930205737,1225.8901252699427,1.0,1.0,255
4.841484148414842,3530.647753423795,1246.7921861925033,1.0,1.0,255
4.842484248424842,3309.1231411783037,1261.745839518979,1.0,1.0,255
4.843484348434844,1379.4622048321316,1252.8860156258445,1.0,1.0,255
4.844484448444844,2673.8434219772603,1231.3045554385772,1.0,1.0,255
4.845484548454846,4095.0,1242.4086017039563,1.0,1.0,255
4.8464846484648465,1137.545591714106,1257.5309754485768,1.0,1.0,255
4.847484748474847,326.63539178610154,1251.5851373533555,1.0,1.0,255
4.848484848484849,0.0,1285.527615173671,1.0,1.0,255
4.849484948494849,4095.0,1294.2712257713274,1.0,1.0,255
4.850485048504851,2709.1498195104386,1275.2996173675474,1.0,1.0,255
4.851485148514851,1983.8513542374376,1272.6100537075072,1.0,1.0,255
4.852485248524853,4054.0343282070594,1271.7907402716485,1.0,1.0,255
4.8534853485348535,3710.800951222869,1303.922796322243,1.0,1.0,255
4.854485448544854,2870.5184826255054,1279.433165974753,1.0,1.0,255
4.855485548554856,4095.0,1307.207881528988,1.0,1.0,255
4.856485648564856,4095.0,1326.1922216477687,1.0,1.0,255
4.857485748574858,0.0,1329.3012958755346,1.0,1.0,255
4.858485848584858,4095.0,1347.2002613438756,1.0,1.0,255
4.85948594859486,348.85452943828227,1366.661443696191,1.0,1.0,255
4.86048604860486,729.889310068093,1387.2855833566591,1.0,1.0,255
4.861486148614862,1235.8697880467007,1362.5681875957252,1.0,1.0,255
4.862486248624863,1973.2200883234848,1341.3761371680112,1.0,1.0,255
4.863486348634863,1031.8882469894945,1341.4257744470926,1.0,1.0,255
4.864486448644865,0.0,1361.7148643562405,1.0,1.0,255
4.865486548654865,1314.8327983568693,1374.171563911578,1.0,1.0,255
4.866486648664867,2920.8605358350383,1350.6887746282787,1.0,1.0,255
4.867486748674867,1600.091321110921,1342.202590455966,1.0,1.0,255
4.868486848684869,518.7976859438477,1331.826636737089,1.0,1.0,255
4.8694869486948695,2671.7444331449,1304.8007689769413,1.0,1.0,255
4.87048704870487,927.3766217435777,1308.8344092139923,1.0,1.0,255
4.871487148714872,4095.0,1320.116751395649,1.0,1.0,255
4.872487248724872,0.0,1326.28701104398,1.0,1.0,255
4.873487348734874,1916.3349504834673,1287.9803120343108,1.0,1.0,255
4.874487448744874,2332.4409264835867,1290.5105299676259,1.0,1.0,255
4.875487548754876,1550.9069322883265,1265.5157476835,1.0,1.0,255
4.8764876487648765,543.1236965389519,1254.6732737527207,1.0,1.0,255
4.877487748774877,4095.0,1260.140687652029,1.0,1.0,255
4.878487848784879,313.70018508170983,1287.926356685913,1.0,1.0,255
4.879487948794879,0.0,1292.085590033818,1.0,1.0,255
4.880488048804881,0.0,1299.5744291914334,1.0,1.0,255
4.881488148814881,2339.052587257422,1264.4354809365818,1.0,1.0,255
4.882488248824883,992.4116484025237,1261.6719198087967,1.0,1.0,255
4.8834883488348835,1557.3595977511936,1242.8573275001906,1.0,1.0,255
4.884488448844884,3089.7174002515308,1237.7779892245517,1.0,1.0,255
4.885488548854886,1108.4450636093015,1235.357169153693,1.0,1.0,255
4.886488648864886,2191.9775324329403,1204.3927632376603,1.0,1.0,255
4.887488748874888,459.8399769533844,1230.8933376130317,1.0,1.0,255
4.888488848884888,2731.963752617628,1218.7721179883565,1.0,1.0,255
4.88948894889489,3874.623599152578,1239.0764997720073,1.0,1.0,255
4.8904890489048904,2391.6600471465367,1226.1744345753496,1.0,1.0,255
4.891489148914892,3158.0725965641686,1218.7229314381568,1.0,1.0,255
4.892489248924893,3005.842134224813,1212.657311299087,1.0,1.0,255
4.893489348934893,2555.10836089876,1209.4287226137048,1.0,1.0,255
4.894489448944895,4095.0,1237.8518541741596,1.0,1.0,255
4.895489548954895,2872.377813437283,1213.3994104429053,1.0,1.0,255
4.896489648964897,1180.72645239333,1212.535793229321,1.0,1.0,255
4.897489748974897,1957.1529076428894,1179.925442912185,1.0,1.0,255
4.898489848984899,0.0,1179.9254429121852,1.0,1.0,255
4.8994899489948995,1991.7916373257426,1140.1096101656703,1.0,1.0,255
4.9004900490049,2056.296923493565,1127.0525522453331,1.0,1.0,255
4.901490149014902,1268.4163135544181,1141.3612530589935,1.0,1.0,255
4.902490249024902,2002.3679557483304,1102.1532073798858,1.0,1.0,255
4.903490349034904,4095.0,1109.8371883554285,1.0,1.0,255
4.904490449044904,1886.2798513463629,1096.6212216759911,1.0,1.0,255
4.905490549054906,0.0,1096.6412216759911,1.0,1.0,255
4.9064906490649065,1522.6858249484062,1066.2075051770228,1.0,1.0,255
4.907490749074907,3168.394065835406,1047.6553864937307,1.0,1.0,255
4.908490849084909,1078.555046656644,1026.1042855605979,1.0,1.0,255
4.909490949094909,2948.4917638726283,1010.131211426816,1.0,1.0,255
4.910491049104911,1283.0934714930704,999.0671281983166,1.0,1.0,255
4.911491149114911,2161.87310137058,985.101985986662,1.0,1.0,255
4.912491249124913,1658.9222647419974,991.387942458292,1.0,1.0,255
4.9134913491349135,2131.1092614844783,972.7278926277713,1.0,1.0,255
4.914491449144914,319.3185276180584,966.3415220754101,1.0,1.0,255
4.915491549154916,0.0,992.6381780425477,1.0,1.0,255
4.916491649164916,998.7716854508135,996.1655336168305,1.0,1.0,255
4.917491749174918,203.12979565783144,1024.1047641258924,1.0,1.0,255
4.918491849184918,4095.0,1034.4607178447693,1.0,1.0,255
4.91949194919492,0.0,1062.9458291818712,1.0,1.0,255
4.9204920492049204,0.0,1081.493361616743,1.0,1.0,255
4.921492149214922,3986.270089492278,1079.3187634065887,1.0,1.0,255
4.922492249224923,2207.185529111313,1041.542473988815,1.0,1.0,255
4.923492349234923,4095.0,1079.8491729984844,1.0,1.0,255
4.924492449244925,1771.4499284717042,1079.6913558993788,1.0,1.0,255
4.925492549254925,2526.3962226448125,1079.3174189980411,1.0,1.0,255
4.926492649264927,4095.0,1090.1598929288202,1.0,1.0,255
4.927492749274927,1597.568810134568,1058.228516726129,1.0,1.0,255
4.928492849284929,2348.9835567240007,1029.562191562243,1.0,1.0,255
4.9294929492949295,2641.324750879113,1000.468686579825,1.0,1.0,255
4.93049304930493,2013.5610415105011,960.1974657496149,1.0,1.0,255
4.931493149314932,2346.2742108932007,960.3418982223305,1.0,1.0,255
4.932493249324932,2626.2745610262937,950.795622410907,1.0,1.0,255
4.933493349334934,2132.8165723109487,942.6791458121496,1.0,1.0,255
4.934493449344934,4095.0,962.7847978071192,1.0,1.0,255
4.935493549354936,4095.0,984.933699079305,1.0,1.0,255
4.9364936493649365,4095.0,1022.9941484306463,1.0,1.0,255
4.937493749374937,901.8455855810826,1014.1540362580923,1.0,1.0,255
4.938493849384939,4044.0900189092754,1040.3965615839254,1.0,1.0,255
4.939493949394939,2902.1835521770035,1020.9477606444141,1.0,1.0,255
4.940494049404941,2025.0556725997744,1014.533446249488,1.0,1.0,255
4.941494149414941,3486.4368008296424,1021.1007303347973,1.0,1.0,255
4.942494249424943,2780.835417150145,1016.6005959933042,1.0,1.0,255
4.9434943494349435,2851.2336731760915,1022.5231022388506,1.0,1.0,255
4.944494449444944,3425.5113031832943,1009.1333283025167,1.0,1.0,255
4.945494549454946,2773.883202560775,1007.1634360849866,1.0,1.0,255
4.946494649464946,2168.2149108293515,992.2222633494401,1.0,1.0,255
4.947494749474948,3408.740262346882,1017.6201267492355,1.0,1.0,255
4.948494849484948,2727.8376502875853,990.2568797549872,1.0,1.0,255
4.94949494949495,3328.70106845142,1014.7467338705304,1.0,1.0,255
4.9504950495049505,3248.5072241910498,1038.5909398844801,1.0,1.0,255
4.951495149514952,3508.059675003216,1052.2004596556328,1.0,1.0,255
4.952495249524953,0.0,1092.2478187705992,1.0,1.0,255
4.953495349534953,3403.4547558840613,1078.4169138882805,1.0,1.0,255
4.954495449544955,1793.1894992133248,1080.2787209309413,1.0,1.0,255
4.955495549554955,3464.49682145392,1067.6486573600198,1.0,1.0,255
4.956495649564957,4095.0,1098.082373858988,1.0,1.0,255
4.957495749574957,2673.706240230707,1088.188617346894,1.0,1.0,255
4.958495849584959,2919.321150749589,1086.2261412950184,1.0,1.0,255
4.9594959495949595,3197.286430781689,1091.2020346331994,1.0,1.0,255
4.96049604960496,3786.4648008256045,1110.6732000795732,1.0,1.0,255
4.961496149614962,1408.905435808854,1121.1776293359844,1.0,1.0,255
4.962496249624962,1198.465523522928,1130.3867641603656,1.0,1.0,255
4.963496349634964,3482.774926402946,1157.420077458735,1.0,1.0,255
4.964496449644964,2420.367887823846,1130.2938057675733,1.0,1.0,255
4.965496549654966,1078.6581947947493,1108.7206418716785,1.0,1.0,255
4.9664966496649665,751.3204032041067,1113.6696675166127,1.0,1.0,255
4.967496749674967,1738.221214026677,1082.9678391492357,1.0,1.0,255
4.968496849684969,1313.0531661797634,1056.7267758256405,1.0,1.0,255
4.969496949694969,2667.745919453925,1028.161694214719,1.0,1.0,255
4.970497049704971,3844.980461422595,1023.141303443171,1.0,1.0,255
4.971497149714971,0.0,1025.3359016533252,1.0,1.0,255
4.972497249724973,633.7396468916647,1050.4373981332658,1.0,1.0,255
4.9734973497349735,2843.555879533044,1025.4085157239265,1.0,1.0,255
4.974497449744974,3092.986157232247,1040.7772374380056,1.0,1.0,255
4.975497549754976,186.23720968447265,1068.44456879142,1.0,1.0,255
4.976497649764976,2670.630818619692,1039.9571851638136,1.0,1.0,255
4.977497749774978,301.7422283081289,1065.8737168003424,1.0,1.0,255
4.978497849784978,828.5383926454322,1084.2432778129537,1.0,1.0,255
4.97949794979498,3647.0786984339275,1104.35835676405,1.0,1.0,255
4.9804980498049805,1767.4063762528813,1109.2814500692025,1.0,1.0,255
4.981498149814982,0.0,1144.2759658513385,1.0,1.0,255
4.982498249824983,3642.5406889438545,1164.6012884096897,1.0,1.0,255
4.983498349834983,4095.0,1203.8449569634706,1.0,1.0,255
4.984498449844985,2296.072807661745,1167.8664131167054,1.0,1.0,255
4.985498549854985,3145.858356144532,1148.883580239596,1.0,1.0,255
4.986498649864987,2861.0562787309404,1124.204705814215,1.0,1.0,255
4.987498749874987,1666.7610640572098,1108.9063962446924,1.0,1.0,255
4.988498849884989,0.0,1109.944595866507,1.0,1.0,255
4.9894989498949895,2549.0726234409844,1102.8823772917865,1.0,1.0,255
4.99049904990499,4095.0,1143.363490743782,1.0,1.0,255
4.991499149914992,873.3505336905494,1138.0877440533782,1.0,1.0,255
4.992499249924992,3889.399315946108,1160.2590220292975,1.0,1.0,255
4.993499349934994,3107.512413454141,1165.3845968348585,1.0,1.0,255
4.994499449944994,4095.0,1178.7743707711927,1.0,1.0,255
4.995499549954996,2181.435677396662,1166.9254202679106,1.0,1.0,255
4.9964996499649965,1609.0177826783072,1173.3007663977573,1.0,1.0,255
4.997499749974997,1534.8741183537193,1156.3484787837451,1.0,1.0,255
4.998499849984999,1684.424130061203,1150.0232431767695,1.0,1.0,255
4.999499949994999,1920.3197498340735,1126.9628268110596,1.0,1.0,255
5.000500050005001,1818.2282027076242,1107.5481182730862,1.0,1.0,255
5.001500150015001,2122.2249960608215,1079.8314246942384,1.0,1.0,255
5.002500250025003,2254.3700446467383,1042.998825587173,1.0,1.0,255
5.0035003500350035,1972.3481960905044,1017.402766547682,1.0,1.0,255
5.004500450045004,2200.3849689870535,1015.3542559116895,1.0,1.0,255
5.005500550055006,1970.7387531348097,988.569544419915,1.0,1.0,255
5.006500650065006,1648.7567444954896,955.6144095300052,1.0,1.0,255
5.007500750075008,2172.6032561041525,945.592349847474,1.0,1.0,255
5.008500850085008,2277.019720637288,932.746321245228,1.0,1.0,255
5.00950095009501,2122.5658365540185,911.2519093606746,1.0,1.0,255
5.0105010501050105,2189.6164947627185,879.314943239417,1.0,1.0,255
5.011501150115012,2221.7744882640445,870.0085417208751,1.0,1.0,255
5.012501250125013,1798.1990259840147,858.0138716716531,1.0,1.0,255
5.013501350135013,2277.5729884900193,833.9098329133947,1.0,1.0,255
5.014501450145015,2257.400321715981,830.6504815912375,1.0,1.0,255
5.015501550155015,1684.440263701315,818.5348402131061,1.0,1.0,255
5.016501650165017,1703.6558882406287,799.4881305123756,1.0,1.0,255
5.017501750175017,1519.877513351547,803.8550045258784,1.0,1.0,255
5.018501850185019,1600.630207802468,798.1034636934241,1.0,1.0,255
5.0195019501950195,1889.4906483975765,788.878732336394,1.0,1.0,255
5.02050205020502,2135.6722917579896,754.6925689431018,1.0,1.0,255
5.021502150215022,2279.4383059934653,718.3613350629709,1.0,1.0,255
5.022502250225022,1930.154049894906,692.4330470029058,1.0,1.0,255
5.023502350235024,2191.5959885131297,679.3938491825076,1.0,1.0,255
5.024502450245024,2489.2760718887603,667.3196474756379,1.0,1.0,255
5.025502550255026,2257.163261712903,634.2676569035855,1.0,1.0,255
5.0265026502650265,1850.1247557796298,625.7725454155991,1.0,1.0,255
5.027502750275027,1765.9306201700679,596.4887775783602,1.0,1.0,255
5.028502850285029,1664.8540597536266,579.7624642361965,1.0,1.0,255
5.029502950295029,2361.4492687661204,554.0498756428403,1.0,1.0,255
5.030503050305031,2232.2454606036704,552.1229123799714,1.0,1.0,255
5.031503150315031,1779.6341962659624,516.5302284546522,1.0,1.0,255
5.032503250325033,1638.3887492369836,492.83163969103543,1.0,1.0,255
5.0335033503350335,1684.1074380550197,459.1694909299352,1.0,1.0,255
5.034503450345034,2180.43725454842,456.85677986766865,1.0,1.0,255
5.035503550355036,1800.4712431968394,439.850187880841,1.0,1.0,255
5.036503650365036,2390.7797444846,430.44465719591426,1.0,1.0,255
5.037503750375038,2121.6600325595136,424.29307912824873,1.0,1.0,255
5.038503850385038,1755.889706190261,389.1752850044435,1.0,1.0,255
5.03950395039504,1671.2875844873604,386.6880808458766,1.0,1.0,255
5.0405040504050405,1699.3192741483479,352.72169536290966,1.0,1.0,255
5.041504150415042,2209.7524957884207,332.4637559524892,1.0,1.0,255
5.042504250425043,1983.2341594071604,296.9310864454238,1.0,1.0,255
5.043504350435043,2329.1493094704947,281.36382436575076,1.0,1.0,255
5.044504450445045,1869.5730130457305,243.99236410483616,1.0,1.0,255
5.045504550455045,1515.9413204193447,251.96482414851604,1.0,1.0,255
5.046504650465047,2360.4903141548584,249.43498608517936,1.0,1.0,255
5.047504750475047,1759.5711165292992,244.9410461216678,1.0,1.0,255
5.048504850485049,2281.876769090406,242.34706410469994,1.0,1.0,255
5.0495049504950495,1796.9306579292588,244.81484594279624,1.0,1.0,255
5.05050505050505,1923.3546901956288,242.71231619303617,1.0,1.0,255
5.051505150515052,1945.2584771430777,243.2826467289582,1.0,1.0,255
5.052505250525052,1884.7318647158195,242.42060854170708,1.0,1.0,255
5.053505350535054,2145.806626657853,242.86370499667424,1.0,1.0,255
5.054505450545054,1802.8707133770981,244.71859134939118,1.0,1.0,255
5.055505550555056,1989.7864068085605,244.3376382759162,1.0,1.0,255
5.0565056505650565,1980.8544145516812,237.6956848747923,1.0,1.0,255
5.057505750575057,2430.10030515222,242.84562585575372,1.0,1.0,255
5.058505850585059,2323.372909359558,243.77268963019907,1.0,1.0,255
5.059505950595059,1981.7190478664984,243.60699194178872,1.0,1.0,255
5.060506050605061,1792.3296882689083,245.8880682811562,1.0,1.0,255
5.061506150615061,1781.5028863351438,247.7425207891724,1.0,1.0,255
5.062506250625063,1803.4743647620544,247.63701401361163,1.0,1.0,255
5.0635063506350635,2000.8200877605411,243.9891524886004,1.0,1.0,255
5.064506450645064,2005.8479927585013,240.64418619911078,1.0,1.0,255
5.065506550655066,2325.1675867356535,238.91634320785016,1.0,1.0,255
5.066506650665066,2054.0417105129422,232.15029518292155,1.0,1.0,255
5.067506750675068,2154.3310531175803,223.71446651230414,1.0,1.0,255
5.068506850685068,2673.124143063369,227.2695535296208,1.0,1.0,255
5.06950695069507,2370.3632985680592,230.54663246893358,1.0,1.0,255
5.0705070507050705,2380.4845628025423,235.4428778898246,1.0,1.0,255
5.071507150715072,2155.0150832294194,232.95441343454368,1.0,1.0,255
5.072507250725073,2165.773715132195,232.9529687350857,1.0,1.0,255
5.073507350735073,2117.5127964036974,231.47130489289702,1.0,1.0,255
5.074507450745075,2028.305807402489,223.03966730707202,1.0,1.0,255
5.075507550755075,2024.8583920728972,219.31923423135606,1.0,1.0,255
5.076507650765077,2144.3863066237877,217.28945547942436,1.0,1.0,255
5.077507750775077,2006.7814517515526,212.47243884779473,1.0,1.0,255
5.078507850785079,1709.6371440242692,211.5767771623819,1.0,1.0,255
5.0795079507950796,2104.829216780398,206.44437612266745,1.0,1.0,255
5.08050805080508,2171.6711126913697,205.23288916442135,1.0,1.0,255
5.081508150815082,2423.4616159187995,207.37480540811663,1.0,1.0,255
5.082508250825082,1918.7024565438462,201.76853126197938,1.0,1.0,255
5.083508350835084,1816.6510933669065,199.11765815574162,1.0,1.0,255
5.084508450845084,1668.087864277812,204.06715577921696,1.0,1.0,255
5.085508550855086,2126.463241054364,200.68584546424103,1.0,1.0,255
5.0865086508650865,1856.014397719612,197.6699626201568,1.0,1.0,255
5.087508750875087,2020.6718234260172,196.7433255004462,1.0,1.0,255
5.088508850885089,2004.4677885704536,191.77176385284235,1.0,1.0,255
5.089508950895089,1613.7897928422885,192.92171968574377,1.0,1.0,255
5.090509050905091,1965.9715734408753,187.58867369989326,1.0,1.0,255
5.091509150915091,2329.404824084824,189.9817202658213,1.0,1.0,255
5.092509250925093,2356.6175759506355,194.8587549729772,1.0,1.0,255
5.0935093509350935,1886.0031669425327,192.47570544471665,1.0,1.0,255
5.094509450945094,2062.768933298381,189.20254437159886,1.0,1.0,255
5.095509550955096,2378.733797157697,185.17604672313965,1.0,1.0,255
5.096509650965096,1777.268031402034,184.34087981200184,1.0,1.0,255
5.097509750975098,1963.8199630420174,180.2559028817475,1.0,1.0,255
5.098509850985098,1844.8426094292497,179.64151531135442,1.0,1.0,255
5.0995099509951,2452.1736751027483,182.70360197199457,1.0,1.0,255
5.1005100510051005,1898.5615829593817,183.19946411671953,1.0,1.0,255
5.101510151015102,2231.3402510118617,184.8114386798183,1.0,1.0,255
5.102510251025103,1653.8336116979992,189.42940374017468,1.0,1.0,255
5.103510351035103,2003.8125845834181,188.35701951534932,1.0,1.0,255
5.104510451045105,2327.6969109866795,189.04837200262483,1.0,1.0,255
5.105510551055105,2131.642410836363,189.5569483555233,1.0,1.0,255
5.106510651065107,2170.963457893758,190.67330580443206,1.0,1.0,255
5.107510751075107,1796.638190078521,188.05853589981723,1.0,1.0,255
5.108510851085109,1651.9327275592423,190.4724231614412,1.0,1.0,255
5.1095109510951096,1976.4620923071736,190.57756227262772,1.0,1.0,255
5.11051105110511,2116.195555147908,186.828067140964,1.0,1.0,255
5.111511151115112,1964.4963809990031,183.16819724768692,1.0,1.0,255
5.112511251125112,2367.0904907743393,184.6594943584148,1.0,1.0,255
5.113511351135114,2503.3311418349226,192.82251895032408,1.0,1.0,255
5.114511451145114,2145.4546498440577,193.92857180237522,1.0,1.0,255
5.115511551155116,2412.1234584,195.66768923566207,1.0,1.0,255
5.1165116511651165,2009.7065486603863,196.3127240521955,1.0,1.0,255
5.117511751175117,2345.5700390505926,200.13750377085577,1.0,1.0,255
5.118511851185119,1726.8435813433193,194.05814928272204,1.0,1.0,255
5.119511951195119,1446.5866331743985,199.6391506478729,1.0,1.0,255
5.120512051205121,2149.5708797056236,195.02087698593456,1.0,1.0,255
5.121512151215121,1945.7260632372588,194.92605405660098,1.0,1.0,255
5.122512251225123,1747.2391775002457,198.58579620395216,1.0,1.0,255
5.1235123512351235,2044.813730713609,197.25926566160607,1.0,1.0,255
5.124512451245124,1912.2633871815342,199.58011406602517,1.0,1.0,255
5.125512551255126,2103.6246762226806,200.22977543193667,1.0,1.0,255
5.126512651265126,1713.6862709846334,204.98832387976827,1.0,1.0,255
5.127512751275128,2053.248843282822,204.26892978045572,1.0,1.0,255
5.128512851285128,2184.7605674778124,200.2368840104974,1.0,1.0,255
5.12951295129513,2181.23529290182,201.76500553292578,1.0,1.0,255
5.1305130513051305,2084.0805940864525,200.01319516082745,1.0,1.0,255
5.131513151315132,1987.410831692294,193.71574620860557,1.0,1.0,255
5.132513251325133,1918.79418255444,193.71391168839372,1.0,1.0,255
5.133513351335133,1970.964841535342,190.6276367250249,1.0,1.0,255
5.134513451345135,1997.000892624349,184.04937615809425,1.0,1.0,255
5.135513551355135,2189.7900797704233,185.3159129324154,1.0,1.0,255
5.136513651365137,1545.988522508609,191.51643043663546,1.0,1.0,255
5.137513751375137,2225.513281727899,194.5201325397138,1.0,1.0,255
5.138513851385139,1787.6504646118324,198.8564790188862,1.0,1.0,255
5.13951395139514,2072.410471995216,190.66048431563632,1.0,1.0,255
5.14051405140514,2512.7906423555823,198.31572863156543,1.0,1.0,255
5.141514151415142,1857.9182523957568,196.4892671019538,1.0,1.0,255
5.142514251425142,2285.021134399115,195.05733827092342,1.0,1.0,255
5.143514351435144,1663.6236422767404,199.50492876423922,1.0,1.0,255
5.144514451445144,2263.5336202436747,203.52022250314513,1.0,1.0,255
5.145514551455146,1689.4433545788802,204.0766794684136,1.0,1.0,255
5.1465146514651465,1953.1451400305057,200.55913729584415,1.0,1.0,255
5.147514751475147,2040.9226674074403,199.01708320853578,1.0,1.0,255
5.148514851485149,2075.473565028757,195.50340669769585,1.0,1.0,255
5.149514951495149,1957.649277361867,189.2269476484036,1.0,1.0,255
5.150515051505151,1318.5153954775396,200.82787139804043,1.0,1.0,255
5.151515151515151,2229.6684999664876,200.79443637713294,1.0,1.0,255
5.152515251525153,2078.810001358493,193.5273086382628,1.0,1.0,255
5.1535153515351535,2354.7919029823615,198.77939838957843,1.0,1.0,255
5.154515451545154,2032.4320679895332,193.4968188100542,1.0,1.0,255
5.155515551555156,2273.8679065050696,196.34132872342832,1.0,1.0,255
5.156515651565156,1672.4810088955676,201.3924393876418,1.0,1.0,255
5.157515751575158,1772.6600011634987,201.87200316594223,1.0,1.0,255
5.158515851585158,1849.650656689905,197.91764458332895,1.0,1.0,255
5.15951595159516,1867.5937179568796,200.09501207033486,1.0,1.0,255
5.1605160516051605,2072.0249107716613,199.21159918280992,1.0,1.0,255
5.161516151615162,2434.788731202103,205.27730142683205,1.0,1.0,255
5.162516251625163,1988.0082296533712,200.09532701827777,1.0,1.0,255
5.163516351635163,1712.5949918946671,197.696804343686,1.0,1.0,255
5.164516451645165,2231.555366326711,199.41881867333908,1.0,1.0,255
5.165516551655165,1997.5272200706838,193.14580510392537,1.0,1.0,255
5.166516651665167,1762.8789017023437,198.0823580430862,1.0,1.0,255
5.167516751675167,2141.1657229941657,193.99427172195763,1.0,1.0,255
5.168516851685169,2018.2576846169713,188.1659896564846,1.0,1.0,255
5.16951695169517,1927.6674745177972,178.54437282961666,1.0,1.0,255
5.17051705170517,1769.7973286234874,182.0770086630345,1.0,1.0,255
5.171517151715172,2122.066483742766,181.51285960263496,1.0,1.0,255
5.172517251725172,2317.816083217685,180.89396481699362,1.0,1.0,255
5.173517351735174,1971.8902674420265,182.35243408242522,1.0,1.0,255
5.174517451745174,2365.019126902749,185.97808436411094,1.0,1.0,255
5.175517551755176,1879.8797517635576,188.22799580438618,1.0,1.0,255
5.1765176517651765,1896.0796993556257,184.5801272369663,1.0,1.0,255
5.177517751775177,1705.8480773684912,191.31818882394003,1.0,1.0,255
5.178517851785179,1663.9815174113178,196.26334712615747,1.0,1.0,255
5.179517951795179,1964.7507877387336,195.26362551334637,1.0,1.0,255
5.180518051805181,2452.4204950447147,202.63042353251163,1.0,1.0,255
5.181518151815181,2120.7945057021398,202.87453028040028,1.0,1.0,255
5.182518251825183,1904.4762156794166,203.16088961790075,1.0,1.0,255
5.1835183518351835,2265.864569453778,205.97747783768318,1.0,1.0,255
5.184518451845184,1777.0841697217115,210.3758122957359,1.0,1.0,255
5.185518551855186,1998.1937093323481,208.53613651368042,1.0,1.0,255
5.186518651865186,2004.165454701016,199.3725978698323,1.0,1.0,255
5.187518751875188,2087.8424803469516,196.61918184221332,1.0,1.0,255
5.188518851885188,1955.4715926642748,193.26275928116445,1.0,1.0,255
5.18951895189519,1881.5246354138808,196.1040571329825,1.0,1.0,255
5.1905190519051905,1986.0935395266076,188.04637349533874,1.0,1.0,255
5.191519151915192,2142.60696865149,186.13687791628377,1.0,1.0,255
5.192519251925193,2060.072220988079,181.63789964806298,1.0,1.0,255
5.193519351935193,1991.923298920154,175.0719065151947,1.0,1.0,255
5.194519451945195,1892.5534091863574,173.8701659265941,1.0,1.0,255
5.195519551955195,2142.6430536329176,168.59189409083007,1.0,1.0,255
5.196519651965197,2057.9388696182637,166.89357428380544,1.0,1.0,255
5.197519751975197,1474.915567205764,178.213716287839,1.0,1.0,255
5.198519851985199,1961.5271671643654,179.3937016439765,1.0,1.0,255
5.1995199519952,2430.9990792761355,185.24666877673656,1.0,1.0,255
5.2005200520052,2229.5231114445664,174.28743891517865,1.0,1.0,255
5.201520152015202,2165.380049973199,173.00166991531287,1.0,1.0,255
5.202520252025202,1952.6664366137911,174.2921411558672,1.0,1.0,255
5.203520352035204,2306.998139493578,173.33626588609158,1.0,1.0,255
5.204520452045204,2241.823365697383,176.90137455982986,1.0,1.0,255
5.205520552055206,1568.6426993080456,181.97116244356752,1.0,1.0,255
5.2065206520652065,1742.7276419433574,180.56622978261177,1.0,1.0,255
5.207520752075207,2091.662128423817,175.93267237435808,1.0,1.0,255
5.208520852085209,1668.71740620192,179.55133738411777,1.0,1.0,255
5.209520952095209,2506.0998413648226,185.1052085705518,1.0,1.0,255
5.210521052105211,1444.5969444746677,196.69277146562519,1.0,1.0,255
5.211521152115211,2493.9165765924267,197.8753283734317,1.0,1.0,255
5.212521252125213,2420.6046308219857,204.12758558293885,1.0,1.0,255
5.2135213521352135,2445.6259067764868,205.37200355636188,1.0,1.0,255
5.214521452145214,1818.1237726315026,206.29842077719763,1.0,1.0,255
5.215521552155216,2570.237720061479,215.73371957984088,1.0,1.0,255
5.216521652165216,2258.037525881087,214.23204813150952,1.0,1.0,255
5.217521752175218,2020.7119177839752,212.91449531594665,1.0,1.0,255
5.218521852185218,1997.5501389545957,213.3286462291942,1.0,1.0,255
5.21952195219522,2028.1958093293542,211.31807953296303,1.0,1.0,255
5.2205220522052205,1831.5964397100563,210.08209731123168,1.0,1.0,255
5.221522152215222,2219.2454360151573,212.0256763566795,1.0,1.0,255
5.222522252225223,2317.9098731367653,212.02755215506113,1.0,1.0,255
5.223522352235223,2213.0950503838812,213.8072585115793,1.0,1.0,255
5.224522452245225,2106.6005480035947,208.63888693359618,1.0,1.0,255
5.225522552255225,2284.9433794944944,210.01534955875724,1.0,1.0,255
5.226522652265227,1332.366627032051,221.28961100522872,1.0,1.0,255
5.2275227522752274,2351.250450680967,220.51158156621793,1.0,1.0,255
5.228522852285229,1979.1062356262478,214.20908720191932,1.0,1.0,255
5.22952295229523,2296.7064733242837,217.51823242317965,1.0,1.0,255
5.23052305230523,2306.1642372984593,214.59310726825458,1.0,1.0,255
5.231523152315232,1811.2646773709857,217.871923606792,1.0,1.0,255
5.232523252325232,2151.5956003374995,217.07335992713033,1.0,1.0,255
5.233523352335234,1890.382865771325,215.86841122262828,1.0,1.0,255
5.234523452345234,2278.399652068769,215.05808765843787,1.0,1.0,255
5.235523552355236,2155.77528652375,216.21746757555985,1.0,1.0,255
5.2365236523652365,2350.6061507511577,221.39289968460332,1.0,1.0,255
5.237523752375237,1620.9211810767426,229.1376264561294,1.0,1.0,255
5.238523852385239,1877.2563357390354,230.70193159463417,1.0,1.0,255
5.239523952395239,1895.6453108457301,230.41951808599725,1.0,1.0,255
5.240524052405241,2217.989463548467,232.58117814749872,1.0,1.0,255
5.241524152415241,2099.0644523523606,231.71032782151616,1.0,1.0,255
5.242524252425243,1688.0118852649641,238.66864569645523,1.0,1.0,255
5.2435243524352435,1862.7516373006683,241.252078928845,1.0,1.0,255
5.244524452445244,1980.6644889387155,239.4898573337979,1.0,1.0,255
5.245524552455246,2292.9062075801426,242.49512041274232,1.0,1.0,255
5.246524652465246,1905.7921261173499,245.1405004980301,1.0,1.0,255
5.247524752475248,1582.0800106684824,242.99721162877574,1.0,1.0,255
5.248524852485248,1943.8203885400344,243.3513472012623,1.0,1.0,255
5.24952495249525,2086.350335052619,236.458372316792,1.0,1.0,255
5.2505250525052505,1662.124924568971,240.54541159652126,1.0,1.0,255
5.251525152515252,2096.5446797802483,239.16870419266226,1.0,1.0,255
5.252525252525253,2396.3190239761566,244.22841340446124,1.0,1.0,255
5.253525352535253,1910.8098683476123,241.7922532476374,1.0,1.0,255
5.254525452545255,2005.69019249759,238.76198208373796,1.0,1.0,255
5.255525552555255,1605.0194304612007,238.03444746067487,1.0,1.0,255
5.256525652565257,2068.3794419815026,232.336589139172,1.0,1.0,255
5.2575257525752574,2251.831331633054,235.5399732033567,1.0,1.0,255
5.258525852585259,2280.927413935861,232.61286960611235,1.0,1.0,255
5.25952595259526,2175.400839916684,225.9988895771496,1.0,1.0,255
5.26052605260526,1701.4339707613258,220.86214905141648,1.0,1.0,255
5.261526152615262,2252.651080102122,216.0368391216104,1.0,1.0,255
5.262526252625262,1748.061576920937,214.58351496675198,1.0,1.0,255
5.263526352635264,2344.0876294215254,212.5527494196527,1.0,1.0,255
5.264526452645264,2241.366119004008,211.82254725236288,1.0,1.0,255
5.265526552655266,2342.9440448207383,207.27667374754816,1.0,1.0,255
5.2665266526652665,2224.003723639964,206.59599770272564,1.0,1.0,255
5.267526752675267,1794.4149470589225,211.12193711722676,1.0,1.0,255
5.268526852685269,1980.0222261812587,211.47249537269346,1.0,1.0,255
5.269526952695269,2056.3540777597627,211.2434931144758,1.0,1.0,255
5.270527052705271,2406.6789911354945,214.08900173138682,1.0,1.0,255
5.271527152715271,2489.2445162769945,219.48898333662356,1.0,1.0,255
5.272527252725273,2466.3172621231743,222.45713111635175,1.0,1.0,255
5.2735273527352735,2035.9388953272908,219.39645220212836,1.0,1.0,255
5.274527452745274,1732.6956984221615,224.5305272736132,1.0,1.0,255
5.275527552755276,2246.9562430660253,223.77078454504385,1.0,1.0,255
5.276527652765276,2621.4676438894176,220.9274699634732,1.0,1.0,255
5.277527752775278,2368.0139005272895,221.26273896039964,1.0,1.0,255
5.278527852785278,2398.3024738528006,226.89091314998063,1.0,1.0,255
5.27952795279528,2175.8636755872412,224.47405719523977,1.0,1.0,255
5.2805280528052805,2136.777886250113,221.0863301742728,1.0,1.0,255
5.281528152815282,2135.5278793223724,218.10218130814,1.0,1.0,255
5.282528252825283,1909.1861383576709,218.8065465342366,1.0,1.0,255
5.283528352835283,2267.1677712306637,220.03755927427636,1.0,1.0,255
5.284528452845285,2445.273172243716,223.3750296777753,1.0,1.0,255
5.285528552855285,2171.681737319065,223.69315869368154,1.0,1.0,255
5.286528652865287,2414.631555561966,224.9736667898977,1.0,1.0,255
5.2875287528752875,2089.9970272524783,217.27203095648215,1.0,1.0,255
5.288528852885289,2134.748554194419,215.59212875515124,1.0,1.0,255
5.28952895289529,1768.5373616723264,218.13428773861935,1.0,1.0,255
5.29052905290529,1766.6383099291738,220.36173226906647,1.0,1.0,255
5.291529152915292,2039.9536164647259,219.50137089272476,1.0,1.0,255
5.292529252925292,1814.1021358823073,216.97956588037786,1.0,1.0,255
5.293529352935294,2105.824492490132,214.43108847619388,1.0,1.0,255
5.294529452945294,2149.6630414082842,215.1176390831339,1.0,1.0,255
5.295529552955296,1869.6131765409325,213.78725140071236,1.0,1.0,255
5.2965296529652965,1748.795805717514,216.9271778087091,1.0,1.0,255
5.297529752975297,1903.193440343646,210.50490921520586,1.0,1.0,255
5.298529852985299,2327.688480677299,214.01508659955255,1.0,1.0,255
5.299529952995299,2240.979725285483,217.10767440420983,1.0,1.0,255
5.300530053005301,2167.1365751484673,211.77290439855852,1.0,1.0,255
5.301530153015301,1616.5817615856988,219.4303755712396,1.0,1.0,255
5.302530253025303,2010.3740530933912,213.2165140298486,1.0,1.0,255
5.3035303530353035,2224.9337458733394,214.01138631426767,1.0,1.0,255
5.304530453045304,1852.8629414799457,217.06793133462054,1.0,1.0,255
5.305530553055306,2306.714485144179,213.3826096467281,1.0,1.0,255
5.306530653065306,1585.5387648657543,222.22424550978295,1.0,1.0,255
5.307530753075308,2112.1119537894006,219.4298579529099,1.0,1.0,255
5.308530853085308,2185.3746965817318,217.51880360582734,1.0,1.0,255
5.30953095309531,2316.0957371616278,220.3327015507262,1.0,1.0,255
5.3105310531053105,2115.0238499327456,214.74185796460762,1.0,1.0,255
5.311531153115312,1954.9689966487617,212.50945642958996,1.0,1.0,255
5.312531253125313,1884.8477647982834,209.77373267204305,1.0,1.0,255
5.313531353135313,2087.2301371050116,204.63658282571276,1.0,1.0,255
5.314531453145315,2215.1881926176466,204.11302429798553,1.0,1.0,255
5.315531553155315,2148.8450616745286,200.23104463506132,1.0,1.0,255
5.316531653165317,2145.765314631673,198.66627645489555,1.0,1.0,255
5.3175317531753175,2233.747434588956,197.30952408785313,1.0,1.0,255
5.318531853185319,2078.359501856571,196.55715864860977,1.0,1.0,255
5.31953195319532,2288.312236497205,201.1963218233586,1.0,1.0,255
5.32053205320532,1845.2161902840676,198.07841819496738,1.0,1.0,255
5.321532153215322,1884.9492359241299,192.5145431509449,1.0,1.0,255
5.322532253225322,2272.5866297212824,188.63993050290702,1.0,1.0,255
5.323532353235324,2160.5830989802653,190.6503703890582,1.0,1.0,255
5.324532453245324,2233.6006974088477,188.0562983056783,1.0,1.0,255
5.325532553255326,2009.0849302172924,184.8554748400119,1.0,1.0,255
5.3265326532653265,1899.7125082109524,176.35187179800454,1.0,1.0,255
5.327532753275327,2056.9824250926445,170.13124228931167,1.0,1.0,255
5.328532853285329,2132.929055032567,164.82377391290697,1.0,1.0,255
5.329532953295329,1956.4136254507594,164.09822789214698,1.0,1.0,255
5.330533053305331,1918.2917304480602,164.9168355581835,1.0,1.0,255
5.331533153315331,1978.9007409769627,164.54826315219682,1.0,1.0,255
5.332533253325333,2374.046322355181,168.29291236645383,1.0,1.0,255
5.3335333533353335,1863.6448553775733,167.59665983428906,1.0,1.0,255
5.334533453345334,2249.7650271615244,163.6864969326452,1.0,1.0,255
5.335533553355336,2305.359944976516,166.36006108579423,1.0,1.0,255
5.336533653365336,2208.9681101809483,162.2467921781739,1.0,1.0,255
5.337533753375338,2000.5795265808208,162.3552611015079,1.0,1.0,255
5.338533853385338,1933.194620698659,162.91639760364632,1.0,1.0,255
5.33953395339534,2009.1086958068115,158.10497092095662,1.0,1.0,255
5.3405340534053405,2115.927077710511,153.83627867375034,1.0,1.0,255
5.341534153415342,1954.4776864324504,155.54579727439582,1.0,1.0,255
5.342534253425343,1936.4359220728147,153.09912155058566,1.0,1.0,255
5.343534353435343,2343.3757733896823,157.85014716857674,1.0,1.0,255
5.344534453445345,2217.686758416563,159.2106215087423,1.0,1.0,255
5.345534553455345,2008.6001949800243,156.43088113996043,1.0,1.0,255
5.346534653465347,1897.0513254033954,153.4657707462428,1.0,1.0,255
5.3475347534753475,2579.1073341750543,161.19178623661682,1.0,1.0,255
5.348534853485349,1866.8517453742654,159.22098171558554,1.0,1.0,255
5.34953495349535,2471.821823206506,163.837823674006,1.0,1.0,255
5.35053505350535,2015.964153184631,162.09580910734402,1.0,1.0,255
5.351535153515352,1998.7058954539007,154.45332642998,1.0,1.0,255
5.352535253525352,2008.3520903785507,154.4937656842768,1.0,1.0,255
5.353535353535354,1853.9127328805885,154.83683610919826,1.0,1.0,255
5.354535453545354,1949.2089571869897,152.90991579505737,1.0,1.0,255
5.355535553555356,1999.6790859710745,148.7020443727523,0.999,0.995,254
5.3565356535653565,1844.4246580829317,143.52432650840876,0.998,0.99,253
5.357535753575357,1995.8138749310913,143.28580993399896,0.997,0.985,252
5.358535853585359,2131.0250644508465,142.19881729138126,0.996,0.98,251
5.359535953595359,2140.0003492029555,138.67690953220782,0.995,0.975,251
5.360536053605361,1786.2549019270498,142.5713344950119,0.994,0.97,250
5.361536153615361,1767.2267385055943,146.32617965787526,0.993,0.965,249
5.362536253625363,2411.1260916256356,150.32565678635365,0.994,0.97,250
5.3635363536353635,1984.685435566052,150.80734533293236,0.995,0.975,251
5.364536453645364,2070.181071432356,147.90720290922656,0.994,0.97,250
5.365536553655366,1821.9870316113183,150.41056104350963,0.995,0.975,251
5.366536653665366,2070.6883204000133,148.90902115887644,0.994,0.97,250
5.367536753675368,2038.2311503819537,145.38944945945823,0.993,0.965,249
5.368536853685368,2296.5740235790176,149.75373989390718,0.992,0.96,248
5.36953695369537,2130.543914223147,146.598373448426,0.991,0.955,248
5.3705370537053705,2077.147316035104,143.1256435748095,0.99,0.95,247
5.371537153715372,1867.2336349910079,143.47995559347189,0.989,0.945,246
5.372537253725373,2439.4368434690396,146.81695986842706,0.988,0.94,245
5.373537353735373,2179.3841715411027,147.1929813196438,0.987,0.9349999999999999,244
5.374537453745375,2340.6452335128142,149.3338720417231,0.986,0.9299999999999999,244
5.375537553755375,2049.6956569369063,148.58948378480713,0.985,0.9249999999999999,243
5.376537653765377,2183.8315976688423,148.340365902403,0.984,0.9199999999999999,242
5.3775377537753775,2092.187420250209,149.0444658055543,0.983,0.9149999999999999,241
5.378537853785379,1826.7720921062046,151.77044286277888,0.984,0.9199999999999999,242
5.37953795379538,1678.6966969807304,157.32478143217944,0.985,0.9249999999999999,243
5.38053805380538,1502.5786186121768,165.6390436688971,0.986,0.9299999999999999,244
5.381538153815382,2342.125778022882,170.139574048894,0.987,0.9349999999999999,244
5.382538253825382,1813.8367931452594,168.30191173888522,0.988,0.94,245
5.383538353835384,2384.684914883374,171.34850714410416,0.989,0.945,246
5.384538453845384,1780.9249575899998,172.65470744907364,0.99,0.95,247
5.385538553855386,1877.6790591195804,170.91392736715173,0.991,0.955,248
5.3865386538653866,2122.5115718537345,169.18479660060748,0.992,0.96,248
5.387538753875387,1945.0286066048373,170.2958150001271,0.993,0.965,249
5.388538853885389,2275.8726222113364,172.55715985832703,0.994,0.97,250
5.389538953895389,2485.8317316442462,180.53596840734818,0.995,0.975,251
5.390539053905391,1965.6007413184238,180.82541202676947,0.996,0.98,251
5.391539153915391,2358.918011785543,185.17332599112936,0.997,0.985,252
5.392539253925393,2281.834461685823,187.6187336663021,0.998,0.99,253
5.3935393539353935,1439.9940868729304,193.87133646104982,0.999,0.995,254
5.394539453945394,1677.616580313248,197.88526968645363,1.0,1.0,255
5.395539553955396,2399.5058986526965,204.127391559108,1.0,1.0,255
5.396539653965396,2346.4519240234167,207.07745654764426,1.0,1.0,255
5.397539753975398,2256.1305447233244,200.6179207586097,1.0,1.0,255
5.398539853985398,1825.5433180820162,201.44408930445465,1.0,1.0,255
5.3995399539954,1851.1502521370992,196.90464779758256,1.0,1.0,255
5.4005400540054005,2075.764622034583,196.81922330196682,1.0,1.0,255
5.401540154015402,1906.6298039918947,198.66074513120694,1.0,1.0,255
5.402540254025403,2335.2693567476654,203.61317407373127,1.0,1.0,255
5.403540354035403,1767.8196441850341,205.33503584764236,1.0,1.0,255
5.404540454045405,1889.2978096514619,206.5332587983529,1.0,1.0,255
5.405540554055405,2345.750208370131,211.52184468517703,1.0,1.0,255
5.406540654065407,1513.0782102218836,218.14877364239797,1.0,1.0,255
5.4075407540754075,1857.0743163629518,220.92356481376075,1.0,1.0,255
5.408540854085409,2347.087276612676,225.24480905699735,1.0,1.0,255
5.40954095409541,1807.5536178140023,228.2137297166582,1.0,1.0,255
5.41054105410541,1958.0033542976385,224.77876066924645,1.0,1.0,255
5.411541154115412,2067.6758331132746,219.5568121016238,1.0,1.0,255
5.412541254125412,1915.0087552895639,214.95411516331976,1.0,1.0,255
5.413541354135414,1842.4451919280846,217.79892003607915,1.0,1.0,255
5.414541454145414,1857.2926695282797,221.16944521686645,1.0,1.0,255
5.415541554155416,2069.490454420117,217.07899493749517,1.0,1.0,255
5.4165416541654166,1839.8602026179094,220.78802447713667,1.0,1.0,255
5.417541754175417,2028.25632439968,220.9875209967822,1.0,1.0,255
5.418541854185419,2278.7821101056497,220.63168272731482,1.0,1.0,255
5.419541954195419,1798.031905027211,223.98016634230763,1.0,1.0,255
5.420542054205421,2218.848782852404,226.81419567865362,1.0,1.0,255
5.421542154215421,1833.694868194782,227.48497101457824,1.0,1.0,255
5.422542254225423,2209.302188497467,222.88227791514677,1.0,1.0,255
5.4235423542354235,1813.2729172923496,224.94913613847768,1.0,1.0,255
5.424542454245424,1844.146695616827,223.17329755588491,1.0,1.0,255
5.425542554255426,2204.8585997250657,226.27655641164813,1.0,1.0,255
5.426542654265426,1984.1188001101036,224.8375484560692,1.0,1.0,255
5.427542754275428,2369.1770206150277,230.37734046336556,1.0,1.0,255
5.428542854285428,1786.1052279888436,231.19067774571283,1.0,1.0,255
5.42954295429543,2034.6402142112427,224.07180740110255,1.0,1.0,255
5.4305430543054305,2193.38036114476,216.0709869962413,1.0,1.0,255
5.431543154315432,2115.7254130042857,211.5429796958694,1.0,1.0,255
5.432543254325433,2637.0261570232205,218.64023869923898,1.0,1.0,255
5.433543354335433,2295.1669623400026,216.84987964837154,1.0,1.0,255
5.434543454345435,2073.214934909394,212.0126774983594,1.0,1.0,255
5.435543554355435,2111.951914233334,209.88529696541767,1.0,1.0,255
5.436543654365437,2156.1479885121203,210.5580252985854,1.0,1.0,255
5.4375437543754375,1652.8452132540622,216.40169316560093,1.0,1.0,255
5.438543854385439,2255.308616895029,215.9904130592747,1.0,1.0,255
5.43954395439544,1689.1140297868155,214.4114978306535,1.0,1.0,255
5.44054405440544,2098.4223404969284,213.77195946696054,1.0,1.0,255
5.441544154415442,2118.8557275251615,208.97071378175292,1.0,1.0,255
5.442544254425442,1956.0520104489603,206.13298433905726,1.0,1.0,255
5.443544354435444,2168.3300100160745,196.3794662768373,1.0,1.0,255
5.444544454445444,2232.815882513641,192.66811553337504,1.0,1.0,255
5.445544554455446,2378.682121336239,192.25163998704593,1.0,1.0,255
5.4465446544654466,2187.376947039673,189.07014044737107,1.0,1.0,255
5.447544754475447,2075.470929350001,185.45694813990463,1.0,1.0,255
5.448544854485449,2016.0044177492248,181.64772614656042,1.0,1.0,255
5.449544954495449,2211.026256087777,180.97125631105794,1.0,1.0,255
5.450545054505451,1961.4121825593797,182.14772021917867,1.0,1.0,255
5.451545154515451,1752.6886506365413,185.22654328628573,1.0,1.0,255
5.452545254525453,2359.8172283325753,185.71750071798397,1.0,1.0,255
5.4535453545354535,2071.375092875822,180.58139545920108,1.0,1.0,255
5.454545454545454,2478.418657533647,186.01572480290326,1.0,1.0,255
5.455545554555456,2028.0440174786202,180.4598402859282,1.0,1.0,255
5.456545654565456,1732.76112373482,176.06618201566948,1.0,1.0,255
5.457545754575458,2228.665497672717,175.86097829638285,1.0,1.0,255
5.458545854585458,1926.48125417625,172.3096076806044,1.0,1.0,255
5.45954595459546,1444.9543696689675,179.5615926435051,1.0,1.0,255
5.4605460546054605,1808.527401976042,182.55111168993702,1.0,1.0,255
5.461546154615462,1902.736108483312,185.06287285800528,1.0,1.0,255
5.462546254625463,1605.937582826016,191.2442963072762,1.0,1.0,255
5.463546354635463,2660.7406344984056,199.388012835806,1.0,1.0,255
5.464546454645465,1545.6083631311512,205.62169896374857,1.0,1.0,255
5.465546554655465,2024.0751500685099,205.67038687397607,1.0,1.0,255
5.466546654665467,1888.9649321161135,204.6882922840119,1.0,1.0,255
5.4675467546754675,1945.63061452269,206.34080648155174,1.0,1.0,255
5.468546854685469,2134.5975354874463,203.45711498918766,1.0,1.0,255
5.46954695469547,1787.532532728663,203.66710243515863,1.0,1.0,255
5.47054705470547,1533.671863662772,210.5366895048551,1.0,1.0,255
5.471547154715472,2063.942604338515,206.56943895552106,1.0,1.0,255
5.472547254725472,1980.1886264153643,204.6996226572644,1.0,1.0,255
5.473547354735474,1963.6547322642534,201.69198635782635,1.0,1.0,255
5.474547454745474,1805.6144338452132,202.46263159325864,1.0,1.0,255
5.475547554755476,2047.446519441485,199.33652920992762,1.0,1.0,255
5.476547654765477,1727.5809482601064,204.46728624692753,1.0,1.0,255
5.477547754775477,1630.6103334442203,206.39153916574264,1.0,1.0,255
5.478547854785479,2208.419327116985,204.36203026785924,1.0,1.0,255
5.479547954795479,2312.7196082926084,209.38922671793625,1.0,1.0,255
5.480548054805481,1964.4356289513864,208.15290691601334,1.0,1.0,255
5.481548154815481,2558.9720574848097,217.0178398056238,1.0,1.0,255
5.482548254825483,2209.815966672345,208.4736359986062,1.0,1.0,255
5.4835483548354835,1823.9394756775393,208.01150723825538,1.0,1.0,255
5.484548454845484,1799.5789721495375,212.47562909707673,1.0,1.0,255
5.485548554855486,1871.778541364089,214.72101998512824,1.0,1.0,255
5.486548654865486,1730.5126649708689,218.90780691546846,1.0,1.0,255
5.487548754875488,1832.4277190148355,215.316156800253,1.0,1.0,255
5.488548854885488,1745.52561865554,217.21947208924158,1.0,1.0,255
5.48954895489549,2225.1371606333732,213.58449589764533,1.0,1.0,255
5.4905490549054905,2610.9997789176186,223.83604466605917,1.0,1.0,255
5.491549154915492,2201.641247811491,225.49175507178575,1.0,1.0,255
5.492549254925493,2111.78544619507,224.92850420466638,1.0,1.0,255
5.493549354935493,2035.9938976056305,222.76202605223227,1.0,1.0,255
5.494549454945495,2350.975153130673,225.12521146457294,1.0,1.0,255
5.495549554955495,2565.167395225347,228.8549169423552,1.0,1.0,255
5.496549654965497,2201.0749916211403,229.12887783398455,1.0,1.0,255
5.4975497549754975,2061.7520814485665,228.85450087595586,1.0,1.0,255
5.498549854985499,2234.4276404051056,231.94314203904244,1.0,1.0,255
5.4995499549955,1899.696199155259,231.64869293418175,1.0,1.0,255
5.5005500550055,2166.8283893752014,232.29350437287337,1.0,1.0,255
5.501550155015502,1837.9867561160313,230.58754226328355,1.0,1.0,255
5.502550255025502,1876.3341380379748,227.7845149358725,1.0,1.0,255
5.503550355035504,2152.6501397614816,229.41001587358573,1.0,1.0,255
5.504550455045504,2239.9896895080283,224.64143651307336,1.0,1.0,255
5.505550555055506,889.9123383765741,247.40407009511426,1.0,1.0,255
5.506550655065507,2381.1735951385135,247.7627644725809,1.0,1.0,255
5.507550755075507,1848.0511545500153,248.1484314281263,1.0,1.0,255
5.508550855085509,1805.5708985732904,250.5666385401854,1.0,1.0,255
5.509550955095509,2084.476294165851,239.2352518168818,1.0,1.0,255
5.510551055105511,1575.5468953587624,243.89486194922733,1.0,1.0,255
5.511551155115511,1691.7489827918623,248.1146044630564,1.0,1.0,255
5.512551255125513,2161.8046545917196,241.54944921141112,1.0,1.0,255
5.5135513551355135,2336.316271360189,235.0609619486468,1.0,1.0,255
5.514551455145514,2050.6228802608593,225.06558681648704,1.0,1.0,255
5.515551555155516,2357.186143229828,230.77081268245382,1.0,1.0,255
5.516551655165516,1944.7384891900842,229.6553415409744,1.0,1.0,255
5.517551755175518,1919.9783328578185,230.1683871742718,1.0,1.0,255
5.518551855185518,1717.5927263100932,235.04458193832102,1.0,1.0,255
5.51955195519552,1348.018624256317,243.83486010776792,1.0,1.0,255
5.5205520552055205,2004.5592461433403,234.4171124581566,1.0,1.0,255
5.521552155215522,1565.9088249616098,243.74008387215406,1.0,1.0,255
5.522552255225523,2237.804938077283,246.17995516200702,1.0,1.0,255
5.523552355235523,1990.4808570785294,245.64343266572152,1.0,1.0,255
5.524552455245525,2197.025649962015,243.77623434186611,1.0,1.0,255
5.525552555255525,1955.129030440368,245.62258412188842,1.0,1.0,255
5.526552655265527,1942.5505484492476,241.32319211810562,1.0,1.0,255
5.5275527552755275,2211.4352636211333,236.24410405941268,1.0,1.0,255
5.528552855285529,2224.3815779833717,236.56334907674037,1.0,1.0,255
5.52955295529553,2612.482078004813,242.55859847098444,1.0,1.0,255
5.53055305530553,2403.9540747519177,248.00639254505055,1.0,1.0,255
5.531553155315532,2022.6006657238968,238.2949380808763,1.0,1.0,255
5.532553255325532,2017.362194837782,235.67137485067377,1.0,1.0,255
5.533553355335534,2186.147166900945,233.95310770224344,1.0,1.0,255
5.5345534553455344,2259.6885574403113,233.2184582940405,1.0,1.0,255
5.535553555355536,2223.3025821383494,233.20008076408925,1.0,1.0,255
5.536553655365537,1941.7872893881897,228.97458827574283,1.0,1.0,255
5.537553755375537,2087.4484669981284,225.4521119960021,1.0,1.0,255
5.538553855385539,1774.414187728663,224.87434061453962,1.0,1.0,255
5.539553955395539,2227.2278074094293,224.9161535500607,1.0,1.0,255
5.540554055405541,1958.5560588490102,215.4450367947282,1.0,1.0,255
5.541554155415541,2198.893705052238,215.39008593954313,1.0,1.0,255
5.542554255425543,2042.1554563943448,214.23126788775483,1.0,1.0,255
5.5435543554355435,2263.650758834154,218.3041610165505,1.0,1.0,255
5.544554455445544,2004.423142072571,213.11619511248566,1.0,1.0,255
5.545554555455546,2508.8801076675513,211.9904493613298,1.0,1.0,255
5.546554655465546,2142.1488756799035,210.81192704250512,1.0,1.0,255
5.547554755475548,1781.19835039087,215.87291840571635,1.0,1.0,255
5.548554855485548,2338.933704113389,217.96303967988203,1.0,1.0,255
5.54955495549555,1705.8791757291629,221.83938014840388,1.0,1.0,255
5.5505550555055505,1953.4276457519932,221.35425944585998,1.0,1.0,255
5.551555155515552,2271.503967526983,221.62407391872034,1.0,1.0,255
5.552555255525553,2053.3337827444516,218.2974323343689,1.0,1.0,255
5.553555355535553,2272.375221462773,220.69193396839472,1.0,1.0,255
5.554555455545555,2022.894509500586,217.35424998822248,1.0,1.0,255
5.555555555555555,2142.5533928008717,196.0835646117713,1.0,1.0,255
5.556555655565557,1853.5100495790412,193.30989171742021,1.0,1.0,255
5.5575557555755575,1900.5873851848976,192.2591671047226,1.0,1.0,255
5.558555855585559,2112.364287392798,188.69787082404434,1.0,1.0,255
5.55955595559556,2368.356366692263,194.37547227457262,1.0,1.0,255
5.56055605560556,2375.766023231536,191.48173064637857,1.0,1.0,255
5.561556155615562,1840.9334143526553,188.4980420151627,1.0,1.0,255
5.562556255625562,2184.2277793175786,188.9465045096799,1.0,1.0,255
5.563556355635564,1896.335613716975,186.21346680813662,1.0,1.0,255
5.5645564556455644,2193.770152436329,189.076412251646,1.0,1.0,255
5.565556555655566,2021.3895846706807,183.42489769363584,1.0,1.0,255
5.566556655665567,2577.1053564501353,191.94177460644022,1.0,1.0,255
5.567556755675567,1917.954379059902,191.98225368239858,1.0,1.0,255
5.568556855685569,1693.5480082634476,192.4631480433315,1.0,1.0,255
5.569556955695569,1576.89709281166,187.88557867222465,1.0,1.0,255
5.570557055705571,1628.3907140116626,195.4089493148582,1.0,1.0,255
5.571557155715571,2218.7692371743606,189.18251055757761,1.0,1.0,255
5.572557255725573,2193.300257661399,188.29241694925994,1.0,1.0,255
5.5735573557355735,1661.6687094499205,194.86865990183207,1.0,1.0,255
5.574557455745574,2076.9565455904144,192.46727781440003,1.0,1.0,255
5.575557555755576,2545.4447486553327,200.55875339631402,1.0,1.0,255
5.576557655765576,1937.8292547852075,200.6531792695948,1.0,1.0,255
5.577557755775578,2128.768109561196,198.99983618839607,1.0,1.0,255
5.578557855785578,2151.8823514324617,197.54985165737787,1.0,1.0,255
5.57955795579558,2031.3751375442398,186.5927073463968,1.0,1.0,255
5.5805580558055805,2062.5418520884,179.76446289312645,1.0,1.0,255
5.581558155815582,2110.530570159152,180.5070876107874,1.0,1.0,255
5.582558255825583,2089.88288267825,180.73198916110803,1.0,1.0,255
5.583558355835583,1831.4295576460377,182.3004546701684,1.0,1.0,255
5.584558455845585,2119.8588621353583,179.50386076406932,1.0,1.0,255
5.585558555855585,1470.9660420365121,187.53848828057215,1.0,1.0,255
5.586558655865587,2049.5097818925874,185.44442970618772,1.0,1.0,255
5.5875587558755875,1549.595614191627,194.62354808239263,1.0,1.0,255
5.588558855885589,1933.969666402674,191.4324385089124,1.0,1.0,255
5.58955895589559,2109.335371771866,189.07458979616115,1.0,1.0,255
5.59055905590559,1975.3904641793165,188.73790168955503,1.0,1.0,255
5.591559155915592,1808.6775927973013,190.50647573256424,1.0,1.0,255
5.592559255925592,2079.042473629799,191.01043433304713,1.0,1.0,255
5.593559355935594,1863.2381339110661,190.39265647814275,1.0,1.0,255
5.5945594559455945,1952.2435425093736,191.43624846940668,1.0,1.0,255
5.595559555955596,2226.5750800502237,185.7901479170601,1.0,1.0,255
5.596559655965597,1677.3796479223997,191.319577445014,1.0,1.0,255
5.597559755975597,2335.758561473654,191.7387156823045,1.0,1.0,255
5.598559855985599,2037.5476043758606,186.12908951251953,1.0,1.0,255
5.599559955995599,2039.6235090030737,179.45420284704133,1.0,1.0,255
5.600560056005601,1684.1696990480718,184.83936178111972,1.0,1.0,255
5.601560156015601,2094.0194831052772,181.2896720926856,1.0,1.0,255
5.602560256025603,1750.656918738673,187.12985806302314,1.0,1.0,255
5.6035603560356035,1932.550030503413,184.95135302369937,1.0,1.0,255
5.604560456045604,2176.5384010401044,187.02001123451322,1.0,1.0,255
5.605560556055606,1733.563178905128,191.41767980039327,1.0,1.0,255
5.606560656065606,1863.8174592082491,191.2115316078091,1.0,1.0,255
5.607560756075608,2184.5395217058694,190.99406974562444,1.0,1.0,255
5.608560856085608,1973.2307042745106,191.20216991227824,1.0,1.0,255
5.60956095609561,2032.243004752113,185.11018248339076,1.0,1.0,255
5.6105610561056105,2018.7491065542831,179.13987988767428,1.0,1.0,255
5.611561156115612,2149.051627661543,177.01958072795824,1.0,1.0,255
5.612561256125613,1271.0670177512268,189.83368478658213,1.0,1.0,255
5.613561356135613,2054.413690193465,186.92867086479094,1.0,1.0,255
5.614561456145615,2096.953566559579,184.99233914725596,1.0,1.0,255
5.615561556155615,2157.2902218587674,186.64593527784498,1.0,1.0,255
5.616561656165617,1959.6427373763288,177.83097340131565,1.0,1.0,255
5.6175617561756175,2150.8629739905123,177.28732046232392,1.0,1.0,255
5.618561856185619,2054.8373362494763,170.33502735258242,1.0,1.0,255
5.61956195619562,1971.1920100883121,162.44912900704935,1.0,1.0,255
5.62056205620562,1895.4060173910627,157.10882293946133,1.0,1.0,255
5.621562156215622,2307.5892892216257,158.88522398040666,1.0,1.0,255
5.622562256225622,1893.1968303697147,159.07528221978436,1.0,1.0,255
5.623562356235624,2257.6781551489184,155.54221951176115,1.0,1.0,255
5.6245624562456245,2087.5194373186187,155.7534773463252,1.0,1.0,255
5.625562556255626,1505.8876640917542,156.64682909138352,1.0,1.0,255
5.626562656265627,1912.270081129287,157.15801256450192,1.0,1.0,255
5.627562756275627,1866.842314180901,159.16580408965996,1.0,1.0,255
5.628562856285629,2133.2839689825855,158.79383644066246,1.0,1.0,255
5.629562956295629,1957.766948263798,160.26600022627133,1.0,1.0,255
5.630563056305631,1891.21121327459,163.1109389190115,1.0,1.0,255
5.631563156315631,1874.820979181599,165.32390793219648,1.0,1.0,255
5.632563256325633,2191.73064292011,167.36086313703368,1.0,1.0,255
5.6335633563356335,2077.4423829542106,163.61830194903865,1.0,1.0,255
5.634563456345634,2040.2096743054758,162.336931220222,1.0,1.0,255
5.635563556355636,2336.326012263651,156.56277230622527,1.0,1.0,255
5.636563656365636,2500.680873687449,165.58619414212248,1.0,1.0,255
5.637563756375638,1992.747834962323,156.72314972670858,1.0,1.0,255
5.638563856385638,2056.8861107579705,154.62026526992148,1.0,1.0,255
5.63956395639564,1933.7236562135618,155.6790847102129,1.0,1.0,255
5.6405640564056405,2001.1539825313093,155.16381434317302,1.0,1.0,255
5.641564156415642,1897.199194010883,153.39338231890142,1.0,1.0,255
5.642564256425643,1648.4985427383858,160.76256199153772,1.0,1.0,255
5.643564356435643,2127.402996765215,158.65538460506335,1.0,1.0,255
5.644564456445645,1678.634061779803,164.12757421965475,1.0,1.0,255
5.645564556455645,2087.1576747902272,161.33922611445485,1.0,1.0,255
5.646564656465647,2096.138764014986,154.88959435320257,1.0,1.0,255
5.6475647564756475,1806.5901589900045,153.96261994392938,1.0,1.0,255
5.648564856485649,2284.9918311643232,158.49340865473306,1.0,1.0,255
5.64956495649565,2074.796629377532,158.86181142234517,1.0,1.0,255
5.65056505650565,1785.275344932107,156.83969850466445,1.0,1.0,255
5.651565156515652,2385.0381827893916,162.66007249834675,1.0,1.0,255
5.652565256525652,2484.429314302374,165.4417971591677,1.0,1.0,255
5.653565356535654,2050.1109844565285,163.17501745836648,1.0,1.0,255
5.6545654565456545,2108.603003267829,161.81630950292097,1.0,1.0,255
5.655565556555656,1822.5738779229725,160.0360955225641,1.0,1.0,255
5.656565656565657,1969.6951863457853,157.91854097981334,1.0,1.0,255
5.657565756575657,2178.9318717058977,157.8063879798139,1.0,1.0,255
5.658565856585659,1648.5087958875793,164.3008261475525,1.0,1.0,255
5.659565956595659,2280.139552689968,168.62847729639418,1.0,1.0,255
5.660566056605661,2154.1262549750113,170.16598452698003,1.0,1.0,255
5.661566156615661,2297.64703326075,173.1378926389642,1.0,1.0,255
5.662566256625663,1868.2289798178683,161.19465339763133,1.0,1.0,255
5.6635663566356635,2449.345769420614,169.0932949821743,1.0,1.0,255
5.664566456645664,2254.163616853572,172.23749598805418,1.0,1.0,255
5.665566556655666,2353.468573956445,176.1610630300077,1.0,1.0,255
5.666566656665666,1870.289874261717,177.94812029229996,1.0,1.0,255
5.667566756675668,1884.4032690626177,179.16279543123736,1.0,1.0,255
5.668566856685668,1940.3467868342561,181.17911296956274,1.0,1.0,255
5.66956695669567,2007.9988103422018,180.44297696448493,1.0,1.0,255
5.6705670567056705,1788.0393119879227,182.59031107254773,1.0,1.0,255
5.671567156715672,1501.262659955221,188.33327208901082,1.0,1.0,255
5.672567256725673,1586.2703626735647,194.47180144293378,1.0,1.0,255
5.673567356735673,1771.4327609983038,195.80958311998933,1.0,1.0,255
5.674567456745675,1872.7844337179333,198.52350569925824,1.0,1.0,255
5.675567556755675,1912.008896577331,190.40108104954675,1.0,1.0,255
5.676567656765677,1941.3617995239356,189.81924668165382,1.0,1.0,255
5.6775677567756775,2249.71449569391,190.23038287915003,1.0,1.0,255
5.678567856785679,1919.5451745591229,191.09380000831584,1.0,1.0,255
5.67956795679568,2045.6136616914207,189.33686573976337,1.0,1.0,255
5.68056805680568,2206.0689195725226,189.36246839670562,1.0,1.0,255
5.681568156815682,1506.2519920040472,196.73384814025664,1.0,1.0,255
5.682568256825682,1213.2997276811536,210.5532407282314,1.0,1.0,255
5.683568356835684,1880.4185932409644,213.3160212043279,1.0,1.0,255
5.6845684568456845,1798.4847754640846,218.15051918115572,1.0,1.0,255
5.685568556855686,2022.3753343933301,212.89649224801616,1.0,1.0,255
5.686568656865687,1892.423054524988,206.95441368376743,1.0,1.0,255
5.687568756875687,2328.972697504879,211.4688243331114,1.0,1.0,255
5.688568856885689,1998.5197202215559,212.28070771352088,1.0,1.0,255
5.689568956895689,2397.14055152541,216.97799186830034,1.0,1.0,255
5.690569056905691,2103.5095364396375,217.15126224771927,1.0,1.0,255
5.691569156915691,2504.8168683510376,223.27158349495767,1.0,1.0,255
5.692569256925693,1930.9301178397848,217.6229519929297,1.0,1.0,255
5.6935693569356935,2033.749975219404,216.31989255323737,1.0,1.0,255
5.694569456945694,1910.5818503664325,211.68093678150476,1.0,1.0,255
5.695569556955696,1879.5690623750404,214.26640203819946,1.0,1.0,255
5.696569656965696,1907.2537998824296,216.11855076025108,1.0,1.0,255
5.697569756975698,2175.1027476687977,213.83240889342716,1.0,1.0,255
5.698569856985698,2332.3408733782358,214.77938973770534,1.0,1.0,255
5.6995699569957,2055.669159929276,214.39684034874023,1.0,1.0,255
5.7005700570057005,2206.456451973801,212.31147628685838,1.0,1.0,255
5.701570157015702,2102.4937694655887,206.66058802038233,1.0,1.0,255
5.702570257025703,1950.6458578834095,199.87908457666666,1.0,1.0,255
5.703570357035703,2223.7900210462094,203.35266530846027,1.0,1.0,255
5.704570457045705,2224.3297142141364,205.66719952738643,1.0,1.0,255
5.705570557055705,1999.2220542663224,202.13423600051945,1.0,1.0,255
5.706570657065707,2049.2966364724293,200.59407245688377,1.0,1.0,255
5.7075707570757075,1744.8397561178886,204.03863990040801,1.0,1.0,255
5.708570857085709,2134.2523064082284,197.77386194632422,1.0,1.0,255
5.70957095709571,2503.7639049302616,202.24634899113008,1.0,1.0,255
5.71057105710571,1799.5345509510714,205.09313287260844,1.0,1.0,255
5.711571157115712,2193.5343295604052,203.01087879860148,1.0,1.0,255
5.712571257125712,2182.6845950436436,202.1091502958318,1.0,1.0,255
5.713571357135714,2062.566073244169,194.3735563723029,1.0,1.0,255
5.7145714571457145,2302.8714126306472,195.34771228784436,1.0,1.0,255
5.715571557155716,2083.720025856325,189.9527413258419,1.0,1.0,255
5.716571657165717,1844.3350562502935,190.47183768607044,1.0,1.0,255
5.717571757175717,1819.782916554927,191.76424473622424,1.0,1.0,255
5.718571857185719,1712.5362411181518,196.3204556505463,1.0,1.0,255
5.719571957195719,2054.6851255645192,195.65413436868076,1.0,1.0,255
5.720572057205721,2313.6740228719527,195.76840106587827,1.0,1.0,255
5.721572157215721,1681.5235050609808,192.16318416376308,1.0,1.0,255
5.722572257225723,2119.3548667526793,184.35568875228785,1.0,1.0,255
5.7235723572357236,2261.3793211951556,183.09193039615707,1.0,1.0,255
5.724572457245724,1484.0744948280353,190.86612917395504,1.0,1.0,255
5.725572557255726,1811.1640142544684,192.88302682041228,1.0,1.0,255
5.726572657265726,2054.2375398665417,190.87501360822185,1.0,1.0,255
5.727572757275728,2251.5273999685587,190.91127169371487,1.0,1.0,255
5.728572857285728,1991.4223821263247,189.4737275423708,1.0,1.0,255
5.72957295729573,2271.9775493549414,193.90555176329798,1.0,1.0,255
5.7305730573057305,2198.2617353393116,193.7494080786338,1.0,1.0,255
5.731573157315732,2601.424921554584,193.9829463498064,1.0,1.0,255
5.732573257325733,2007.3393734752294,178.10215343392485,1.0,1.0,255
5.733573357335733,2175.4392977003095,177.29931125275033,1.0,1.0,255
5.734573457345735,2094.406285455268,173.23713247113741,1.0,1.0,255
5.735573557355735,2376.467335201867,179.29398586304137,1.0,1.0,255
5.736573657365737,1775.6438916985742,181.62956911956965,1.0,1.0,255
5.7375737573757375,2274.9329940587786,180.54877505064766,1.0,1.0,255
5.738573857385739,2166.941023244947,181.93798991997772,1.0,1.0,255
5.73957395739574,1566.3989443202809,184.58720000306388,1.0,1.0,255
5.74057405740574,1930.9853907992583,185.81730145828598,1.0,1.0,255
5.741574157415742,1924.1214152530047,179.1585357862051,1.0,1.0,255
5.742574257425742,2102.7231525813245,177.91160119462728,1.0,1.0,255
5.743574357435744,1904.3947347435685,180.49870600414405,1.0,1.0,255
5.7445744574457445,1776.8377664757418,183.17358768195788,1.0,1.0,255
5.745574557455746,1885.5184955693092,183.05459901807245,1.0,1.0,255
5.746574657465747,1565.1245138299803,189.89718473912143,1.0,1.0,255
5.747574757475747,1777.9259733625154,192.75661031849523,1.0,1.0,255
5.748574857485749,2302.982483161695,192.16944251416436,1.0,1.0,255
5.749574957495749,1965.5869889025278,193.6643195375283,1.0,1.0,255
5.750575057505751,2229.3627123692568,194.12244474543743,1.0,1.0,255
5.751575157515751,2290.6975120635257,197.88651959739616,1.0,1.0,255
5.752575257525753,2697.0643464503255,208.92072368407082,1.0,1.0,255
5.7535753575357536,2016.365430761773,206.03761464791125,1.0,1.0,255
5.754575457545754,2063.558398910181,202.82218834183212,1.0,1.0,255
5.755575557555756,1970.3208658871895,203.40021210941478,1.0,1.0,255
5.756575657565756,2387.7172168399106,210.1686237167644,1.0,1.0,255
5.757575757575758,2303.634043049193,209.21809970010602,1.0,1.0,255
5.758575857585758,2298.5917270792497,212.5048881135264,1.0,1.0,255
5.75957595759576,2005.5207910095419,204.23919419473037,1.0,1.0,255
5.7605760576057605,2100.239888102946,200.31468297581068,1.0,1.0,255
5.761576157615762,2138.4219955375415,199.21243629535343,1.0,1.0,255
5.762576257625763,2145.645124187877,198.4716468782381,1.0,1.0,255
5.763576357635763,1888.1896554895802,201.37653230356307,1.0,1.0,255
5.764576457645765,1644.7574950042801,204.3439541508646,1.0,1.0,255
5.765576557655765,2277.5129762620754,208.21981315897952,1.0,1.0,255
5.766576657665767,2335.5542888578993,209.89760006114346,1.0,1.0,255
5.7675767576757675,2103.031987125844,206.43389813475886,1.0,1.0,255
5.768576857685769,1576.083535701504,209.1629522430918,1.0,1.0,255
5.76957695769577,2153.334923824665,211.13594820829474,1.0,1.0,255
5.77057705770577,2108.488732171368,207.03224239428303,1.0,1.0,255
5.771577157715772,1765.1324114914617,205.3600642656734,1.0,1.0,255
5.772577257725772,1951.4608619074638,205.8637496924705,1.0,1.0,255
5.773577357735774,2033.6954818026766,201.88225363251382,1.0,1.0,255
5.7745774577457745,2396.0196273449997,197.56413607597457,1.0,1.0,255
5.775577557755776,1601.8733864369292,201.74994863232533,1.0,1.0,255
5.776577657765777,2006.7810424668876,202.4495769856567,1.0,1.0,255
5.777577757775777,2260.2698191170844,202.62442536862727,1.0,1.0,255
5.778577857785779,1510.4886336681432,212.2431003377909,1.0,1.0,255
5.779577957795779,2187.4943473090075,210.55343629687223,1.0,1.0,255
5.780578057805781,2453.5564912239856,215.6593314145657,1.0,1.0,255
5.781578157815781,1915.8622630383402,207.2335877227073,1.0,1.0,255
5.782578257825783,2149.059327245267,208.44156173711724,1.0,1.0,255
5.783578357835784,2225.2289839385344,209.43735546188174,1.0,1.0,255
5.784578457845784,1752.6841117679498,214.41554751741737,1.0,1.0,255
5.785578557855786,1941.8617808157735,209.9689651970645,1.0,1.0,255
5.786578657865786,2163.667900525942,206.83520104155482,1.0,1.0,255
5.787578757875788,2149.6814008393694,204.33016917716668,1.0,1.0,255
5.788578857885788,1837.7655818653311,206.1560370749611,1.0,1.0,255
5.78957895789579,2293.250109125507,201.42901814387685,1.0,1.0,255
5.7905790579057905,2292.7413372100245,203.98355270406262,1.0,1.0,255
5.791579157915792,1931.2044528466351,203.8418919521899,1.0,1.0,255
5.792579257925793,1829.6540620058759,207.11434766044593,1.0,1.0,255
5.793579357935793,2215.7604684361186,207.59745172403964,1.0,1.0,255
5.794579457945795,2385.3159765721357,208.92052658499722,1.0,1.0,255
5.795579557955795,2149.638464175105,207.7036657798855,1.0,1.0,255
5.796579657965797,2712.7001426718243,211.3401589099216,1.0,1.0,255
5.7975797579757975,1894.9772930983793,208.99913251520428,1.0,1.0,255
5.798579857985799,2201.7661313456524,206.97480547888347,1.0,1.0,255
5.7995799579958,2003.4977366865157,206.2165905232037,1.0,1.0,255
5.8005800580058,2431.3241687279055,210.25581965037668,1.0,1.0,255
5.801580158015802,2694.0931076376887,218.32373156185997,1.0,1.0,255
5.802580258025802,2125.1562248133378,206.88556912912026,1.0,1.0,255
5.803580358035804,2357.7802916432183,212.44848357722012,1.0,1.0,255
5.8045804580458045,2253.84655810356,216.25424676108764,1.0,1.0,255
5.805580558055806,2515.93472825803,224.05935864399208,1.0,1.0,255
5.806580658065807,1848.9419377002696,221.24617555318844,1.0,1.0,255
5.807580758075807,2062.8897280675214,216.43128925355498,1.0,1.0,255
5.808580858085809,1858.236510139096,215.2147245091881,1.0,1.0,255
5.809580958095809,2385.7714885694777,221.12057010076845,1.0,1.0,255
5.810581058105811,2565.0495986316296,230.4167643113421,1.0,1.0,255
5.811581158115811,2367.3183945803517,234.9946922921983,1.0,1.0,255
5.812581258125813,2308.334201796283,238.24847384436637,1.0,1.0,255
5.813581358135814,1566.0836569314483,244.69059381552898,1.0,1.0,255
5.814581458145814,1694.5935383697629,243.69387294821934,1.0,1.0,255
5.815581558155816,2377.0009578623535,245.68363258022492,1.0,1.0,255
5.816581658165816,2082.159266411171,240.6157321312904,1.0,1.0,255
5.817581758175818,1953.064805100412,241.4137962867652,1.0,1.0,255
5.818581858185818,1904.6257826675956,234.8429513474434,1.0,1.0,255
5.81958195819582,1853.0019142710796,236.6362145855285,1.0,1.0,255
5.8205820582058205,1895.0820623911877,238.48479869427737,1.0,1.0,255
5.821582158215822,2166.4997361945475,235.1974416479976,1.0,1.0,255
5.822582258225823,2343.4330892040307,239.1753206702275,1.0,1.0,255
5.823582358235823,1916.137729070714,241.52647572486677,1.0,1.0,255
5.824582458245825,2306.6793640174897,239.73967045831657,1.0,1.0,255
5.825582558255825,1549.1932660057375,240.79327286694047,1.0,1.0,255
5.826582658265827,2311.1077826371557,245.23104936902126,1.0,1.0,255
5.8275827582758275,2238.4781485928106,244.79521595853578,1.0,1.0,255
5.828582858285829,1898.78935010725,237.02920162975366,1.0,1.0,255
5.82958295829583,2086.5082453114164,235.00947958980186,1.0,1.0,255
5.83058305830583,1947.1157412698742,228.91603493992466,1.0,1.0,255
5.831583158315832,1368.4205257462606,239.86486968576625,1.0,1.0,255
5.832583258325832,2070.853266660996,238.3007484740808,1.0,1.0,255
5.833583358335834,1931.1849121694138,237.09247055192182,1.0,1.0,255
5.8345834583458345,1886.8726655330913,234.408699476619,1.0,1.0,255
5.835583558355836,2152.7608169275495,234.38115143148545,1.0,1.0,255
5.836583658365837,1980.9231431267551,233.40933055843158,1.0,1.0,255
5.837583758375837,1798.165354666244,236.37239544831928,1.0,1.0,255
5.838583858385839,1975.8271868101056,233.61116334942378,1.0,1.0,255
5.839583958395839,2081.820379739782,229.38256876170925,1.0,1.0,255
5.840584058405841,2157.5629314431953,226.67900064637263,1.0,1.0,255
5.841584158415841,1511.8235292944705,235.06661911741594,1.0,1.0,255
5.842584258425843,2170.699457854141,233.1536895146163,1.0,1.0,255
5.843584358435844,1949.8905019637082,231.7606701066198,1.0,1.0,255
5.844584458445844,2498.3684552489126,234.02171968015534,1.0,1.0,255
5.845584558455846,2274.5118696378104,236.51918778940941,1.0,1.0,255
5.846584658465846,2117.2315066216743,224.60981506840642,1.0,1.0,255
5.847584758475848,1978.4717736698904,222.9399254569762,1.0,1.0,255
5.848584858485848,2023.1243610582778,220.3621156088976,1.0,1.0,255
5.84958495849585,2248.061948518596,223.47330931299985,1.0,1.0,255
5.8505850585058505,2011.7316818593881,216.53219230125393,1.0,1.0,255
5.851585158515852,2492.546879567975,212.50126773985968,1.0,1.0,255
5.852585258525853,2261.4593547808095,215.22733033920912,1.0,1.0,255
5.853585358535853,1840.867642105834,213.17437166422806,1.0,1.0,255
5.854585458545855,1698.4910132724447,216.04762023670796,1.0,1.0,255
5.855585558555855,1913.6841619688419,209.3752424321705,1.0,1.0,255
5.856585658565857,2267.950103080808,209.79308324779205,1.0,1.0,255
5.8575857585758575,2228.528738924706,213.1058634649357,1.0,1.0,255
5.858585858585859,2549.710000318379,219.34479367408522,1.0,1.0,255
5.85958595859586,1956.415558290159,214.42105273689253,1.0,1.0,255
5.86058605860586,1856.157266497968,207.91691543430053,1.0,1.0,255
5.861586158615862,1995.9653550676203,202.57124044134113,1.0,1.0,255
5.862586258625862,2017.5935747772523,197.97268490987037,1.0,1.0,255
5.863586358635864,1992.9779416046322,189.43479921640676,1.0,1.0,255
5.8645864586458645,1978.6715603184332,183.75323877743332,1.0,1.0,255
5.865586558655866,2010.1679088623637,177.92986144293903,1.0,1.0,255
5.866586658665867,1887.4944726576555,180.45678666156252,1.0,1.0,255
5.867586758675867,2019.3265445216512,179.13155187313768,1.0,1.0,255
5.868586858685869,2132.466030051467,177.953388127519,1.0,1.0,255
5.869586958695869,1931.6136088053704,176.38115423683314,1.0,1.0,255
5.870587058705871,2219.564386403799,176.75408321273292,1.0,1.0,255
5.8715871587158714,2131.1916331988846,176.0479211528197,1.0,1.0,255
5.872587258725873,2045.2013298682987,170.19523277137304,1.0,1.0,255
5.873587358735874,2235.472357980894,171.30743451240528,1.0,1.0,255
5.874587458745874,2380.8616150781368,172.79107953361813,1.0,1.0,255
5.875587558755876,1836.8453365843886,167.03803812204512,1.0,1.0,255
5.876587658765876,2023.2296967220777,162.27128853486047,1.0,1.0,255
5.877587758775878,2192.4260395968367,161.350246354941,1.0,1.0,255
5.878587858785878,1519.353971384019,168.93895392940559,1.0,1.0,255
5.87958795879588,1928.105176609013,170.566685490997,1.0,1.0,255
5.8805880588058805,2241.3593338531487,172.41618699345744,1.0,1.0,255
5.881588158815882,2447.7194457148166,166.81898642267896,1.0,1.0,255
5.882588258825883,1937.8984855767212,168.56395137792464,1.0,1.0,255
5.883588358835883,2301.3787659073455,171.2952249394598,1.0,1.0,255
5.884588458845885,1516.9944662996375,178.6927889241289,1.0,1.0,255
5.885588558855885,1538.1003718291677,186.79556514899457,1.0,1.0,255
5.886588658865887,1696.0250030386699,192.49352795075626,1.0,1.0,255
5.8875887588758875,2123.6694062092247,189.01022316826567,1.0,1.0,255
5.888588858885889,2084.207875953646,188.29092442354064,1.0,1.0,255
5.88958895889589,2146.4678592082214,189.58387401290946,1.0,1.0,255
5.89058905890589,2147.1900254055295,189.3764158921561,1.0,1.0,255
5.891589158915892,2021.1289673296758,179.190307131452,1.0,1.0,255
5.892589258925892,1981.3387103316581,178.069543767736,1.0,1.0,255
5.893589358935894,2122.975139941987,177.60685660584994,1.0,1.0,255
5.8945894589458945,2357.1665715963836,174.78281893279936,1.0,1.0,255
5.895589558955896,2520.641656361002,179.7054146672632,1.0,1.0,255
5.896589658965897,2196.80523185279,181.29688917188548,1.0,1.0,255
5.897589758975897,1840.0256525940313,184.06581159340269,1.0,1.0,255
5.898589858985899,2173.0453566878373,186.069205948325,1.0,1.0,255
5.899589958995899,2100.0612451536167,183.10919188102537,1.0,1.0,255
5.900590059005901,2300.382816479305,187.43148184779926,1.0,1.0,255
5.9015901590159014,1993.9978730621717,179.62058679519632,1.0,1.0,255
5.902590259025903,2168.493443512107,177.7612685698223,1.0,1.0,255
5.903590359035904,2305.528406013089,178.76918953220076,1.0,1.0,255
5.904590459045904,1890.727824794353,174.9244533017626,1.0,1.0,255
5.905590559055906,2000.235363918863,173.19342926276218,1.0,1.0,255
5.906590659065906,2076.9095841324156,169.37261888379436,1.0,1.0,255
5.907590759075908,1994.7972744386934,166.82609861652637,1.0,1.0,255
5.908590859085908,2197.275021131764,159.77739903279402,1.0,1.0,255
5.90959095909591,2074.2601249528743,158.47091269765468,1.0,1.0,255
5.9105910591059105,2048.5589860705386,154.64523774902483,1.0,1.0,255
5.911591159115912,1988.727550538879,154.78999383959967,1.0,1.0,255
5.912591259125913,2137.3435869631357,155.9687370744074,1.0,1.0,255
5.913591359135913,2146.398197399048,156.83625985448103,1.0,1.0,255
5.914591459145915,1957.6051210876847,157.25758863909599,1.0,1.0,255
5.915591559155915,1837.4302881890599,160.71234105256207,1.0,1.0,255
5.916591659165917,2207.9901936598485,160.70203437891215,1.0,1.0,255
5.9175917591759175,1998.5060160817586,161.11844494771,1.0,1.0,255
5.918591859185919,2175.5343336713127,161.97981102010692,1.0,1.0,255
5.91959195919592,2256.7419355333295,163.82692190688093,1.0,1.0,255
5.92059205920592,2119.2726924846324,161.82108802849763,1.0,1.0,255
5.921592159215922,2146.7211390621187,162.1316781457623,1.0,1.0,255
5.922592259225922,2417.6166576464902,169.46803789605804,1.0,1.0,255
5.923592359235924,2167.3183753587805,168.1049582436158,1.0,1.0,255
5.9245924592459245,2362.0114705159967,167.72795535237296,1.0,1.0,255
5.925592559255926,2130.8009708743853,165.16088150154846,1.0,1.0,255
5.926592659265927,2132.655269565058,166.35858082729115,1.0,1.0,255
5.927592759275927,2098.4972720949313,164.48000547725303,1.0,1.0,255
5.928592859285929,2407.023906732099,161.08756303957543,1.0,1.0,255
5.929592959295929,1800.3057873448963,163.64355082485775,1.0,1.0,255
5.930593059305931,2285.5144850898996,164.52665384959278,1.0,1.0,255
5.9315931593159315,1973.669809765789,158.0188687399807,1.0,1.0,255
5.932593259325933,1924.0271800629785,158.29629485025555,1.0,1.0,255
5.933593359335934,1769.540744667165,158.79790463876532,1.0,1.0,255
5.934593459345934,2171.316742102515,150.64412880680837,1.0,1.0,255
5.935593559355936,2005.5144998042822,141.29584624730606,0.999,0.995,254
5.936593659365936,1934.527514866853,136.52579601074243,0.998,0.99,253
5.937593759375938,2164.0154738019537,137.332717362597,0.997,0.985,252
5.938593859385938,1898.1598903159634,139.60536203720483,0.996,0.98,251
5.93959395939594,1602.8130195017825,146.53974446300475,0.995,0.975,251
5.9405940594059405,1586.1361637930868,153.79322067903243,0.996,0.98,251
5.941594159415942,1838.2884559098607,157.45003090742873,0.997,0.985,252
5.942594259425943,2242.4482838344875,160.00577079075165,0.998,0.99,253
5.943594359435943,2043.775342133232,158.59076114924727,0.999,0.995,254
5.944594459445945,1875.4173415104426,155.85908288711073,1.0,1.0,255
5.945594559455945,2006.0815144114447,147.2446194716618,0.999,0.995,254
5.946594659465947,2126.1456985699056,145.8314288060041,0.998,0.99,253
5.9475947594759475,1709.4508650746236,148.44292455639226,0.997,0.985,252
5.948594859485949,2144.743807050186,147.87689356363924,0.996,0.98,251
5.94959495949595,2081.265346749626,147.50097559555942,0.995,0.975,251
5.95059505950595,1697.1086250365036,149.47114676524328,0.994,0.97,250
5.951595159515952,1906.4886109021786,151.22133200844314,0.995,0.975,251
5.952595259525952,1822.7530713435012,153.31640171133094,0.996,0.98,251
5.953595359535954,2105.447953205584,149.31479265518084,0.995,0.975,251
5.9545954595459545,2646.1243058624027,158.131835268316,0.996,0.98,251
5.955595559555956,1878.9276280158697,160.55798998637584,0.997,0.985,252
5.956595659565957,2167.8113013442407,162.37602433061235,0.998,0.99,253
5.957595759575957,1967.7943203454793,162.91608341247667,0.999,0.995,254
5.958595859585959,2358.6782170611177,166.14414733106372,1.0,1.0,255
5.959595959595959,1784.6691677950387,170.88556147610547,1.0,1.0,255
5.960596059605961,1858.5063542540702,174.66425466961326,1.0,1.0,255
5.9615961596159615,1896.705560095212,176.5046944784866,1.0,1.0,255
5.962596259625963,1827.509114032383,179.1276404585762,1.0,1.0,255
5.963596359635964,2326.6156979999673,182.73199047059458,1.0,1.0,255
5.964596459645964,2262.159443509574,185.2072817625398,1.0,1.0,255
5.965596559655966,1865.428293199318,184.64732166233466,1.0,1.0,255
5.966596659665966,2211.3708203959854,184.71493419705737,1.0,1.0,255
5.967596759675968,2325.5951471321437,189.2769574613354,1.0,1.0,255
5.968596859685968,2182.279278173344,189.41185635137606,1.0,1.0,255
5.96959695969597,2358.075254478243,191.43852273027431,1.0,1.0,255
5.9705970597059705,2062.906745079927,190.31120378218017,1.0,1.0,255
5.971597159715972,1906.8584943497335,191.15961111394313,1.0,1.0,255
5.972597259725973,2083.134085802192,184.46995967705715,1.0,1.0,255
5.973597359735973,2203.049620859076,185.18458458706309,1.0,1.0,255
5.974597459745975,2365.1735985310165,185.2478271473635,1.0,1.0,255
5.975597559755975,2215.1050819940106,186.93390936975595,1.0,1.0,255
5.976597659765977,2109.5435995499315,186.47167596945346,1.0,1.0,255
5.9775977597759775,2031.8081128190295,185.78556827117424,1.0,1.0,255
5.978597859785979,2147.448031105415,180.59405075864052,1.0,1.0,255
5.97959795979598,1772.5183050337325,181.14980040486378,1.0,1.0,255
5.98059805980598,2031.7137652436336,176.72523539819315,1.0,1.0,255
5.981598159815982,2077.455271653896,175.82773702658687,1.0,1.0,255
5.982598259825982,2026.2755512301308,173.78276960324382,1.0,1.0,255
5.983598359835984,2186.0300244436876,170.97418498546088,1.0,1.0,255
5.9845984598459845,2016.8976038116057,169.1298980671785,1.0,1.0,255
5.985598559855986,2307.7660944475883,173.47550995221587,1.0,1.0,255
5.986598659865987,2042.2463078323578,171.32113409290577,1.0,1.0,255
5.987598759875987,1726.1678765705144,175.4374670854564,1.0,1.0,255
5.988598859885989,2220.442769639708,175.8895202845698,1.0,1.0,255
5.989598959895989,1771.1489081151442,172.52280251230258,1.0,1.0,255
5.990599059905991,2086.72108679974,164.0599475241591,1.0,1.0,255
5.9915991599159915,2086.6269962377255,160.63825656711086,1.0,1.0,255
5.992599259925993,1816.2481212683597,161.3843284650539,1.0,1.0,255
5.993599359935994,1880.9671756779023,164.6404917941605,1.0,1.0,255
5.994599459945994,2345.08356449991,167.13050991436756,1.0,1.0,255
5.995599559955996,1954.8422306466964,168.15529558966253,1.0,1.0,255
5.996599659965996,2009.0206186128619,167.37196924600718,1.0,1.0,255
5.997599759975998,2110.427120325298,161.84952895400562,1.0,1.0,255
5.998599859985998,2072.7507965265863,160.40966874353362,1.0,1.0,255
5.999599959996,2406.3015662544,166.9103931336291,1.0,1.0,255
6.0006000600060005,2120.810199821788,161.34876963079495,1.0,1.0,255
6.001600160016002,2048.8115623141666,158.53477309512184,1.0,1.0,255
6.002600260026003,2003.1574301959756,154.9266859180724,1.0,1.0,255
6.003600360036003,1506.8284144292238,164.6011585653762,1.0,1.0,255
6.004600460046005,1962.502714700538,154.3486181541174,1.0,1.0,255
6.005600560056005,2324.9592857301473,156.5063564290377,1.0,1.0,255
6.006600660066007,2166.3788901016524,156.47770820418594,1.0,1.0,255
6.0076007600760075,2534.4554721573195,164.6027040542419,1.0,1.0,255
6.008600860086009,2197.60071192217,161.38115395146295,1.0,1.0,255
6.00960096009601,2628.92794587665,167.7330962248967,1.0,1.0,255
6.01060106010601,2029.03501431994,164.32252302357935,1.0,1.0,255
6.011601160116012,1828.951413238167,165.6776059607202,1.0,1.0,255
6.012601260126012,2284.3118813332335,165.99402586803254,1.0,1.0,255
6.013601360136014,2220.599914914815,163.87371020632952,1.0,1.0,255
6.0146014601460145,2027.4160884419152,160.00219956729973,1.0,1.0,255
6.015601560156016,2226.991064027782,159.93058671184176,1.0,1.0,255
6.016601660166017,2253.337718131947,160.76992466656094,1.0,1.0,255
6.017601760176017,2284.5528247523425,159.94907821896493,1.0,1.0,255
6.018601860186019,2139.3639482740214,159.09077162097844,1.0,1.0,255
6.019601960196019,2045.4801949256475,152.93966263290065,1.0,1.0,255
6.020602060206021,1741.5358227339589,158.77081127662296,1.0,1.0,255
6.0216021602160215,1967.7488011599005,157.5530051404196,1.0,1.0,255
6.022602260226023,2343.475314478503,162.75982971394583,1.0,1.0,255
6.023602360236024,2106.208745382414,160.82301220441255,1.0,1.0,255
6.024602460246024,2108.815848740137,155.695857208595,1.0,1.0,255
6.025602560256026,2382.0767073530246,159.0352897157753,1.0,1.0,255
6.026602660266026,2189.7341071708834,160.6390998681943,1.0,1.0,255
6.027602760276028,2172.3982023432786,162.80322617144049,1.0,1.0,255
6.028602860286028,2325.6699093186876,166.36766373570595,1.0,1.0,255
6.02960296029603,1915.5457358159729,163.50711512006114,1.0,1.0,255
6.0306030603060305,2239.538242596894,167.01215527687168,1.0,1.0,255
6.031603160316032,2171.949673975507,168.90204332330393,1.0,1.0,255
6.032603260326033,2274.701330006899,173.0015809480445,1.0,1.0,255
6.033603360336033,2032.4298801921025,170.5523828553287,1.0,1.0,255
6.034603460346035,2192.3738445215404,172.8178118219916,1.0,1.0,255
6.035603560356035,2183.417460165827,170.33083913635636,1.0,1.0,255
6.036603660366037,2179.637877174187,172.8485228364873,1.0,1.0,255
6.0376037603760375,2331.1957781040205,172.07579592997797,1.0,1.0,255
6.038603860386039,1962.38383573856,170.33926382241265,1.0,1.0,255
6.03960396039604,2186.3570991075962,167.56938396686743,1.0,1.0,255
6.04060406040604,2126.0827772851153,168.35661777657492,1.0,1.0,255
6.041604160416042,2546.9493888058155,177.56306562793674,1.0,1.0,255
6.042604260426042,2162.9944727889165,175.22791750908226,1.0,1.0,255
6.043604360436044,2022.8862317265643,172.389536388109,1.0,1.0,255
6.0446044604460445,2246.8623111570946,170.4251113212527,1.0,1.0,255
6.045604560456046,2017.1481305003817,169.178993324179,1.0,1.0,255
6.046604660466047,2063.9093533219198,168.7175927628746,1.0,1.0,255
6.047604760476047,1520.9336042514844,178.01037827133896,1.0,1.0,255
6.048604860486049,2012.9977011276917,178.21540831825342,1.0,1.0,255
6.049604960496049,1854.921850188038,174.91093998940462,1.0,1.0,255
6.050605060506051,2193.9963387390712,176.37466276775027,1.0,1.0,255
6.0516051605160515,2047.5003222469156,176.36842507652867,1.0,1.0,255
6.052605260526053,2318.176682112546,180.87510732269908,1.0,1.0,255
6.053605360536054,1815.938525031079,174.69290511066202,1.0,1.0,255
6.054605460546054,2490.153146927441,181.82602234322158,1.0,1.0,255
6.055605560556056,2192.406449089979,179.1749656104183,1.0,1.0,255
6.056605660566056,2045.374025576422,176.8599072968568,1.0,1.0,255
6.057605760576058,1836.0500249677502,171.36979735435537,1.0,1.0,255
6.058605860586058,2094.351235885095,169.3048078336139,1.0,1.0,255
6.05960596059606,2133.2045655989623,159.39034022806013,1.0,1.0,255
6.0606060606060606,1796.053102375178,164.0499784669554,1.0,1.0,255
6.061606160616062,1697.2745036127633,166.68351665946346,1.0,1.0,255
6.062606260626063,1626.6270760055295,170.3847375126882,1.0,1.0,255
6.063606360636063,1955.7441796256526,168.77785562187884,1.0,1.0,255
6.064606460646065,2247.0593259135926,172.347363908989,1.0,1.0,255
6.065606560656065,2035.4033026532284,169.0194765753688,1.0,1.0,255
6.066606660666067,2183.8036418071624,167.62879504887306,1.0,1.0,255
6.0676067606760675,2440.6367980395516,170.75047451461728,1.0,1.0,255
6.068606860686069,2246.1318994161943,172.8858335374607,1.0,1.0,255
6.06960696069607,1621.140344813141,181.37263053971088,1.0,1.0,255
6.07060706070607,2080.2787600376973,175.888922195144,1.0,1.0,255
6.071607160716072,1861.7440890199725,178.00901643794256,1.0,1.0,255
6.072607260726072,2172.1108517707726,174.58172718378796,1.0,1.0,255
6.073607360736074,2050.6742687767505,173.47103765167466,1.0,1.0,255
6.0746074607460745,2225.261414456891,175.79994896600977,1.0,1.0,255
6.075607560756076,2250.9389506718494,173.17719383238625,1.0,1.0,255
6.076607660766077,1972.7304336887032,171.84790301519453,1.0,1.0,255
6.077607760776077,2063.240343659707,169.6647458415231,1.0,1.0,255
6.078607860786079,1729.0934559726206,170.48947853569692,1.0,1.0,255
6.079607960796079,2201.16971325488,170.90378751711395,1.0,1.0,255
6.080608060806081,1617.4183109115313,175.6846564469454,1.0,1.0,255
6.0816081608160815,2063.513235859902,173.5159276846333,1.0,1.0,255
6.082608260826083,2063.1631596833195,169.28516427816174,1.0,1.0,255
6.083608360836084,1890.6611524205362,172.12053883359306,1.0,1.0,255
6.084608460846084,1991.1430256142844,170.3702014308766,1.0,1.0,255
6.085608560856086,2326.352368531855,173.22889959819716,1.0,1.0,255
6.086608660866086,1917.6317372936464,173.2035073088405,1.0,1.0,255
6.087608760876088,2611.0660625753444,178.80091299826694,1.0,1.0,255
6.088608860886088,1941.5849951992866,179.21688980905245,1.0,1.0,255
6.08960896089609,2552.471605749297,186.53917994188643,1.0,1.0,255
6.0906090609060906,1945.490774091468,187.02770891435478,1.0,1.0,255
6.091609160916092,2405.1602280013517,184.19192569826552,1.0,1.0,255
6.092609260926093,2043.1232237611678,181.9895717672638,1.0,1.0,255
6.093609360936093,2349.9938512432414,187.52717342665994,1.0,1.0,255
6.094609460946095,2358.817598623844,189.76627917599492,1.0,1.0,255
6.095609560956095,1759.658221314986,194.91607735970283,1.0,1.0,255
6.096609660966097,2167.8007042337763,196.99390437793994,1.0,1.0,255
6.0976097609760975,2123.6807068573075,187.96619060011577,1.0,1.0,255
6.098609860986099,1932.0571081045432,189.58500246057875,1.0,1.0,255
6.0996099609961,1824.3425219298042,190.19658902574338,1.0,1.0,255
6.1006100610061,1470.4965707709098,198.8267308355438,1.0,1.0,255
6.101610161016102,2258.275308579155,203.02224345206523,1.0,1.0,255
6.102610261026102,2144.8329950900115,199.55536971161456,1.0,1.0,255
6.103610361036104,2480.5817005719437,203.56577422367502,1.0,1.0,255
6.1046104610461045,2162.9904254338217,197.02251979380264,1.0,1.0,255
6.105610561056106,1883.9010729253537,197.41636935349598,1.0,1.0,255
6.106610661066107,2285.8587550632124,202.1210249662887,1.0,1.0,255
6.107610761076107,1786.6430367921644,203.10916472980043,1.0,1.0,255
6.108610861086109,1729.2940558825485,208.55625889444752,1.0,1.0,255
6.109610961096109,2046.426420056917,206.88363918132995,1.0,1.0,255
6.110611061106111,1957.6843927719585,203.6510133733943,1.0,1.0,255
6.1116111611161115,1811.50732213296,201.36635700299038,1.0,1.0,255
6.112611261126113,2102.2343191421564,194.0235849059441,1.0,1.0,255
6.113611361136114,2325.5184168486735,197.72883683543063,1.0,1.0,255
6.114611461146114,1742.7803189339904,199.85204393847897,1.0,1.0,255
6.115611561156116,1586.6128912555087,208.82785216643336,1.0,1.0,255
6.116611661166116,2398.4789900048327,213.12135913038676,1.0,1.0,255
6.117611761176118,2128.086262745329,206.8703484245023,1.0,1.0,255
6.118611861186118,2281.773411472303,207.5831786656245,1.0,1.0,255
6.11961196119612,2167.44240637687,201.4348336894247,1.0,1.0,255
6.120612061206121,2724.370941665896,214.3166773219887,1.0,1.0,255
6.121612161216122,2462.886466631562,218.88928843501938,1.0,1.0,255
6.122612261226123,1982.9144231281166,217.70878293704158,1.0,1.0,255
6.123612361236123,2207.1213016465613,220.83772359443776,1.0,1.0,255
6.124612461246125,2604.75923656869,228.42768003667376,1.0,1.0,255
6.125612561256125,2092.4589041353315,225.2580791059434,1.0,1.0,255
6.126612661266127,2238.9775665612515,227.57223911094255,1.0,1.0,255
6.1276127612761275,2113.8057583875757,228.58354740549987,1.0,1.0,255
6.128612861286129,2465.9472038489944,230.56436060193224,1.0,1.0,255
6.12961296129613,1976.8689103584768,228.92358812966512,1.0,1.0,255
6.13061306130613,2195.4894249550093,223.26174284699587,1.0,1.0,255
6.131613161316132,2304.1992970904657,228.0754640716072,1.0,1.0,255
6.132613261326132,2035.3214062310478,228.02577275331984,1.0,1.0,255
6.133613361336134,2162.4252704826117,227.1675012113828,1.0,1.0,255
6.1346134613461345,2146.3537991493386,227.99743770665526,1.0,1.0,255
6.135613561356136,1790.8664998293693,227.57306033943078,1.0,1.0,255
6.136613661366137,2149.3757033355178,226.99320915201406,1.0,1.0,255
6.137613761376137,2512.66507480691,225.02518939664537,1.0,1.0,255
6.138613861386139,1705.3375256500244,229.7501387876306,1.0,1.0,255
6.139613961396139,2584.5598131140105,230.39190293492484,1.0,1.0,255
6.140614061406141,1966.2711081535494,229.97629625368322,1.0,1.0,255
6.1416141614161415,1834.06265314099,227.11183863083633,1.0,1.0,255
6.142614261426143,2267.0810979178405,231.3959250644165,1.0,1.0,255
6.143614361436144,2323.927377624097,230.87459559203361,1.0,1.0,255
6.144614461446144,1988.8395230756585,225.84145315804355,1.0,1.0,255
6.145614561456146,2081.151856145158,220.73765470724646,1.0,1.0,255
6.146614661466146,2244.158935027709,222.26481932312512,1.0,1.0,255
6.147614761476148,2287.4319432579487,225.53984405113795,1.0,1.0,255
6.148614861486148,1937.404343183901,225.43289934955078,1.0,1.0,255
6.14961496149615,1947.637083879682,222.96700811055322,1.0,1.0,255
6.150615061506151,1498.9449878471883,222.39803976902772,1.0,1.0,255
6.151615161516152,1779.2937790837339,223.56665801576995,1.0,1.0,255
6.152615261526153,2222.631636705204,225.12263084807378,1.0,1.0,255
6.153615361536153,2299.0237414417443,221.4914716654698,1.0,1.0,255
6.154615461546155,2487.530143266931,227.982266022132,1.0,1.0,255
6.155615561556155,2228.8616213136256,228.31751990691154,1.0,1.0,255
6.156615661566157,2600.6513176970725,234.61337115958878,1.0,1.0,255
6.1576157615761575,2179.2985623071,232.01220314157408,1.0,1.0,255
6.158615861586159,2076.203753621649,226.20215933165798,1.0,1.0,255
6.15961596159616,1875.1920552917372,229.62684662696157,1.0,1.0,255
6.16061606160616,1792.314367117407,232.9342471400526,1.0,1.0,255
6.161616161616162,1569.819231882956,237.76800894505266,1.0,1.0,255
6.162616261626162,1940.5015342106717,238.83329187799617,1.0,1.0,255
6.163616361636164,1835.9745656957023,237.52343222710863,1.0,1.0,255
6.1646164616461645,1735.5016926602548,237.66900475258336,1.0,1.0,255
6.165616561656166,2340.8833048967076,234.29892867562765,1.0,1.0,255
6.166616661666167,2206.1670727225137,230.45269032998124,1.0,1.0,255
6.167616761676167,1692.8598962290898,235.95376715049292,1.0,1.0,255
6.168616861686169,2436.1316443944233,239.04093180893528,1.0,1.0,255
6.169616961696169,1826.775238664797,241.076578908102,1.0,1.0,255
6.170617061706171,1911.8211879871524,230.27273631504093,1.0,1.0,255
6.1716171617161715,2465.9595059882568,230.33419710217487,1.0,1.0,255
6.172617261726173,2549.757582283914,239.06763721041548,1.0,1.0,255
6.173617361736174,2105.349302237699,237.0321972222382,1.0,1.0,255
6.174617461746175,1865.381718412013,229.54937812262423,1.0,1.0,255
6.175617561756176,2321.50920423603,234.1303841246382,1.0,1.0,255
6.176617661766176,1906.4969313382467,233.14089416664825,1.0,1.0,255
6.177617761776178,1827.345097050427,236.23787705788814,1.0,1.0,255
6.1786178617861784,1936.5907994907745,230.10711699109277,1.0,1.0,255
6.17961796179618,2386.075332461296,235.44600184748822,1.0,1.0,255
6.180618061806181,2050.423817402361,232.54468969643528,1.0,1.0,255
6.181618161816182,1938.5567489973532,229.6095687746789,1.0,1.0,255
6.182618261826183,1511.3285398260807,240.08942610277825,1.0,1.0,255
6.183618361836183,1938.7071250611868,239.98677819190232,1.0,1.0,255
6.184618461846185,2167.9039900949283,240.41778201081408,1.0,1.0,255
6.185618561856185,2435.791152856149,243.0309350645244,1.0,1.0,255
6.186618661866187,1826.7640030404075,245.4281409370059,1.0,1.0,255
6.1876187618761875,1774.3412744490395,241.60801395188693,1.0,1.0,255
6.188618861886189,1759.087141711062,240.53302163066618,1.0,1.0,255
6.18961896189619,2197.6654664075722,232.79513469653742,1.0,1.0,255
6.19061906190619,2449.0423952700285,239.181404765009,1.0,1.0,255
6.191619161916192,2378.5735035915554,241.5141278996599,1.0,1.0,255
6.192619261926192,1627.4501116768695,245.54350370776567,1.0,1.0,255
6.193619361936194,2295.349190986811,244.97193997502,1.0,1.0,255
6.1946194619461945,2328.8201636351278,249.4051337092357,1.0,1.0,255
6.195619561956196,2243.581316503627,252.65372291640506,1.0,1.0,255
6.196619661966197,1919.220699604964,251.30613022375158,1.0,1.0,255
6.197619761976197,1784.779318701658,251.78190498455942,1.0,1.0,255
6.198619861986199,2161.0964216439634,251.83192028111668,1.0,1.0,255
6.199619961996199,1784.3861994334015,255.09693797004232,1.0,1.0,255
6.200620062006201,2178.329529168227,246.72242831035067,1.0,1.0,255
6.2016201620162015,1920.3767421400971,243.90076904922336,1.0,1.0,255
6.202620262026203,2553.1206279887115,250.51054887489354,1.0,1.0,255
6.203620362036204,1812.7550634475165,250.19497277710826,1.0,1.0,255
6.204620462046205,2154.2799430261553,243.5299687722928,1.0,1.0,255
6.205620562056206,2175.9018266844196,242.47077287970865,1.0,1.0,255
6.206620662066206,2575.1751691635295,241.96124990903775,1.0,1.0,255
6.207620762076208,1704.058408476687,246.21411049336203,1.0,1.0,255
6.2086208620862084,2278.289606823523,250.25582755739953,1.0,1.0,255
6.20962096209621,2489.729056667615,255.63424979658654,1.0,1.0,255
6.210621062106211,2168.63932870888,252.9333237131123,1.0,1.0,255
6.211621162116212,2136.0819034907718,245.13134642058685,1.0,1.0,255
6.212621262126213,1795.054375591536,248.04028959296957,1.0,1.0,255
6.213621362136213,1645.6135353282689,251.8475102003182,1.0,1.0,255
6.214621462146215,2122.641005766928,247.09036416886184,1.0,1.0,255
6.215621562156215,2166.4984139697244,243.6026663503222,1.0,1.0,255
6.216621662166217,1913.8495216044578,243.12233446378278,1.0,1.0,255
6.2176217621762175,1941.6069475954603,238.14739343645536,1.0,1.0,255
6.218621862186219,1934.7917813717193,232.6489249211325,1.0,1.0,255
6.21962196219622,1836.1958923030545,232.4605118483674,1.0,1.0,255
6.22062206220622,1813.6922009711457,234.42309158868753,1.0,1.0,255
6.221622162216222,1852.6077539791634,229.97174638933905,1.0,1.0,255
6.222622262226222,1590.9512847173987,229.0775690493128,1.0,1.0,255
6.223622362236224,1976.5508300326926,229.359566403905,1.0,1.0,255
6.2246224622462245,2044.736515681183,225.7724704585216,1.0,1.0,255
6.225622562256226,1947.219657500752,222.31789322378594,1.0,1.0,255
6.226622662266227,2227.1330454304657,223.07049275916017,1.0,1.0,255
6.227622762276227,2276.883536080427,223.23506542177725,1.0,1.0,255
6.228622862286229,2536.460904663217,230.77609950485711,1.0,1.0,255
6.229622962296229,1799.7468765034964,228.97965532556125,1.0,1.0,255
6.230623062306231,1914.2656111169672,231.60586675517473,1.0,1.0,255
6.2316231623162315,1984.6802434968106,230.68339686518553,1.0,1.0,255
6.232623262326233,2324.7138195747066,225.48424405320137,1.0,1.0,255
6.233623362336234,2246.375017037783,227.26588689518078,1.0,1.0,255
6.234623462346235,1875.009765128316,228.32761179071588,1.0,1.0,255
6.235623562356236,2198.4088626281546,223.57996598615594,1.0,1.0,255
6.236623662366236,2163.0834139125673,221.4569143252155,1.0,1.0,255
6.237623762376238,2230.411747832022,219.6319747708367,1.0,1.0,255
6.2386238623862385,2328.851042751871,219.47073846009542,1.0,1.0,255
6.23962396239624,1856.322666030444,220.31097581133508,1.0,1.0,255
6.240624062406241,2449.6215744977067,220.32255939588865,1.0,1.0,255
6.241624162416242,2142.1003298695687,215.59309592144888,1.0,1.0,255
6.242624262426243,2046.4474755893305,207.21314864319967,1.0,1.0,255
6.243624362436243,2014.320296662128,202.93975889022084,1.0,1.0,255
6.244624462446245,2264.0787004330896,201.6449296261801,1.0,1.0,255
6.245624562456245,1726.0160235146166,204.17298282581524,1.0,1.0,255
6.246624662466247,1913.5867915735755,204.285660986443,1.0,1.0,255
6.2476247624762475,1822.7861998692952,203.52552336309026,1.0,1.0,255
6.248624862486249,1950.1008189529855,203.2215785511513,1.0,1.0,255
6.24962496249625,1689.7892254980861,205.11351802985757,1.0,1.0,255
6.25062506250625,1959.0786840524768,204.28535376544355,1.0,1.0,255
6.251625162516252,2132.2782371488934,203.41845335122332,1.0,1.0,255
6.252625262526252,1870.4417704856698,196.8672053817357,1.0,1.0,255
6.253625362536254,1971.3275561183182,193.69575552831964,1.0,1.0,255
6.2546254625462545,2083.842397340235,192.28700461460124,1.0,1.0,255
6.255625562556256,1832.0145217280228,194.04867764635244,1.0,1.0,255
6.256625662566257,1923.4452913606171,185.99626843586958,1.0,1.0,255
6.257625762576257,2021.0580985079887,179.6562746352435,1.0,1.0,255
6.258625862586259,2206.042088920303,178.21132427717907,1.0,1.0,255
6.259625962596259,2271.7963870184412,173.8526708841956,1.0,1.0,255
6.260626062606261,2129.66859615238,173.07325623306554,1.0,1.0,255
6.2616261626162615,1816.7826586875021,175.93596498950006,1.0,1.0,255
6.262626262626263,1996.548520113228,171.90608209906623,1.0,1.0,255
6.263626362636264,2135.9005316183743,165.61636343799907,1.0,1.0,255
6.264626462646265,2349.64726383837,170.15648859942795,1.0,1.0,255
6.265626562656266,2464.0972099668543,176.10846451937053,1.0,1.0,255
6.266626662666266,2327.850955629984,179.02247406405942,1.0,1.0,255
6.267626762676268,1981.1813821005653,178.23098537395725,1.0,1.0,255
6.2686268626862685,1845.0683736417393,180.0254535285569,1.0,1.0,255
6.26962696269627,1680.4299115660824,183.14077314329631,1.0,1.0,255
6.270627062706271,1860.7913102934035,182.19879095685116,1.0,1.0,255
6.271627162716272,1839.1302986728174,182.46834006297814,1.0,1.0,255
6.272627262726273,1884.5328822762924,176.5967081118002,1.0,1.0,255
6.273627362736273,2001.1015378994173,176.10569395446572,1.0,1.0,255
6.274627462746275,2235.3669766737407,179.78776380156418,1.0,1.0,255
6.275627562756275,2175.1877125467618,180.31591120251443,1.0,1.0,255
6.276627662766277,1605.6472982120192,185.58030432966476,1.0,1.0,255
6.2776277627762775,2287.1159996537604,185.7849536011314,1.0,1.0,255
6.278627862786279,1734.0695059342422,182.29434538918227,1.0,1.0,255
6.27962796279628,1998.8167403535338,178.31294811218152,1.0,1.0,255
6.28062806280628,2117.2324770073815,177.02290987466847,1.0,1.0,255
6.281628162816282,2003.0967211713332,176.654580321178,1.0,1.0,255
6.282628262826282,1907.535831848292,173.9295872927181,1.0,1.0,255
6.283628362836284,1920.1145793660355,172.5197953646417,1.0,1.0,255
6.2846284628462845,2339.724739127289,174.8944854497538,1.0,1.0,255
6.285628562856286,2061.306514095523,172.1524384791012,1.0,1.0,255
6.286628662866287,2138.290931209248,171.6565888250348,1.0,1.0,255
6.287628762876287,1641.40285110993,176.14029684619575,1.0,1.0,255
6.288628862886289,1905.6924006366166,173.369427978426,1.0,1.0,255
6.289628962896289,2099.2401175786968,170.5606836506088,1.0,1.0,255
6.290629062906291,1898.2974803386185,165.5223025538823,1.0,1.0,255
6.2916291629162915,1897.2323626040413,166.65564870441008,1.0,1.0,255
6.292629262926293,1778.0266002889455,172.02406621041777,1.0,1.0,255
6.293629362936294,2151.9272326775667,173.42901679721166,1.0,1.0,255
6.294629462946295,2195.2106556190984,172.0516559009318,1.0,1.0,255
6.295629562956296,2378.164707955893,172.21527053034202,1.0,1.0,255
6.296629662966296,2593.6329428603476,180.43966521902047,1.0,1.0,255
6.297629762976298,1875.045236814374,179.3944844801189,1.0,1.0,255
6.2986298629862985,2329.516220158479,183.06682526234817,1.0,1.0,255
6.2996299629963,1945.897755256179,177.94465466718634,1.0,1.0,255
6.300630063006301,1800.3211433535967,181.11980548116392,1.0,1.0,255
6.301630163016302,1886.3744442033474,182.6667518541191,1.0,1.0,255
6.302630263026303,2237.837438207851,182.91233602798954,1.0,1.0,255
6.303630363036303,2169.2210732888398,183.8033086161327,1.0,1.0,255
6.304630463046305,1911.615172734288,185.81415721464225,1.0,1.0,255
6.305630563056305,1954.626134637611,183.36192495645048,1.0,1.0,255
6.306630663066307,1967.4311070729175,182.48220864220445,1.0,1.0,255
6.3076307630763075,1814.1009555370722,186.62135150162277,1.0,1.0,255
6.308630863086309,2105.7191481078235,184.6148926853732,1.0,1.0,255
6.30963096309631,1869.9156857157768,183.7006512306889,1.0,1.0,255
6.31063106310631,1786.346691942793,187.30034546878542,1.0,1.0,255
6.311631163116312,2352.5853256343794,188.76770515522304,1.0,1.0,255
6.312631263126312,2241.731144883177,191.61329845515115,1.0,1.0,255
6.313631363136314,1901.776986537221,192.77974809203923,1.0,1.0,255
6.3146314631463145,2400.0419928717733,193.78764267270734,1.0,1.0,255
6.315631563156316,1349.2660666803317,199.4403771397636,1.0,1.0,255
6.316631663166317,1941.4065977156556,195.97522607285083,1.0,1.0,255
6.317631763176317,2050.940670169041,194.69766711824295,1.0,1.0,255
6.318631863186319,2056.3272834355,190.80558025978772,1.0,1.0,255
6.319631963196319,1828.295238117707,187.84827372875523,1.0,1.0,255
6.320632063206321,2119.494256890107,185.53398507242542,1.0,1.0,255
6.3216321632163215,2023.7150959499977,181.84228912688184,1.0,1.0,255
6.322632263226323,2237.305113966085,182.35904905172936,1.0,1.0,255
6.323632363236324,2091.134005396986,182.28375991765745,1.0,1.0,255
6.324632463246325,1744.150716185033,184.6134060604819,1.0,1.0,255
6.325632563256326,1219.802694842419,198.6335979126983,1.0,1.0,255
6.326632663266326,1802.706479960525,194.6924142777282,1.0,1.0,255
6.327632763276328,1947.7461285249012,191.915171714155,1.0,1.0,255
6.3286328632863285,1778.5632288431339,191.02529725597716,1.0,1.0,255
6.32963296329633,2704.9345655799343,203.18032337464655,1.0,1.0,255
6.330633063306331,1801.1515590027775,206.73264265444334,1.0,1.0,255
6.331633163316332,2329.2019287093553,211.45861565205715,1.0,1.0,255
6.332633263326333,1946.4007625458644,210.6813170381057,1.0,1.0,255
6.333633363336333,1802.0344992571086,213.04291864028426,1.0,1.0,255
6.334633463346335,2135.6811069562073,208.96204599686257,1.0,1.0,255
6.335633563356335,2209.445217059953,211.9248200561512,1.0,1.0,255
6.336633663366337,2139.3086736496157,211.94517490495852,1.0,1.0,255
6.3376337633763375,2178.276579042967,206.4187635080165,1.0,1.0,255
6.338633863386339,2177.350568874371,206.15962289823628,1.0,1.0,255
6.33963396339634,2323.465621423233,210.64413297512695,1.0,1.0,255
6.34063406340634,2517.7418377262193,217.04491933642376,1.0,1.0,255
6.341634163416342,2393.2450173157745,220.93446693482002,1.0,1.0,255
6.342634263426342,1991.0108514458188,216.67478191168257,1.0,1.0,255
6.343634363436344,1600.893372853952,223.53836980105217,1.0,1.0,255
6.3446344634463445,2612.3910373244125,231.88197743515852,1.0,1.0,255
6.345634563456346,2226.6558720849653,228.85180071773996,1.0,1.0,255
6.346634663466347,2117.364277629978,219.32642741313256,1.0,1.0,255
6.347634763476347,2290.2763154305935,220.71285845803192,1.0,1.0,255
6.348634863486349,1878.24380590255,218.47765793681134,1.0,1.0,255
6.349634963496349,2428.728093015536,224.05017490224566,1.0,1.0,255
6.350635063506351,2632.610083471046,230.7887994387385,1.0,1.0,255
6.3516351635163515,2241.9164895131817,231.43461811306912,1.0,1.0,255
6.352635263526353,2218.2920012138316,231.04370937318873,1.0,1.0,255
6.353635363536354,1934.8781296226352,230.8817253149592,1.0,1.0,255
6.354635463546355,1762.3826577691693,233.86637561426156,1.0,1.0,255
6.355635563556356,2077.095268942326,232.58080368586033,1.0,1.0,255
6.356635663566356,1809.9525438530213,235.73037495025824,1.0,1.0,255
6.357635763576358,2014.8110442450268,231.71617317609915,1.0,1.0,255
6.3586358635863585,1525.0653092185369,241.02048402957197,1.0,1.0,255
6.35963596359636,1920.9330757949535,240.0001362279884,1.0,1.0,255
6.360636063606361,1934.7692778934686,237.03168450897488,1.0,1.0,255
6.361636163616362,1809.2167200521674,235.71564359524393,1.0,1.0,255
6.362636263626363,1919.0882023870108,234.41925664984012,1.0,1.0,255
6.363636363636363,1711.581396877106,238.22316844304245,1.0,1.0,255
6.364636463646365,2199.453713136429,234.2114028483356,1.0,1.0,255
6.365636563656365,3026.5486465136014,239.80769711221427,1.0,1.0,255
6.366636663666367,2276.0257847499156,242.23634476152566,1.0,1.0,255
6.3676367636763676,2357.8633489938447,248.3747983380218,1.0,1.0,255
6.368636863686369,2238.5538073754146,252.01932881682006,1.0,1.0,255
6.36963696369637,1846.544154751729,251.65435048413957,1.0,1.0,255
6.37063706370637,2134.979814992574,251.96406164618892,1.0,1.0,255
6.371637163716372,2031.829066827504,251.80178222863884,1.0,1.0,255
6.372637263726372,2139.149029742188,249.8386605441609,1.0,1.0,255
6.373637363736374,2199.5950031760212,252.0078804997416,1.0,1.0,255
6.3746374637463745,2290.4226224632175,250.7793472727066,1.0,1.0,255
6.375637563756376,1938.6181505518769,236.40303815851746,1.0,1.0,255
6.376637663766377,1343.6683602691842,245.58380055234426,1.0,1.0,255
6.377637763776377,2036.1014481296816,243.81669416024866,1.0,1.0,255
6.378637863786379,2044.7682901592034,238.49259293392734,1.0,1.0,255
6.379637963796379,1809.6456135677076,230.12098935097444,1.0,1.0,255
6.380638063806381,2425.1935136350603,232.7278908037312,1.0,1.0,255
6.3816381638163815,2366.3213604497023,233.4702794385382,1.0,1.0,255
6.382638263826383,2179.7168551408868,234.07263179227317,1.0,1.0,255
6.383638363836384,2454.946447554774,237.2922507285108,1.0,1.0,255
6.384638463846385,1667.5934281475218,243.14676002643625,1.0,1.0,255
6.385638563856386,2437.8081941091723,247.71401956742068,1.0,1.0,255
6.386638663866386,1940.729602105594,248.03325405231644,1.0,1.0,255
6.387638763876388,1825.9200134842754,249.8693222017716,1.0,1.0,255
6.3886388638863885,2145.4062718233527,249.23043626075122,1.0,1.0,255
6.38963896389639,2133.594067530527,245.43300518289715,1.0,1.0,255
6.390639063906391,2208.670699189386,239.25158241216042,1.0,1.0,255
6.391639163916392,1811.3370573978937,237.07994091788706,1.0,1.0,255
6.392639263926393,2012.41335546921,236.65189083741924,1.0,1.0,255
6.393639363936393,1931.4513809214075,230.04073067607004,1.0,1.0,255
6.394639463946395,1935.25165455209,221.00787683854003,1.0,1.0,255
6.395639563956395,2146.9140349674076,219.4130400961888,1.0,1.0,255
6.396639663966397,1736.4730754090647,224.25629303540794,1.0,1.0,255
6.3976397639763976,1851.1842010489004,223.34708270581805,1.0,1.0,255
6.398639863986399,2189.6045563808802,222.78404995148662,1.0,1.0,255
6.3996399639964,2491.759829456908,224.04468468031416,1.0,1.0,255
6.4006400640064,1554.4761622356955,222.22295976617926,1.0,1.0,255
6.401640164016402,1672.5826881667335,225.8529762125809,1.0,1.0,255
6.402640264026402,1990.5894277887512,223.59534763252927,1.0,1.0,255
6.403640364036404,2372.8766610532552,227.8304434460471,1.0,1.0,255
6.4046404640464045,1593.388631226504,231.2103239769004,1.0,1.0,255
6.405640564056406,2088.4382617935444,231.4371838339248,1.0,1.0,255
6.406640664066407,2090.9903798211985,227.5360423074092,1.0,1.0,255
6.407640764076407,1957.6377813176855,228.67950756595602,1.0,1.0,255
6.408640864086409,1865.646799203315,221.8678777662605,1.0,1.0,255
6.409640964096409,1649.175709945205,227.30302508325548,1.0,1.0,255
6.410641064106411,2518.9882098774747,234.45817483867427,1.0,1.0,255
6.4116411641164115,1460.7435365910521,241.42763850789663,1.0,1.0,255
6.412641264126413,1790.1851777735042,244.00569900016674,1.0,1.0,255
6.413641364136414,1902.916272711308,240.17900148348272,1.0,1.0,255
6.414641464146415,2666.0872809557495,249.51167283986916,1.0,1.0,255
6.415641564156416,2347.7032962175394,235.93476583394792,1.0,1.0,255
6.416641664166416,1967.5598458169063,232.9830532226115,1.0,1.0,255
6.417641764176418,2206.857656925785,229.96293938125032,1.0,1.0,255
6.4186418641864185,1930.8237698323558,228.49538783709494,1.0,1.0,255
6.41964196419642,2271.950675455686,228.94528444124325,1.0,1.0,255
6.420642064206421,2112.908336955682,228.50385488050532,1.0,1.0,255
6.421642164216422,1672.5869997922225,235.68869622121096,1.0,1.0,255
6.422642264226423,1992.574413556673,234.97422735523375,1.0,1.0,255
6.423642364236423,2380.2526042969,238.5873793776514,1.0,1.0,255
6.424642464246425,1846.9296275114305,237.7603343781584,1.0,1.0,255
6.425642564256425,2173.6029817584795,238.08475702436553,1.0,1.0,255
6.426642664266427,1832.8086054274916,228.3019521211994,1.0,1.0,255
6.427642764276428,1820.8593859317493,232.606793365158,1.0,1.0,255
6.428642864286429,1806.4578635842408,237.37300189665729,1.0,1.0,255
6.42964296429643,2144.2362344614285,234.53063885724,1.0,1.0,255
6.43064306430643,2216.4553178604165,230.3558749417471,1.0,1.0,255
6.431643164316432,1629.8923367802704,232.3516009971476,1.0,1.0,255
6.432643264326432,2020.412924264877,230.26900540903233,1.0,1.0,255
6.433643364336434,2031.6623694491564,222.45682906895365,1.0,1.0,255
6.4346434643464345,2063.00577712517,215.14881317440756,1.0,1.0,255
6.435643564356436,1631.245090792362,215.68774747637687,1.0,1.0,255
6.436643664366437,1757.4656328966662,219.35302686055545,1.0,1.0,255
6.437643764376437,2283.3918440708194,219.61926401165735,1.0,1.0,255
6.438643864386439,2072.7417904725094,218.16597438464046,1.0,1.0,255
6.439643964396439,2093.4591108494133,217.36327525101825,1.0,1.0,255
6.440644064406441,2033.828867209422,214.43328392304204,1.0,1.0,255
6.4416441644164415,2247.302419114473,213.68607345328942,1.0,1.0,255
6.442644264426443,2614.9809565877895,224.3139596944294,1.0,1.0,255
6.443644364436444,1640.3145862868614,230.13669558712033,1.0,1.0,255
6.444644464446445,2175.104404461413,230.42381676739038,1.0,1.0,255
6.445644564456446,1805.9914272466551,233.2857075231091,1.0,1.0,255
6.446644664466446,2261.3588082905076,231.3223451971006,1.0,1.0,255
6.447644764476448,2274.2854970672183,231.9117391594229,1.0,1.0,255
6.4486448644864485,1859.057438092491,232.85849926995547,1.0,1.0,255
6.44964496449645,2047.4112418447999,223.9950778439213,1.0,1.0,255
6.450645064506451,2491.512923391651,222.99485955646824,1.0,1.0,255
6.451645164516452,2067.953888552998,215.8855910908629,1.0,1.0,255
6.452645264526453,1713.8780048025094,221.4198195505877,1.0,1.0,255
6.453645364536453,2230.8338015697564,218.57896236091773,1.0,1.0,255
6.454645464546455,2003.0906000859736,210.38492298372836,1.0,1.0,255
6.455645564556455,2056.566174081783,209.74748122949313,1.0,1.0,255
6.456645664566457,2738.038533941056,222.68844431189027,1.0,1.0,255
6.457645764576458,2192.335116104675,223.7679022603375,1.0,1.0,255
6.458645864586459,1903.2707286380023,223.01542367164373,1.0,1.0,255
6.45964596459646,1622.5139808468643,223.5486582536105,1.0,1.0,255
6.46064606460646,1698.189597499661,221.1251021060678,1.0,1.0,255
6.461646164616462,2066.685953204904,209.75369190198694,1.0,1.0,255
6.462646264626462,1662.794958819529,212.30149628106648,1.0,1.0,255
6.463646364636464,2275.2461267107506,213.94474426950762,1.0,1.0,255
6.4646464646464645,1791.3312953607174,206.71637274317823,1.0,1.0,255
6.465646564656466,1897.040002780466,203.74150676321815,1.0,1.0,255
6.466646664666467,2082.739365398212,202.82749098752058,1.0,1.0,255
6.467646764676467,2026.4834912912795,200.08066802317927,1.0,1.0,255
6.468646864686469,1901.7146579176667,200.66285026147304,1.0,1.0,255
6.469646964696469,1747.9774048297038,202.18428865576524,1.0,1.0,255
6.470647064706471,2034.9675657148557,201.1467706023545,1.0,1.0,255
6.4716471647164715,2323.291153998899,199.1443336781769,1.0,1.0,255
6.472647264726473,2513.4761720887554,207.34534539108552,1.0,1.0,255
6.473647364736474,1897.2300570605905,203.71569216393576,1.0,1.0,255
6.474647464746475,2050.2905962456284,199.74009663907688,1.0,1.0,255
6.475647564756476,1925.6514096500646,199.675008810906,1.0,1.0,255
6.476647664766476,2366.4812390851184,201.74080570115817,1.0,1.0,255
6.477647764776478,2134.8374749528703,198.93474291885053,1.0,1.0,255
6.4786478647864785,2337.0600878213845,199.88510194696303,1.0,1.0,255
6.47964796479648,1680.44138247032,205.3115496083281,1.0,1.0,255
6.480648064806481,1981.8296056188356,203.26585113874302,1.0,1.0,255
6.481648164816482,2341.251571246378,200.76872929927598,1.0,1.0,255
6.482648264826483,2291.0070792156357,205.07712936888623,1.0,1.0,255
6.483648364836483,2147.1768312162353,206.7339133821941,1.0,1.0,255
6.484648464846485,1822.4149216271026,210.9454994071486,1.0,1.0,255
6.485648564856485,2118.5581086216653,204.02156339542918,1.0,1.0,255
6.486648664866487,1993.8238638613805,199.29439877613493,1.0,1.0,255
6.487648764876488,2514.2235826109627,203.9110335469378,1.0,1.0,255
6.488648864886489,1540.624113594794,213.56371546559166,1.0,1.0,255
6.48964896489649,1881.7667220503831,215.97919880759582,1.0,1.0,255
6.49064906490649,1972.7997973472905,217.19978020483842,1.0,1.0,255
6.491649164916492,2329.797051701835,218.84967285658567,1.0,1.0,255
6.492649264926492,2123.7613561904423,209.02528084863877,1.0,1.0,255
6.493649364936494,1847.8507062990295,204.8745584483954,1.0,1.0,255
6.4946494649464945,2119.2129360457816,203.75672908008278,1.0,1.0,255
6.495649564956496,1571.3858301996315,208.44884102102324,1.0,1.0,255
6.496649664966497,1950.1541046342923,206.13858276252725,1.0,1.0,255
6.497649764976497,1928.3276730042332,204.0063193610982,1.0,1.0,255
6.498649864986499,1721.2809155239838,206.76184981246834,1.0,1.0,255
6.499649964996499,2038.8980448684972,206.93211375199436,1.0,1.0,255
6.500650065006501,2556.5006054710666,208.23186739358272,1.0,1.0,255
6.5016501650165015,2401.262220130783,214.8980340251384,1.0,1.0,255
6.502650265026503,2148.5369012214865,210.22633214561836,1.0,1.0,255
6.503650365036504,1785.6297342460666,211.81706142930182,1.0,1.0,255
6.504650465046505,1865.1103015584915,214.57666739985152,1.0,1.0,255
6.505650565056506,2241.5285204309293,218.2759143268344,1.0,1.0,255
6.506650665066506,1869.3409865425715,208.04832391716184,1.0,1.0,255
6.507650765076508,2076.918414774613,205.73998989056062,1.0,1.0,255
6.5086508650865085,2381.60238768986,209.51745221711786,1.0,1.0,255
6.50965096509651,1761.0581022151075,206.74656978975298,1.0,1.0,255
6.510651065106511,2056.605774424654,199.9224772282393,1.0,1.0,255
6.511651165116512,2066.9363200379375,199.9274845649,1.0,1.0,255
6.512651265126513,2322.1526443006774,197.70643662730413,1.0,1.0,255
6.513651365136513,2019.0513371691513,193.7404873497061,1.0,1.0,255
6.514651465146515,1855.2967664291084,192.46117792833826,1.0,1.0,255
6.5156515651565154,2383.8978302546147,196.15993458903992,1.0,1.0,255
6.516651665166517,1868.1080940599225,199.06298539987725,1.0,1.0,255
6.517651765176518,2288.4924335284004,203.44250389627078,1.0,1.0,255
6.518651865186519,2284.124294353924,205.23928294170258,1.0,1.0,255
6.51965196519652,1853.0250134118257,203.13833077006018,1.0,1.0,255
6.52065206520652,2599.2277391689386,213.90223686773604,1.0,1.0,255
6.521652165216522,2006.7671045128066,209.22107169750197,1.0,1.0,255
6.522652265226522,1911.2982621529918,202.64558301266698,1.0,1.0,255
6.523652365236524,1521.610017158343,210.15798381071195,1.0,1.0,255
6.5246524652465245,1918.9670994470441,212.69282989685854,1.0,1.0,255
6.525652565256526,2002.392396223912,211.1580101653816,1.0,1.0,255
6.526652665266527,1724.5194232353672,211.25799691897188,1.0,1.0,255
6.527652765276527,2117.7589714612495,210.91642684913947,1.0,1.0,255
6.528652865286529,2026.1346040752412,205.57253301120693,1.0,1.0,255
6.529652965296529,2424.3725833928193,205.7488123284697,1.0,1.0,255
6.530653065306531,2403.0860259149163,211.52712495914471,1.0,1.0,255
6.5316531653165315,1711.4617790908987,212.3928579523992,1.0,1.0,255
6.532653265326533,2005.2757004448854,208.3872023591888,1.0,1.0,255
6.533653365336534,2064.978706020763,206.74323985527934,1.0,1.0,255
6.534653465346535,1932.1303872246185,204.54893054332896,1.0,1.0,255
6.535653565356536,2197.140390851704,206.1205761879298,1.0,1.0,255
6.536653665366536,1856.6206302658152,208.8646408598411,1.0,1.0,255
6.537653765376538,2262.0870262244366,203.82190973211056,1.0,1.0,255
6.5386538653865385,2274.9388333733364,198.21316867147323,1.0,1.0,255
6.53965396539654,1968.123363077732,196.48603585092624,1.0,1.0,255
6.540654065406541,2190.8912495758823,197.83985678938967,1.0,1.0,255
6.541654165416542,1646.8953711162922,200.22600833302715,1.0,1.0,255
6.542654265426543,1760.7161105210391,204.4564589987975,1.0,1.0,255
6.543654365436543,1721.8713811023015,206.97604550273206,1.0,1.0,255
6.544654465446545,1864.8150557052873,209.2154856677107,1.0,1.0,255
6.5456545654565454,2220.883576988585,203.140873811475,1.0,1.0,255
6.546654665466547,1914.2623496792562,203.85870891057573,1.0,1.0,255
6.547654765476548,2031.9083210700608,201.7870959492592,1.0,1.0,255
6.548654865486549,2342.14987673454,201.1357117944297,1.0,1.0,255
6.54965496549655,2000.6368373290152,201.90093594521932,1.0,1.0,255
6.55065506550655,2287.015661546957,196.51123706673712,1.0,1.0,255
6.551655165516552,1924.6598334303703,191.91279599551407,1.0,1.0,255
6.552655265526552,1805.9898481751982,194.74226100758034,1.0,1.0,255
6.553655365536554,1767.9754987932206,195.0953457166372,1.0,1.0,255
6.5546554655465545,1800.9590917302353,196.37836991320233,1.0,1.0,255
6.555655565556556,1971.7099954149585,194.03359959628457,1.0,1.0,255
6.556655665566557,2380.676057683781,197.1139404808116,1.0,1.0,255
6.557655765576557,1513.7256805113384,207.2210585750926,1.0,1.0,255
6.558655865586559,2155.224451808859,202.69349985747257,1.0,1.0,255
6.559655965596559,1836.9976937398283,201.17470802697818,1.0,1.0,255
6.560656065606561,2445.2750186402413,208.94809291128993,1.0,1.0,255
6.5616561656165615,1944.489136977675,210.6395837709777,1.0,1.0,255
6.562656265626563,2081.6373371624104,205.82927762821237,1.0,1.0,255
6.563656365636564,2361.352159546039,211.5173475625162,1.0,1.0,255
6.564656465646565,2308.053243074225,212.86434775258283,1.0,1.0,255
6.565656565656566,1755.820526184812,211.98998062379434,1.0,1.0,255
6.566656665666566,2089.3834235367644,209.2198109757281,1.0,1.0,255
6.567656765676568,2388.9567159810194,211.22909662478048,1.0,1.0,255
6.5686568656865685,1964.3636333720237,208.17933807026148,1.0,1.0,255
6.56965696569657,1827.9973318460882,208.6798917015762,1.0,1.0,255
6.570657065706571,2073.269234990052,198.16072161799846,1.0,1.0,255
6.571657165716572,2213.0437156631288,200.63693802151712,1.0,1.0,255
6.572657265726573,2076.4230998838093,198.47136526225316,1.0,1.0,255
6.573657365736573,1933.8804600596338,190.22595640422733,1.0,1.0,255
6.574657465746575,2399.5257289902224,194.67581297297264,1.0,1.0,255
6.5756575657565755,2225.1060834747373,197.30578256694562,1.0,1.0,255
6.576657665766577,2036.641210212811,191.06334682739677,1.0,1.0,255
6.577657765776578,1888.2841688871854,192.86248402042813,1.0,1.0,255
6.578657865786579,2114.4296482292143,193.7537690665172,1.0,1.0,255
6.57965796579658,2153.5134079388117,188.33658555743708,1.0,1.0,255
6.58065806580658,2265.6412500691295,185.58769004052135,1.0,1.0,255
6.581658165816582,2460.840368873176,187.11373299980286,1.0,1.0,255
6.582658265826582,2279.9863427157907,190.89897386301635,1.0,1.0,255
6.583658365836584,2639.8391296060495,202.39618233472208,1.0,1.0,255
6.5846584658465845,2556.3031473113124,210.24485302544076,1.0,1.0,255
6.585658565856586,2006.2213832013406,208.09761754437983,1.0,1.0,255
6.586658665866587,2418.521866328496,211.68046747626602,1.0,1.0,255
6.587658765876587,1884.9990495748434,210.65874596028044,1.0,1.0,255
6.588658865886589,2335.345383162102,211.8668769560557,1.0,1.0,255
6.589658965896589,1854.583646350615,214.13767129059804,1.0,1.0,255
6.590659065906591,2047.8385138304295,211.28307602247185,1.0,1.0,255
6.5916591659165915,1921.9146995968665,205.78268945286038,1.0,1.0,255
6.592659265926593,1934.7376966193053,202.30225773089506,1.0,1.0,255
6.593659365936594,2590.10565188543,206.62179839064967,1.0,1.0,255
6.594659465946595,2115.9428019736642,204.3169555442287,1.0,1.0,255
6.595659565956596,1991.151590868555,201.99625218708593,1.0,1.0,255
6.596659665966596,2229.126607345082,202.94403132757273,1.0,1.0,255
6.597659765976598,2138.5415218055086,204.4330281850841,1.0,1.0,255
6.5986598659865985,1994.4138153191147,199.62175434401104,1.0,1.0,255
6.5996599659966,2530.3687881185087,208.32186685296153,1.0,1.0,255
6.600660066006601,1937.8520561707505,205.7445124986074,1.0,1.0,255
6.601660166016602,1917.2874742310773,205.89195968259318,1.0,1.0,255
6.602660266026603,2319.26376466492,206.47703193939557,1.0,1.0,255
6.603660366036603,1778.179436159042,206.27295319207914,1.0,1.0,255
6.604660466046605,1664.502392759375,209.00208717149633,1.0,1.0,255
6.6056605660566055,2205.8738440484,210.6337639607635,1.0,1.0,255
6.606660666066607,2520.385267718431,213.42794816145653,1.0,1.0,255
6.607660766076608,1859.0922194243924,206.52061738319537,1.0,1.0,255
6.608660866086609,1517.5536134715271,214.98505607758764,1.0,1.0,255
6.60966096609661,1922.0988746631735,213.28303245912073,1.0,1.0,255
6.61066106610661,1877.9826433336416,208.73787921964308,1.0,1.0,255
6.611661166116612,2064.6824983414176,207.0013119260249,1.0,1.0,255
6.612661266126612,2059.6132703907433,206.56083059059156,1.0,1.0,255
6.613661366136614,2275.982376942711,204.853434938525,1.0,1.0,255
6.6146614661466145,1867.032729812911,203.27171548078238,1.0,1.0,255
6.615661566156616,1590.3287757093894,206.58155049029077,1.0,1.0,255
6.616661666166617,2133.933865996483,207.4725593394852,1.0,1.0,255
6.617661766176617,2004.6469876249098,201.52048526736655,1.0,1.0,255
6.618661866186619,1969.7712021556797,201.41233389169346,1.0,1.0,255
6.619661966196619,2091.4436051129974,197.88115263087514,1.0,1.0,255
6.620662066206621,1703.2627076855354,204.27051377736345,1.0,1.0,255
6.6216621662166215,1655.9419068903817,208.81080132629322,1.0,1.0,255
6.622662266226623,2118.56862719764,209.65371187256983,1.0,1.0,255
6.623662366236624,2048.2831009120614,207.37698309200377,1.0,1.0,255
6.624662466246625,1753.2876031622743,206.24071644895383,1.0,1.0,255
6.625662566256626,2166.4126241302197,205.0668472620635,1.0,1.0,255
6.626662666266626,1760.5775490107512,210.58812048610463,1.0,1.0,255
6.627662766276628,2151.187398146056,209.45755182676953,1.0,1.0,255
6.6286628662866285,2026.1616988438755,208.56572488530773,1.0,1.0,255
6.62966296629663,1608.9448543140293,215.2365596402509,1.0,1.0,255
6.630663066306631,2397.051781600308,217.86477027087446,1.0,1.0,255
6.631663166316632,1881.0337979351837,212.94728693470722,1.0,1.0,255
6.632663266326633,2058.752023995683,208.52260056030508,1.0,1.0,255
6.633663366336633,1925.1827021306779,199.1421639255705,1.0,1.0,255
6.634663466346635,1728.3532522687792,195.3690359339687,1.0,1.0,255
6.6356635663566355,1862.814575639648,198.23717208520256,1.0,1.0,255
6.636663666366637,2066.9553540857446,191.2058418403475,1.0,1.0,255
6.637663766376638,1502.4024090165667,198.8577746515131,1.0,1.0,255
6.638663866386639,2159.4503163708027,195.33987331568707,1.0,1.0,255
6.63966396639664,1951.6177810137572,193.39919062242424,1.0,1.0,255
6.64066406640664,1585.3221826671343,202.64951724569016,1.0,1.0,255
6.641664166416642,2338.198048371653,205.93177220506058,1.0,1.0,255
6.642664266426642,2261.5868810892557,207.93826375923177,1.0,1.0,255
6.643664366436644,1705.2319286088305,203.9515121493465,1.0,1.0,255
6.6446644664466445,1853.8502689219486,206.47565073143429,1.0,1.0,255
6.645664566456646,2225.014881008834,208.87898016898205,1.0,1.0,255
6.646664666466647,2253.73111839549,209.3710703899902,1.0,1.0,255
6.647664766476647,2117.867929857855,208.9575985510371,1.0,1.0,255
6.648664866486649,2097.630797447059,208.87849080636065,1.0,1.0,255
6.649664966496649,1923.0525934939424,201.73006317411156,1.0,1.0,255
6.650665066506651,2077.2851973469433,200.1128082444655,1.0,1.0,255
6.6516651665166515,2278.6868855928396,202.11229544094385,1.0,1.0,255
6.652665266526653,2283.765729561464,201.40233473887474,1.0,1.0,255
6.653665366536654,1740.8934230639836,202.14805500077594,1.0,1.0,255
6.654665466546655,2254.4661760361932,198.60742637668721,1.0,1.0,255
6.655665566556656,2011.9056527169619,196.17183644138004,1.0,1.0,255
6.656665666566656,1997.1993292821792,187.7401445013678,1.0,1.0,255
6.657665766576658,1601.1551038808639,192.8988868122384,1.0,1.0,255
6.6586658665866585,2384.918966597499,189.0283384136189,1.0,1.0,255
6.65966596659666,2159.041604589228,188.73114799866693,1.0,1.0,255
6.660666066606661,2297.689065074038,190.32458216682053,1.0,1.0,255
6.661666166616662,2346.3598623939815,195.95812944787178,1.0,1.0,255
6.662666266626663,2347.975090502663,201.72536585011022,1.0,1.0,255
6.663666366636663,1810.074823702671,201.92422183720254,1.0,1.0,255
6.664666466646665,1948.9042430280435,200.2867915728999,1.0,1.0,255
6.6656665666566655,1956.0955946871834,192.971455193344,1.0,1.0,255
6.666666666666667,2072.8736538079797,191.75025094957397,1.0,1.0,255
6.667666766676668,2255.057311262838,195.0243369273289,1.0,1.0,255
6.668666866686669,2274.588076905152,197.99152250854553,1.0,1.0,255
6.66966696669667,2351.221093162556,203.18707226953666,1.0,1.0,255
6.67066706670667,1629.9183843820324,204.6539587356068,1.0,1.0,255
6.671667166716672,2797.6731751630914,211.80626037667622,1.0,1.0,255
6.672667266726672,2279.236724073916,215.01962231420168,1.0,1.0,255
6.673667366736674,2094.289784705697,215.93975599007445,1.0,1.0,255
6.6746674667466745,1732.6677598101624,216.35215285711666,1.0,1.0,255
6.675667566756676,1990.3674353513595,215.13655166748512,1.0,1.0,255
6.676667666766677,2296.127548793578,214.3506536235717,1.0,1.0,255
6.677667766776677,1851.400841977219,216.21888882110622,1.0,1.0,255
6.678667866786679,1934.898362257395,218.04415555283586,1.0,1.0,255
6.679667966796679,2208.617037692563,212.47539339296767,1.0,1.0,255
6.680668066806681,2382.603476704476,212.18642729505103,1.0,1.0,255
6.6816681668166815,2130.8617981524894,210.50433921680454,1.0,1.0,255
6.682668266826683,2177.671031332893,212.88271936354874,1.0,1.0,255
6.683668366836684,1993.2576371316397,211.52122066352953,1.0,1.0,255
6.684668466846685,2198.2338334485053,208.1329623778752,1.0,1.0,255
6.685668566856686,1935.5414814990302,206.67842426068754,1.0,1.0,255
6.686668666866686,2329.5523543583313,211.93036426613926,1.0,1.0,255
6.687668766876688,2190.7309005016377,203.87303045650333,1.0,1.0,255
6.6886688668866885,2168.733817037859,204.05870046984444,1.0,1.0,255
6.68966896689669,1620.1973200510968,210.6871096890977,1.0,1.0,255
6.690669066906691,2288.433736138195,206.24222806520424,1.0,1.0,255
6.691669166916692,2287.5986918812755,205.2302409353967,1.0,1.0,255
6.692669266926693,1980.1826177861924,202.31485095788773,1.0,1.0,255
6.693669366936693,2047.1887344734882,195.4757148405946,1.0,1.0,255
6.694669466946695,1808.137792279384,196.3899643734459,1.0,1.0,255
6.6956695669566955,2006.1618147071931,193.68643045912538,1.0,1.0,255
6.696669666966697,1923.6330671456187,192.05914674830322,1.0,1.0,255
6.697669766976698,2340.3611812780136,196.50901177670633,1.0,1.0,255
6.698669866986699,2203.791355296931,198.6322229337038,1.0,1.0,255
6.6996699669967,2203.347706431113,199.24022893220493,1.0,1.0,255
6.7006700670067,2003.7974857358129,199.53857527054979,1.0,1.0,255
6.701670167016702,1784.3105346370455,200.19862686595215,1.0,1.0,255
6.702670267026702,1979.2061189140766,196.85918989644128,1.0,1.0,255
6.703670367036704,1924.4777620467814,193.1875031167853,1.0,1.0,255
6.7046704670467046,1838.4607403173518,193.24896478971442,1.0,1.0,255
6.705670567056706,1754.2093445868413,198.40289095231685,1.0,1.0,255
6.706670667066707,1867.4736258860166,200.9974050202401,1.0,1.0,255
6.707670767076707,1873.8822824583035,195.54286144869127,1.0,1.0,255
6.708670867086709,1708.2417817885448,195.5996464809703,1.0,1.0,255
6.709670967096709,2450.7925464827335,201.43466531884042,1.0,1.0,255
6.710671067106711,2342.3931755424296,202.32874752820823,1.0,1.0,255
6.7116711671167115,1924.191554587414,198.83771918858034,1.0,1.0,255
6.712671267126713,2097.5928999876096,193.83007537827928,1.0,1.0,255
6.713671367136714,2125.8463842942006,190.62849953821672,1.0,1.0,255
6.714671467146715,1912.2563954986326,191.36145648880492,1.0,1.0,255
6.715671567156716,2107.91534910827,190.721675364714,1.0,1.0,255
6.716671667166716,2076.1426364729637,190.78705501801366,1.0,1.0,255
6.717671767176718,1455.4387059440578,198.49713467387576,1.0,1.0,255
6.7186718671867185,1640.2300474534009,202.12077218670467,1.0,1.0,255
6.71967196719672,2131.5961767610156,197.72827385867384,1.0,1.0,255
6.720672067206721,1739.7095573949637,195.5324503984153,1.0,1.0,255
6.721672167216722,2304.050292174755,185.65999273864855,1.0,1.0,255
6.722672267226723,1511.249676442022,191.77026472832978,1.0,1.0,255
6.723672367236723,2104.6287112025616,191.97704325826712,1.0,1.0,255
6.724672467246725,2359.2825240865673,191.89604893620165,1.0,1.0,255
6.7256725672567255,1845.8296610326188,194.78680442257647,1.0,1.0,255
6.726672667266727,1816.8366617720856,194.44752021126317,1.0,1.0,255
6.727672767276728,2156.4724506157763,192.68498606312315,1.0,1.0,255
6.728672867286729,1969.301369872375,191.9969259108235,1.0,1.0,255
6.72967296729673,2824.213350901369,204.30885217499966,1.0,1.0,255
6.73067306730673,1951.0214978562822,199.5563526837845,1.0,1.0,255
6.731673167316732,2549.7538781729254,207.93419428419318,1.0,1.0,255
6.732673267326732,2049.3802018945876,205.3683776954271,1.0,1.0,255
6.733673367336734,1832.3324918268893,208.5868806015221,1.0,1.0,255
6.7346734673467346,2389.6025595658484,212.41425512386894,1.0,1.0,255
6.735673567356736,1893.6206478814106,213.25267179622136,1.0,1.0,255
6.736673667366737,1993.7186859587953,208.70725098987882,1.0,1.0,255
6.737673767376737,1785.4677374591633,211.1032782306628,1.0,1.0,255
6.738673867386739,1850.4955279023714,212.63869133185824,1.0,1.0,255
6.739673967396739,2100.9283534345027,205.14120480157024,1.0,1.0,255
6.740674067406741,2024.7334707539576,200.7978606637272,1.0,1.0,255
6.7416741674167415,2029.685825377547,196.37217031855073,1.0,1.0,255
6.742674267426743,2326.132677142785,200.57847621713026,1.0,1.0,255
6.743674367436744,2450.6446111670966,208.615143129942,1.0,1.0,255
6.744674467446745,1590.9839654025402,212.9582196674789,1.0,1.0,255
6.745674567456746,1850.5842076138251,216.06977180934624,1.0,1.0,255
6.746674667466746,2400.8114570621797,220.63866229350216,1.0,1.0,255
6.747674767476748,2422.7604387418514,222.28664744277899,1.0,1.0,255
6.7486748674867485,2239.9930852839752,223.0106820425199,1.0,1.0,255
6.74967496749675,2038.711130832069,220.0895052972562,1.0,1.0,255
6.750675067506751,1714.9015915551668,225.86742318086917,1.0,1.0,255
6.751675167516752,1832.2503353845498,224.90862716591909,1.0,1.0,255
6.752675267526753,2484.2380008345435,232.2575095608915,1.0,1.0,255
6.753675367536753,2022.7026886985143,230.29301102785678,1.0,1.0,255
6.754675467546755,2048.075184656617,226.1037295273361,1.0,1.0,255
6.7556755675567555,1979.3490251378685,221.60093591631556,1.0,1.0,255
6.756675667566757,1674.2077863324917,225.46625270738602,1.0,1.0,255
6.757675767576758,2395.21242912095,228.9281469389711,1.0,1.0,255
6.758675867586759,2488.814153324642,230.9492656412349,1.0,1.0,255
6.75967596759676,2002.2410112033872,223.80859448751247,1.0,1.0,255
6.76067606760676,1869.6770317592689,221.48719034147854,1.0,1.0,255
6.761676167616762,2058.20941861984,219.21520980562352,1.0,1.0,255
6.762676267626762,2120.640693913824,219.67616568414786,1.0,1.0,255
6.763676367636764,2320.5735873230233,223.5707097447243,1.0,1.0,255
6.764676467646765,1994.9219173099127,221.91739930849872,1.0,1.0,255
6.765676567656766,2136.9248040666853,222.497588407667,1.0,1.0,255
6.766676667666767,1982.617088433281,223.2423939095421,1.0,1.0,255
6.767676767676767,2258.144448363577,215.59405699569484,1.0,1.0,255
6.768676867686769,1720.6773252869473,213.98511143902385,1.0,1.0,255
6.769676967696769,2074.558880289748,212.84436550959853,1.0,1.0,255
6.770677067706771,1988.2140670320846,207.8742753168561,1.0,1.0,255
6.7716771677167715,2090.9486412778947,203.61224229891894,1.0,1.0,255
6.772677267726773,2192.075677638874,195.7587493805369,1.0,1.0,255
6.773677367736774,2118.379853890566,196.03377223429695,1.0,1.0,255
6.774677467746775,1789.6031254239008,194.97605924408765,1.0,1.0,255
6.775677567756776,2078.335192246075,191.5393563096615,1.0,1.0,255
6.776677667766776,1885.7641052497997,190.16080744010716,1.0,1.0,255
6.777677767776778,2382.583162957755,194.68302168694674,1.0,1.0,255
6.7786778677867785,1859.5668575853756,196.87771193268674,1.0,1.0,255
6.77967796779678,2110.2757840535214,182.5989605957298,1.0,1.0,255
6.780678067806781,2260.9783970221697,184.91895849329885,1.0,1.0,255
6.781678167816782,2178.4428249981074,177.49273742980245,1.0,1.0,255
6.782678267826783,2669.967652889767,189.90448644970604,1.0,1.0,255
6.783678367836783,1731.853901858891,191.914058249066,1.0,1.0,255
6.784678467846785,2163.8742266447275,187.39949159064363,1.0,1.0,255
6.7856785678567855,2128.171259394522,185.9153297361623,1.0,1.0,255
6.786678667866787,2185.639548166048,187.5824944186591,1.0,1.0,255
6.787678767876788,1961.1095969889805,184.06965722806274,1.0,1.0,255
6.788678867886789,2039.3836461788035,180.2918948625341,1.0,1.0,255
6.78967896789679,1754.6354417448244,185.1006189589476,1.0,1.0,255
6.79067906790679,2052.293363946975,184.7211556529663,1.0,1.0,255
6.791679167916792,1488.498195868525,195.54490824314672,1.0,1.0,255
6.792679267926792,1897.7967318306914,192.9863200636772,1.0,1.0,255
6.793679367936794,2108.6534611902744,186.1464970641408,1.0,1.0,255
6.794679467946795,2208.296329272651,180.21210295764456,1.0,1.0,255
6.795679567956796,1888.3413979333668,179.45695915125373,1.0,1.0,255
6.796679667966797,1744.725952973367,178.46621095054277,1.0,1.0,255
6.797679767976797,1778.0832429342283,176.3693373170212,1.0,1.0,255
6.798679867986799,2049.012107145607,172.54971775425383,1.0,1.0,255
6.799679967996799,2213.9248773893687,175.68243791868258,1.0,1.0,255
6.800680068006801,2176.2183964237393,171.5848376782607,1.0,1.0,255
6.8016801680168015,2011.2823109278181,168.00419816739534,1.0,1.0,255
6.802680268026803,1655.8509509336775,167.12241913203093,1.0,1.0,255
6.803680368036804,2163.4775157522276,168.92602322104574,1.0,1.0,255
6.804680468046805,2019.2885690784783,169.49874814634381,1.0,1.0,255
6.805680568056806,2358.9783797888726,174.34529624487863,1.0,1.0,255
6.806680668066806,2062.23967025642,167.15424537665692,1.0,1.0,255
6.807680768076808,2406.1145619452773,167.3722880331435,1.0,1.0,255
6.8086808680868085,2121.7503542826253,160.0310120523031,1.0,1.0,255
6.80968096809681,1672.059859742831,166.6346350815142,1.0,1.0,255
6.810681068106811,2060.379164674517,163.31575901018994,1.0,1.0,255
6.811681168116812,2276.955138678656,167.69067341136622,1.0,1.0,255
6.812681268126813,2208.190402938593,169.44166759186166,1.0,1.0,255
6.813681368136813,1885.5699624870044,167.23879659566103,1.0,1.0,255
6.814681468146815,2157.4802807725937,168.36684055731118,1.0,1.0,255
6.8156815681568155,2234.368149256342,170.31570746110432,1.0,1.0,255
6.816681668166817,2222.397325750484,172.49599574477963,1.0,1.0,255
6.817681768176818,1642.7370961326783,176.39836485485452,1.0,1.0,255
6.818681868186819,2041.7094947444286,169.97772146570486,1.0,1.0,255
6.81968196819682,2100.6442578891597,170.4994290176931,1.0,1.0,255
6.82068206820682,1945.1919634983722,171.35987108836736,1.0,1.0,255
6.821682168216822,2113.7923514976537,171.81674529276253,1.0,1.0,255
6.822682268226822,1949.1468779603058,170.91229418077896,1.0,1.0,255
6.823682368236824,2110.764246646569,170.75998203589901,1.0,1.0,255
6.824682468246825,2077.4173167735053,166.1803908798471,1.0,1.0,255
6.825682568256826,1783.954510728388,170.85459682035784,1.0,1.0,255
6.826682668266827,2235.773113149845,171.36534118835073,1.0,1.0,255
6.827682768276827,2151.4005271011565,166.74168847121874,1.0,1.0,255
6.828682868286829,2425.318488139704,170.51939538572037,1.0,1.0,255
6.829682968296829,2053.362089799754,169.381121500645,1.0,1.0,255
6.830683068306831,2048.324574379939,165.1280450478004,1.0,1.0,255
6.8316831683168315,1885.8807441621193,165.76157366459586,1.0,1.0,255
6.832683268326833,1592.721693312953,162.4277867405415,1.0,1.0,255
6.833683368336834,2040.740688270841,156.25005101230246,1.0,1.0,255
6.834683468346835,2147.246711560292,155.91750071061378,1.0,1.0,255
6.835683568356836,1987.6265983511319,155.52154355570067,1.0,1.0,255
6.836683668366836,1787.5638665763254,157.97747526085323,1.0,1.0,255
6.837683768376838,1795.429626461452,161.2910746714038,1.0,1.0,255
6.8386838683868385,1874.2655022770798,164.59343754943828,1.0,1.0,255
6.83968396839684,1895.6705231447565,161.77273592143962,1.0,1.0,255
6.840684068406841,1995.3048757502454,162.74077112749524,1.0,1.0,255
6.841684168416842,2097.105060358165,152.53283625202906,1.0,1.0,255
6.842684268426843,1969.5582576389631,151.0976057358636,1.0,1.0,255
6.843684368436843,1674.3976649794613,157.3565832124689,1.0,1.0,255
6.844684468446845,2056.0997166821135,154.31265096065815,1.0,1.0,255
6.8456845684568455,2064.554391142205,151.4505667421696,1.0,1.0,255
6.846684668466847,2097.4229453012454,146.37354470766184,0.999,0.995,254
6.847684768476848,2255.6195505194655,145.1276005767357,0.998,0.99,253
6.848684868486849,2262.472131071038,149.3968010552443,0.997,0.985,252
6.84968496849685,2275.1435461499777,150.6211744304565,0.998,0.99,253
6.85068506850685,2345.9217779280752,154.01524206054322,0.999,0.995,254
6.851685168516852,2486.8838246777977,162.05856477265553,1.0,1.0,255
6.8526852685268524,2665.7713621098524,166.57101103352616,1.0,1.0,255
6.853685368536854,2250.9958252939878,168.32137722436136,1.0,1.0,255
6.854685468546855,1611.8756173323125,176.46963625928467,1.0,1.0,255
6.855685568556856,1936.2632156228788,172.48480435104963,1.0,1.0,255
6.856685668566857,2180.0771365005066,174.84155367593135,1.0,1.0,255
6.857685768576857,2288.8480102360704,172.49622264174724,1.0,1.0,255
6.858685868586859,2130.5178480593618,172.67157251728193,1.0,1.0,255
6.859685968596859,2282.520351564314,169.84317674342483,1.0,1.0,255
6.860686068606861,1903.5625522868236,172.48434240419806,1.0,1.0,255
6.8616861686168615,1987.8410407995093,169.10841881463475,1.0,1.0,255
6.862686268626863,2126.6222269450122,167.47705529476315,1.0,1.0,255
6.863686368636864,2257.8218590259053,168.42489172502133,1.0,1.0,255
6.864686468646865,2139.8547211056084,168.07238053168163,1.0,1.0,255
6.865686568656866,1858.41237447966,168.1367700569616,1.0,1.0,255
6.866686668666866,2396.048118791163,171.60978591777518,1.0,1.0,255
6.867686768676868,1609.6340491064043,172.27184685830062,1.0,1.0,255
6.8686868686868685,2081.8707128890264,172.82345101096973,1.0,1.0,255
6.86968696869687,1944.4673805736434,173.84121824171368,1.0,1.0,255
6.870687068706871,1798.2298793972418,176.78045992373626,1.0,1.0,255
6.871687168716872,2406.135003659232,182.62731296696785,1.0,1.0,255
6.872687268726873,2126.4737349629686,182.2197252254333,1.0,1.0,255
6.873687368736873,1697.9828852187609,187.96478258812672,1.0,1.0,255
6.874687468746875,2254.2196271598787,191.50082879585426,1.0,1.0,255
6.8756875687568755,2057.7074168043414,186.41406734650883,1.0,1.0,255
6.876687668766877,1910.1860033047528,185.41488501741688,1.0,1.0,255
6.877687768776878,2370.387346460063,189.794621404595,1.0,1.0,255
6.878687868786879,2340.5077875679995,188.09840739316095,1.0,1.0,255
6.87968796879688,1603.3378988079721,196.88440762100646,1.0,1.0,255
6.88068806880688,2128.2054957926757,198.48202604926115,1.0,1.0,255
6.881688168816882,2117.487936595669,196.62939966441695,1.0,1.0,255
6.8826882688268824,1911.761354970649,190.24860643126297,1.0,1.0,255
6.883688368836884,2074.2231636576507,190.62788346983282,1.0,1.0,255
6.884688468846885,2335.767544303773,194.39830012470244,1.0,1.0,255
6.885688568856886,2059.3185882147477,193.41720385602005,1.0,1.0,255
6.886688668866887,2254.41235759829,192.3367283395123,1.0,1.0,255
6.887688768876887,2136.99120404606,189.06514494966257,1.0,1.0,255
6.888688868886889,2203.9457270470803,188.70936953614574,1.0,1.0,255
6.889688968896889,2164.3058057243124,187.98889611352712,1.0,1.0,255
6.890689068906891,2079.6206836538568,187.56740730160914,1.0,1.0,255
6.8916891689168915,2172.4629348053522,189.0745647905529,1.0,1.0,255
6.892689268926893,2089.497923378816,188.33568841090852,1.0,1.0,255
6.893689368936894,2290.0567569561454,185.7047768496206,1.0,1.0,255
6.894689468946895,2130.5446906825623,187.19367632962957,1.0,1.0,255
6.895689568956896,2224.0552481458653,190.38369346970282,1.0,1.0,255
6.896689668966896,2396.897887982409,196.373192323326,1.0,1.0,255
6.897689768976898,2094.9428050840484,193.15965741461773,1.0,1.0,255
6.8986898689868985,2171.048947573915,191.33119374467526,1.0,1.0,255
6.8996899689969,1854.450120649108,190.65932040869353,1.0,1.0,255
6.900690069006901,2139.156782426031,186.52402049865262,1.0,1.0,255
6.901690169016902,1973.1471800116672,179.24340040486334,1.0,1.0,255
6.902690269026903,2200.6761517730206,169.94149619812674,1.0,1.0,255
6.903690369036903,2028.0500346793604,166.2805789986598,1.0,1.0,255
6.904690469046905,2209.301657508914,160.7841244954843,1.0,1.0,255
6.9056905690569055,2045.1838249501698,158.60571230893848,1.0,1.0,255
6.906690669066907,2274.468720505582,160.49354398904,1.0,1.0,255
6.907690769076908,2314.980079332505,161.0161853709687,1.0,1.0,255
6.908690869086909,2222.145090180495,162.84873021339135,1.0,1.0,255
6.90969096909691,1517.155626623814,168.77521064962878,1.0,1.0,255
6.91069106910691,1799.8470035492508,170.8495216243803,1.0,1.0,255
6.911691169116912,2665.7245775877072,182.00083399212457,1.0,1.0,255
6.9126912691269125,2328.0984044438733,186.0303575421018,1.0,1.0,255
6.913691369136914,2359.488034441607,188.06368105041582,1.0,1.0,255
6.914691469146915,2068.6580662346078,186.63974795299583,1.0,1.0,255
6.915691569156916,2364.075790228966,189.16951124716834,1.0,1.0,255
6.916691669166917,1600.0909781248665,191.16672930884772,1.0,1.0,255
6.917691769176917,2015.8432846630355,183.0425445977151,1.0,1.0,255
6.918691869186919,2102.5611794009747,183.45635392795407,1.0,1.0,255
6.919691969196919,1996.022657302313,182.42524839338068,1.0,1.0,255
6.920692069206921,1688.130360133603,184.6272387786535,1.0,1.0,255
6.9216921692169215,1944.4938113051996,179.5346624793648,1.0,1.0,255
6.922692269226923,2672.778412938619,190.4607560388778,1.0,1.0,255
6.923692369236924,1557.3037224346954,193.2743392945591,1.0,1.0,255
6.924692469246925,1932.1152120080712,191.46764251120013,1.0,1.0,255
6.925692569256926,2088.6878970033567,192.08725211518038,1.0,1.0,255
6.926692669266926,2114.835778621524,190.6676877537059,1.0,1.0,255
6.927692769276928,1767.2697614673832,189.83454559515707,1.0,1.0,255
6.9286928692869285,1967.389457414868,185.59660069549972,1.0,1.0,255
6.92969296929693,2289.094892851918,181.5252565286975,1.0,1.0,255
6.930693069306931,2410.752723970007,187.17620109224416,1.0,1.0,255
6.931693169316932,2313.099458991626,191.0884315401633,1.0,1.0,255
6.932693269326933,2235.4512912579808,192.11268446473588,1.0,1.0,255
6.933693369336933,2071.4202254598754,192.05662570078036,1.0,1.0,255
6.934693469346935,2042.5809629444507,186.40965555581587,1.0,1.0,255
6.9356935693569355,1988.3915268303817,187.3754532549133,1.0,1.0,255
6.936693669366937,1916.40275411207,185.87915102070605,1.0,1.0,255
6.937693769376938,1688.7906717640917,191.28351350450305,1.0,1.0,255
6.938693869386939,1842.7548260836913,192.2695024418876,1.0,1.0,255
6.93969396939694,2506.5347323845667,199.11408097509272,1.0,1.0,255
6.94069406940694,2057.033072855532,198.66232875912618,1.0,1.0,255
6.941694169416942,2138.9610903010152,197.99229186903946,1.0,1.0,255
6.9426942694269425,2134.8019906654054,198.8983732147712,1.0,1.0,255
6.943694369436944,2353.9323458572308,200.1758849927929,1.0,1.0,255
6.944694469446945,2130.8480428738794,200.18195203661926,1.0,1.0,255
6.945694569456946,2308.352386370237,201.8678948011067,1.0,1.0,255
6.946694669466947,2033.00913381124,195.1897543652337,1.0,1.0,255
6.947694769476947,2263.45339868665,198.55996623728578,1.0,1.0,255
6.948694869486949,1747.5866441046517,202.1072544037145,1.0,1.0,255
6.949694969496949,1852.4836827036686,202.14658316262327,1.0,1.0,255
6.950695069506951,2096.48047523142,201.29305701873105,1.0,1.0,255
6.9516951695169515,1756.8224225444026,205.61955216807632,1.0,1.0,255
6.952695269526953,2267.4957105075405,206.9559433427667,1.0,1.0,255
6.953695369536954,2148.135920092897,208.5596624382119,1.0,1.0,255
6.954695469546955,2104.7187630953586,206.46800454994082,1.0,1.0,255
6.955695569556956,1851.0973848145218,210.34973335265377,1.0,1.0,255
6.956695669566956,1651.638326881182,213.7475924049185,1.0,1.0,255
6.957695769576958,1673.9703246768534,215.88858432473128,1.0,1.0,255
6.9586958695869585,1791.7180308397296,217.53132190432683,1.0,1.0,255
6.95969596959696,2182.2973027450644,209.6003804917044,1.0,1.0,255
6.960696069606961,1871.2232811393505,208.17285493990238,1.0,1.0,255
6.961696169616962,1805.0261573897535,200.67784024035313,1.0,1.0,255
6.962696269626963,2742.004179699874,208.95595574547323,1.0,1.0,255
6.963696369636963,1915.9697703103498,205.36679965043405,1.0,1.0,255
6.964696469646965,1951.0205907153675,206.8932265114346,1.0,1.0,255
6.9656965696569655,2299.4828644081813,205.60136799501882,1.0,1.0,255
6.966696669666967,1889.4509158367669,199.81416924078079,1.0,1.0,255
6.967696769676968,2200.9429721608035,202.22989437725764,1.0,1.0,255
6.968696869686969,2036.7370754794172,201.3639292796498,1.0,1.0,255
6.96969696969697,2237.250362387774,204.1093896734515,1.0,1.0,255
6.97069706970697,2068.866306507812,197.32932300627985,1.0,1.0,255
6.971697169716972,2143.122233816143,197.16164390870665,1.0,1.0,255
6.9726972697269725,2054.1162475625056,184.7884006011844,1.0,1.0,255
6.973697369736974,1936.3657368334705,177.2071603132089,1.0,1.0,255
6.974697469746975,1963.556853846174,176.57832747644687,1.0,1.0,255
6.975697569756976,2129.415444741603,177.39287843121178,1.0,1.0,255
6.976697669766977,1769.8278817987195,181.61960522280694,1.0,1.0,255
6.977697769776977,2077.877746445076,176.60255538105608,1.0,1.0,255
6.978697869786979,1957.162115857765,176.80710221219815,1.0,1.0,255
6.979697969796979,1877.3741643915018,175.39772106732974,1.0,1.0,255
6.980698069806981,2129.5993549116038,169.77465368616168,1.0,1.0,255
6.9816981698169815,2322.7329489832264,169.9673234859937,1.0,1.0,255
6.982698269826983,1966.9403523354,167.83949061412608,1.0,1.0,255
6.983698369836984,1883.9083267219933,170.6529195704887,1.0,1.0,255
6.984698469846985,2250.8071630821482,174.60068209102073,1.0,1.0,255
6.985698569856986,2225.6460876893607,176.96143438141553,1.0,1.0,255
6.986698669866986,1747.9561412741166,180.3303666381746,1.0,1.0,255
6.987698769876988,2389.0180589266697,179.9665412519898,1.0,1.0,255
6.9886988698869885,2536.4937084434123,185.63151194253186,1.0,1.0,255
6.98969896989699,1931.6090546464577,178.78863620191134,1.0,1.0,255
6.990699069906991,2105.9482257525,179.76693925985074,1.0,1.0,255
6.991699169916992,2299.621565248144,182.98014875879332,1.0,1.0,255
6.992699269926993,2027.3141165930024,181.6578266136251,1.0,1.0,255
6.993699369936993,2180.96601682278,178.19850003293612,1.0,1.0,255
6.994699469946995,1752.9986718273487,182.44156573891155,1.0,1.0,255
6.9956995699569955,1675.533104484201,184.68385592182284,1.0,1.0,255
6.996699669966997,2010.0176903495505,185.14368479105661,1.0,1.0,255
6.997699769976998,2000.2148822250963,181.79031917282168,1.0,1.0,255
6.998699869986999,1889.5304777687127,178.9514424995405,1.0,1.0,255
6.999699969997,1598.2236689521121,184.03664277457162,1.0,1.0,255
7.000700070007,28.124975181944137,223.46453376630438,1.0,1.0,255
7.001700170017002,3518.444922039661,247.04988065798563,1.0,1.0,255
7.0027002700270025,0.0,283.6199664478348,1.0,1.0,255
7.003700370037004,4095.0,322.5572480459769,1.0,1.0,255
7.004700470047005,2688.948553233597,334.2418438487416,1.0,1.0,255
7.005700570057006,0.0,371.26379154503206,1.0,1.0,255
7.006700670067007,2602.163762647876,374.41983333561325,1.0,1.0,255
7.007700770077007,547.0915765565996,396.9574082980183,1.0,1.0,255
7.008700870087009,0.0,432.7917689148129,1.0,1.0,255
7.009700970097009,4095.0,471.04582285991165,1.0,1.0,255
7.010701070107011,0.0,508.47028848269866,1.0,1.0,255
7.0117011701170116,2925.068357171491,521.1521787739235,1.0,1.0,255
7.012701270127013,3040.695918799571,527.1260135559174,1.0,1.0,255
7.013701370137014,4095.0,565.4254089621245,1.0,1.0,255
7.014701470147015,2728.20562607765,577.0899332979848,1.0,1.0,255
7.015701570157016,4095.0,613.0002760098213,1.0,1.0,255
7.016701670167016,4095.0,650.7692943265565,1.0,1.0,255
7.017701770177018,4095.0,688.6504348833405,1.0,1.0,255
7.0187018701870185,4016.103383110582,727.7872440551405,1.0,1.0,255
7.01970197019702,4067.4628749193944,764.3914943057728,1.0,1.0,255
7.020702070207021,485.37639203765184,795.2266403348636,1.0,1.0,255
7.021702170217022,0.0,834.2841956585407,1.0,1.0,255
7.022702270227023,4095.0,875.1018707072907,1.0,1.0,255
7.023702370237023,2574.439319170783,883.3979718273757,1.0,1.0,255
7.024702470247025,1458.7307483106083,893.4944939380871,1.0,1.0,255
7.0257025702570255,1266.5781217761953,907.4946226077311,1.0,1.0,255
7.026702670267027,1345.8194021841045,915.9747922000233,1.0,1.0,255
7.027702770277028,1191.3977294356725,932.5092826824084,1.0,1.0,255
7.028702870287029,0.0,971.6525249995636,1.0,1.0,255
7.02970297029703,0.0,1009.2000082873938,1.0,1.0,255
7.03070307030703,2733.126855326859,1021.2705582956988,1.0,1.0,255
7.031703170317032,2874.682078584164,1032.3095408877175,1.0,1.0,255
7.0327032703270325,2853.4638644965817,1046.7976252243573,1.0,1.0,255
7.033703370337034,0.0,1084.4757917587972,1.0,1.0,255
7.034703470347035,2636.1487720930745,1092.1826239390157,1.0,1.0,255
7.035703570357036,3891.885143148442,1125.5074050481971,1.0,1.0,255
7.036703670367037,2731.0091717617966,1133.1667113089156,1.0,1.0,255
7.037703770377037,434.13204536746093,1158.6237092230328,1.0,1.0,255
7.038703870387039,2039.3310597159218,1149.0272138598461,1.0,1.0,255
7.039703970397039,4095.0,1187.6393949527753,1.0,1.0,255
7.040704070407041,0.0,1227.4404304377254,1.0,1.0,255
7.0417041704170416,4095.0,1263.3479991327624,1.0,1.0,255
7.042704270427043,2793.6093859111097,1277.8464691828447,1.0,1.0,255
7.043704370437044,0.0,1316.147148846389,1.0,1.0,255
7.044704470447045,4095.0,1351.1871222829361,1.0,1.0,255
7.045704570457046,0.0,1384.6977843726202,1.0,1.0,255
7.046704670467046,0.0,1424.8981381796111,1.0,1.0,255
7.047704770477048,864.4895295996503,1447.6126452321198,1.0,1.0,255
7.0487048704870485,2362.4928354225885,1450.7331114959459,1.0,1.0,255
7.04970497049705,1087.2765806192328,1460.9520532626036,1.0,1.0,255
7.050705070507051,0.0,1461.5145527662423,1.0,1.0,255
7.051705170517052,1154.540610904227,1449.9748421073646,1.0,1.0,255
7.052705270527053,4095.0,1449.9548421073646,1.0,1.0,255
7.053705370537053,4095.0,1449.9548421073646,1.0,1.0,255
7.054705470547055,4095.0,1478.0758710426928,1.0,1.0,255
7.0557055705570555,3905.690041322824,1474.2696718691493,1.0,1.0,255
7.056705670567057,293.36936006306405,1498.2790094149304,1.0,1.0,255
7.057705770577058,2858.7176318689662,1484.4751935834418,1.0,1.0,255
7.058705870587059,0.0,1484.4751935834418,1.0,1.0,255
7.05970597059706,4095.0,1484.4751935834418,1.0,1.0,255
7.06070607060706,220.0221392188082,1480.0747507990654,1.0,1.0,255
7.061706170617062,0.0,1503.4933836556354,1.0,1.0,255
7.0627062706270625,3128.1661570065417,1505.242788419775,1.0,1.0,255
7.063706370637064,0.0,1505.262788419775,1.0,1.0,255
7.064706470647065,2594.383793542811,1502.5863517690784,1.0,1.0,255
7.065706570657066,1075.3407453391292,1481.099536862296,1.0,1.0,255
7.066706670667067,436.4746942885215,1472.3900429765254,1.0,1.0,255
7.067706770677067,0.0,1472.4100429765253,1.0,1.0,255
7.068706870687069,4095.0,1473.9879753143139,1.0,1.0,255
7.069706970697069,982.0024489044347,1454.9186688378372,1.0,1.0,255
7.070707070707071,638.4944358227474,1451.8563079621351,1.0,1.0,255
7.0717071707170716,0.0,1451.8563079621351,1.0,1.0,255
7.072707270727073,0.0,1451.8763079621351,1.0,1.0,255
7.073707370737074,0.0,1482.3075215787196,1.0,1.0,255
7.074707470747075,4095.0,1511.4621365449316,1.0,1.0,255
7.075707570757076,0.0,1536.7936989804555,1.0,1.0,255
7.076707670767076,4073.458630384735,1563.2592596318323,1.0,1.0,255
7.077707770777078,2077.52327716217,1546.717679763789,1.0,1.0,255
7.0787078707870785,0.0,1546.717679763789,1.0,1.0,255
7.07970797079708,0.0,1546.717679763789,1.0,1.0,255
7.080708070807081,2272.5483378279673,1537.5061094138111,1.0,1.0,255
7.081708170817082,1017.1259351410642,1541.5899491393063,1.0,1.0,255
7.082708270827083,1080.1578641688873,1544.837514565997,1.0,1.0,255
7.083708370837083,3387.482834947068,1530.6671712649384,1.0,1.0,255
7.084708470847085,4095.0,1559.844195823077,1.0,1.0,255
7.0857085708570855,3241.161690148181,1546.8297267630717,1.0,1.0,255
7.086708670867087,0.0,1574.1295433278358,1.0,1.0,255
7.087708770877088,0.0,1582.812184235185,1.0,1.0,255
7.088708870887089,2572.620503474914,1593.1312154990017,1.0,1.0,255
7.08970897089709,0.0,1593.1512154990016,1.0,1.0,255
7.09070907090709,3723.641549024207,1585.704046479486,1.0,1.0,255
7.091709170917092,0.0,1585.7240464794859,1.0,1.0,255
7.0927092709270925,2607.323385050802,1581.99832646228,1.0,1.0,255
7.093709370937094,3562.456713095015,1571.3274607241804,1.0,1.0,255
7.094709470947095,2465.122108604139,1538.7299028962632,1.0,1.0,255
7.095709570957096,46.5326701285162,1537.7992494936927,1.0,1.0,255
7.096709670967097,3404.507511716236,1523.9693997280172,1.0,1.0,255
7.097709770977097,3669.3945073955274,1532.7270804679208,1.0,1.0,255
7.098709870987099,239.81324637392754,1562.6009588319905,1.0,1.0,255
7.099709970997099,2389.0648797670287,1550.2077880397158,1.0,1.0,255
7.100710071007101,1630.9855559342432,1517.588076921031,1.0,1.0,255
7.101710171017102,2571.698651349411,1510.1928621661034,1.0,1.0,255
7.102710271027103,0.0,1510.2128621661038,1.0,1.0,255
7.103710371037104,4010.470431920236,1508.522270804509,1.0,1.0,255
7.104710471047105,2089.6501794178157,1468.4152743928653,1.0,1.0,255
7.105710571057106,2404.1790080833357,1438.3850537280753,1.0,1.0,255
7.106710671067106,317.25879101921214,1437.9072651089525,1.0,1.0,255
7.107710771077108,4095.0,1462.6329124715733,1.0,1.0,255
7.1087108710871085,0.0,1462.6329124715733,1.0,1.0,255
7.10971097109711,571.674891465188,1451.2194146422696,1.0,1.0,255
7.110711071107111,793.791562071212,1439.7440261852214,1.0,1.0,255
7.111711171117112,0.0,1439.7440261852214,1.0,1.0,255
7.112711271127113,4076.9508098526203,1458.7197192421427,1.0,1.0,255
7.113711371137113,1077.7898560961205,1437.1639221202204,1.0,1.0,255
7.114711471147115,0.0,1467.1962462493643,1.0,1.0,255
7.1157115711571155,1302.8439787244954,1462.6461815816572,1.0,1.0,255
7.116711671167117,4095.0,1471.3556754674273,1.0,1.0,255
7.117711771177118,4005.01987610345,1469.5360729894965,1.0,1.0,255
7.118711871187119,4095.0,1469.5360729894965,1.0,1.0,255
7.11971197119712,480.77351682749827,1479.5606516310354,1.0,1.0,255
7.12071207120712,3718.512156439001,1484.7807834762705,1.0,1.0,255
7.121712171217122,4095.0,1484.7607834762703,1.0,1.0,255
7.1227122712271225,821.2301880377343,1468.336179715515,1.0,1.0,255
7.123712371237124,4095.0,1468.3161797155155,1.0,1.0,255
7.124712471247125,0.0,1468.3361797155158,1.0,1.0,255
7.125712571257126,2034.3704844826746,1427.648770025862,1.0,1.0,255
7.126712671267127,1336.660473804348,1401.3663879420803,1.0,1.0,255
7.127712771277127,3326.9011952548694,1426.3539463039344,1.0,1.0,255
7.128712871287129,4095.0,1426.3339463039345,1.0,1.0,255
7.129712971297129,4095.0,1426.3139463039342,1.0,1.0,255
7.130713071307131,4095.0,1462.762979547375,1.0,1.0,255
7.131713171317132,0.0,1483.1054982501964,1.0,1.0,255
7.132713271327133,0.0,1504.708655533574,1.0,1.0,255
7.133713371337134,1958.9669233089867,1479.6996603684527,1.0,1.0,255
7.134713471347135,622.1025718103613,1467.2776089322454,1.0,1.0,255
7.135713571357136,1052.8327987395273,1463.3177191544912,1.0,1.0,255
7.136713671367136,3454.5257749746734,1450.4882346539846,1.0,1.0,255
7.137713771377138,3490.331135240267,1438.37485735879,1.0,1.0,255
7.1387138713871385,2772.1201602307046,1442.3648504939058,1.0,1.0,255
7.13971397139714,0.0,1442.3648504939058,1.0,1.0,255
7.140714071407141,4095.0,1449.7920195134218,1.0,1.0,255
7.141714171417142,1194.6405489058411,1425.899208535305,1.0,1.0,255
7.142714271427143,1807.9171170387845,1419.5143984935132,1.0,1.0,255
7.143714371437143,0.0,1430.185264231613,1.0,1.0,255
7.144714471447145,1804.6264036110547,1426.7102939873093,1.0,1.0,255
7.1457145714571455,646.6767078763398,1414.7074132323528,1.0,1.0,255
7.146714671467147,620.6602736854011,1416.12405752432,1.0,1.0,255
7.147714771477148,0.0,1424.6561673764095,1.0,1.0,255
7.148714871487149,388.0039855271498,1421.692352593345,1.0,1.0,255
7.14971497149715,0.0,1455.8310549980044,1.0,1.0,255
7.15071507150715,1317.5128177380789,1462.100509761928,1.0,1.0,255
7.151715171517152,3708.39217601292,1484.8343802551979,1.0,1.0,255
7.1527152715271525,1163.2774711976524,1461.5688308312447,1.0,1.0,255
7.153715371537154,1025.0785838411662,1442.7778505160165,1.0,1.0,255
7.154715471547155,0.0,1482.9048469276604,1.0,1.0,255
7.155715571557156,2268.636740593481,1480.1940015778632,1.0,1.0,255
7.156715671567157,2626.5209828516854,1457.149597055281,1.0,1.0,255
7.157715771577157,4095.0,1457.1495970552814,1.0,1.0,255
7.158715871587159,1026.529219905518,1436.6190126571712,1.0,1.0,255
7.1597159715971594,4095.0,1448.0325104864748,1.0,1.0,255
7.160716071607161,2218.4935256426234,1426.3582122407515,1.0,1.0,255
7.161716171617162,3335.1051348824244,1411.1403149384,1.0,1.0,255
7.162716271627163,2423.9127289646626,1378.079553320641,1.0,1.0,255
7.163716371637164,2493.716311566018,1367.5896766738838,1.0,1.0,255
7.164716471647165,4095.0,1367.5696766738836,1.0,1.0,255
7.165716571657166,4095.0,1393.6065562483736,1.0,1.0,255
7.166716671667166,954.446229516218,1374.5376316580487,1.0,1.0,255
7.167716771677168,273.10530976973405,1370.8951279405853,1.0,1.0,255
7.1687168716871685,4095.0,1370.8951279405856,1.0,1.0,255
7.16971697169717,3438.671658899393,1367.364031455123,1.0,1.0,255
7.170717071707171,0.0,1374.9137883263431,1.0,1.0,255
7.171717171717172,0.0,1374.9337883263431,1.0,1.0,255
7.172717271727173,2060.1480200163865,1350.6413524874256,1.0,1.0,255
7.173717371737173,1797.4054586430116,1314.7132433145653,1.0,1.0,255
7.174717471747175,272.403919146592,1309.2651649316333,1.0,1.0,255
7.1757175717571755,3309.172486009599,1334.2160243414792,1.0,1.0,255
7.176717671767177,3423.9808443048532,1347.5088507036628,1.0,1.0,255
7.177717771777178,2569.4025121064406,1332.3588770406943,1.0,1.0,255
7.178717871787179,3346.4308030500392,1317.3874931016949,1.0,1.0,255
7.17971797179718,725.0497941879823,1302.9064972179353,1.0,1.0,255
7.18071807180718,4095.0,1302.9064972179353,1.0,1.0,255
7.181718171817182,0.0,1302.9064972179353,1.0,1.0,255
7.1827182718271825,4095.0,1302.8864972179356,1.0,1.0,255
7.183718371837184,4095.0,1342.0458356841152,1.0,1.0,255
7.184718471847185,4023.742083274762,1353.0427287858176,1.0,1.0,255
7.185718571857186,0.0,1374.099384760608,1.0,1.0,255
7.186718671867187,4095.0,1386.9088692611147,1.0,1.0,255
7.187718771877187,3522.436634970173,1387.550979255713,1.0,1.0,255
7.188718871887189,0.0,1414.028576051099,1.0,1.0,255
7.1897189718971894,2680.2540510747694,1385.7136570725938,1.0,1.0,255
7.190719071907191,3784.016493540369,1379.4939869434013,1.0,1.0,255
7.191719171917192,392.0022012786844,1395.546753895945,1.0,1.0,255
7.192719271927193,2510.7694066329054,1400.0004843693785,1.0,1.0,255
7.193719371937194,0.0,1400.0004843693785,1.0,1.0,255
7.194719471947195,4095.0,1436.0730124415995,1.0,1.0,255
7.195719571957196,4095.0,1448.9865465991263,1.0,1.0,255
7.196719671967196,682.2685189678377,1447.7543816934776,1.0,1.0,255
7.197719771977198,0.0,1447.7543816934776,1.0,1.0,255
7.1987198719871985,253.13611508761846,1450.4517391022682,1.0,1.0,255
7.1997199719972,3386.567059948349,1436.2630803012353,1.0,1.0,255
7.200720072007201,782.8215714080163,1446.9569052278366,1.0,1.0,255
7.201720172017202,2930.146473809862,1431.391991183775,1.0,1.0,255
7.202720272027203,3189.786988205242,1436.533280371833,1.0,1.0,255
7.203720372037203,1680.3879394546145,1423.4270932595643,1.0,1.0,255
7.204720472047205,4095.0,1423.4070932595641,1.0,1.0,255
7.2057205720572055,3711.8345432512324,1452.2710493127192,1.0,1.0,255
7.206720672067207,4095.0,1481.6406296556854,1.0,1.0,255
7.207720772077208,2086.3964797984854,1441.4685592516553,1.0,1.0,255
7.208720872087209,2466.4281878086904,1429.4077074059394,1.0,1.0,255
7.20972097209721,4095.0,1429.4077074059394,1.0,1.0,255
7.21072107210721,0.0,1466.9578368930868,1.0,1.0,255
7.211721172117212,4095.0,1482.1557341954383,1.0,1.0,255
7.2127212721272125,4095.0,1515.577479616145,1.0,1.0,255
7.213721372137214,2153.5054800887533,1508.7732629865998,1.0,1.0,255
7.214721472147215,4095.0,1508.7732629866002,1.0,1.0,255
7.215721572157216,4095.0,1508.7732629866002,1.0,1.0,255
7.216721672167217,799.7303753282417,1511.8675800703595,1.0,1.0,255
7.217721772177217,0.0,1517.3296862657544,1.0,1.0,255
7.218721872187219,1361.4296132490301,1490.1210940007738,1.0,1.0,255
7.2197219721972195,2354.024682770169,1468.4281544781888,1.0,1.0,255
7.220722072207221,3907.432790594249,1464.656810290074,1.0,1.0,255
7.221722172217222,1670.106560403942,1431.254679081995,1.0,1.0,255
7.222722272227223,1693.3690294593073,1438.104338092481,1.0,1.0,255
7.223722372237224,0.0,1474.0524472653412,1.0,1.0,255
7.224722472247225,4095.0,1479.4805256482734,1.0,1.0,255
7.225722572257226,3823.5308945989764,1489.767693820061,1.0,1.0,255
7.226722672267226,2971.4704581258675,1480.7174860964815,1.0,1.0,255
7.227722772277228,4095.0,1511.2294358543525,1.0,1.0,255
7.2287228722872285,1057.7506455108703,1505.0658068831344,1.0,1.0,255
7.22972297229723,2057.39866097885,1478.7947759864714,1.0,1.0,255
7.230723072307231,4095.0,1478.7947759864714,1.0,1.0,255
7.231723172317232,1513.2832484075884,1448.5291110183193,1.0,1.0,255
7.232723272327233,2104.7966065577098,1408.7250431494735,1.0,1.0,255
7.233723372337233,2476.9839136246856,1376.3647214219673,1.0,1.0,255
7.234723472347235,994.4019099803213,1357.9218415568653,1.0,1.0,255
7.2357235723572355,4095.0,1357.9018415568655,1.0,1.0,255
7.236723672367237,2196.3194761368813,1319.9282310796032,1.0,1.0,255
7.237723772377238,0.0,1331.3994983801997,1.0,1.0,255
7.238723872387239,0.0,1331.3994983801997,1.0,1.0,255
7.23972397239724,0.0,1359.7144173587044,1.0,1.0,255
7.24072407240724,189.38668567003378,1362.1663537744962,1.0,1.0,255
7.241724172417242,1144.8125549862684,1347.1101467003443,1.0,1.0,255
7.2427242724272425,2608.226630745432,1349.059291182595,1.0,1.0,255
7.243724372437244,4095.0,1349.0392911825952,1.0,1.0,255
7.244724472447245,1243.9167931949778,1324.1809553186956,1.0,1.0,255
7.245724572457246,1134.228018564961,1301.5163949473963,1.0,1.0,255
7.246724672467247,2181.641090007891,1276.874587126911,1.0,1.0,255
7.247724772477247,1446.0449542266601,1247.9536880423777,1.0,1.0,255
7.248724872487249,3464.508698964757,1240.3865843234253,1.0,1.0,255
7.2497249724972495,1009.1824169265958,1234.3915947859264,1.0,1.0,255
7.250725072507251,659.0754060188335,1236.86651809371,1.0,1.0,255
7.251725172517252,4095.0,1260.163588617513,1.0,1.0,255
7.252725272527253,0.0,1278.287848853408,1.0,1.0,255
7.253725372537254,4095.0,1311.8756076425,1.0,1.0,255
7.254725472547255,549.1889099197042,1300.911829444106,1.0,1.0,255
7.255725572557256,4095.0,1308.5751385790813,1.0,1.0,255
7.256725672567256,197.60559525536428,1304.6430266739737,1.0,1.0,255
7.257725772577258,1897.1556476912097,1306.89198412418,1.0,1.0,255
7.2587258725872585,4095.0,1339.4634203680064,1.0,1.0,255
7.25972597259726,4095.0,1339.4634203680064,1.0,1.0,255
7.260726072607261,4095.0,1339.4434203680064,1.0,1.0,255
7.261726172617262,2887.1672486201687,1315.2867653404094,1.0,1.0,255
7.262726272627263,2153.7906614082517,1276.4625785685746,1.0,1.0,255
7.263726372637263,0.0,1315.3124689667998,1.0,1.0,255
7.264726472647265,1792.4518170130282,1279.4834326265393,1.0,1.0,255
7.2657265726572655,2284.2270490386404,1243.2679736073121,1.0,1.0,255
7.266726672667267,784.8911478202122,1243.5647581574726,1.0,1.0,255
7.267726772677268,3853.789418338548,1238.720546524244,1.0,1.0,255
7.268726872687269,600.8963324641163,1253.9312121399419,1.0,1.0,255
7.26972697269727,1876.24727688578,1251.245772946823,1.0,1.0,255
7.27072707270727,2781.3444155801303,1228.7240054465408,1.0,1.0,255
7.271727172717272,2806.176073665784,1236.3296581279353,1.0,1.0,255
7.2727272727272725,4095.0,1270.1770387171214,1.0,1.0,255
7.273727372737274,0.0,1270.1770387171214,1.0,1.0,255
7.274727472747275,0.0,1270.1970387171214,1.0,1.0,255
7.275727572757276,3570.2954996595945,1265.1323308183337,1.0,1.0,255
7.276727672767277,2022.28057760933,1247.1773101036297,1.0,1.0,255
7.277727772777277,1191.6699889832962,1223.3639103239639,1.0,1.0,255
7.278727872787279,2253.4563683819465,1207.66805060182,1.0,1.0,255
7.2797279727972795,539.3985979847139,1237.6521054225489,1.0,1.0,255
7.280728072807281,1275.4159255947252,1212.1637869106544,1.0,1.0,255
7.281728172817282,3174.5579739169693,1224.0006113571455,1.0,1.0,255
7.282728272827283,4095.0,1263.8046792259913,1.0,1.0,255
7.283728372837284,969.7324757609147,1276.7903514382792,1.0,1.0,255
7.284728472847285,2580.6619565441833,1266.3716287687691,1.0,1.0,255
7.285728572857286,4095.0,1266.3716287687694,1.0,1.0,255
7.286728672867286,2724.4907577187905,1276.9350544004076,1.0,1.0,255
7.287728772877288,3303.679175637689,1261.0886379131612,1.0,1.0,255
7.2887288728872885,582.8803170502679,1249.431031572156,1.0,1.0,255
7.28972897289729,0.0,1249.431031572156,1.0,1.0,255
7.290729072907291,2884.9320005611653,1228.99740529678,1.0,1.0,255
7.291729172917292,1880.0682425865512,1214.2922915447741,1.0,1.0,255
7.292729272927293,2504.3572116324344,1212.2149031625142,1.0,1.0,255
7.293729372937293,0.0,1212.234903162514,1.0,1.0,255
7.294729472947295,4095.0,1237.0932390264136,1.0,1.0,255
7.2957295729572955,2339.2228360607915,1224.6422561189288,1.0,1.0,255
7.296729672967297,2827.290809336335,1237.5552505054977,1.0,1.0,255
7.297729772977298,2698.836553385853,1238.532880657748,1.0,1.0,255
7.298729872987299,3179.8407028051274,1232.8395207345554,1.0,1.0,255
7.2997299729973,1368.9483984273033,1225.644201104541,1.0,1.0,255
7.3007300730073,4095.0,1238.8057092249178,1.0,1.0,255
7.301730173017302,3516.553367319482,1227.2367765713075,1.0,1.0,255
7.3027302730273025,3409.3555867300315,1213.503888305908,1.0,1.0,255
7.303730373037304,1996.1706958914315,1173.6004743880794,1.0,1.0,255
7.304730473047305,3879.170550597858,1180.247663598431,1.0,1.0,255
7.305730573057306,2020.150326350766,1139.8646570714156,1.0,1.0,255
7.306730673067307,0.0,1143.8167689765228,1.0,1.0,255
7.307730773077307,0.0,1181.759881930347,1.0,1.0,255
7.308730873087309,1982.8777173908288,1142.1223275825305,1.0,1.0,255
7.3097309730973095,2804.1952913498562,1116.3062334095273,1.0,1.0,255
7.310731073107311,0.0,1116.3262334095273,1.0,1.0,255
7.311731173117312,4095.0,1140.4828884371238,1.0,1.0,255
7.312731273127313,0.0,1179.3270752089588,1.0,1.0,255
7.313731373137314,217.03590693575188,1174.986357070244,1.0,1.0,255
7.314731473147315,0.0,1210.8353934105044,1.0,1.0,255
7.315731573157316,1584.7338190494663,1215.3761760487423,1.0,1.0,255
7.316731673167316,3202.7487245689777,1213.2089734965261,1.0,1.0,255
7.317731773177318,0.0,1218.053185129755,1.0,1.0,255
7.3187318731873185,4095.0,1230.0511117790375,1.0,1.0,255
7.31973197319732,2584.606345811828,1237.3481842329898,1.0,1.0,255
7.320732073207321,806.8826645363968,1247.503642630659,1.0,1.0,255
7.321732173217322,2046.8449194189166,1232.363222768965,1.0,1.0,255
7.322732273227323,0.0,1232.3832227689652,1.0,1.0,255
7.323732373237323,1726.1184062038515,1197.860854644888,1.0,1.0,255
7.324732473247325,0.0,1197.860854644888,1.0,1.0,255
7.3257325732573255,0.0,1208.374944651696,1.0,1.0,255
7.326732673267327,404.12508961686194,1240.7380544115454,1.0,1.0,255
7.327732773277328,0.0,1264.5714541912112,1.0,1.0,255
7.328732873287329,2734.9123023857974,1274.2005728712884,1.0,1.0,255
7.32973297329733,3201.549169670971,1267.099528224402,1.0,1.0,255
7.33073307330733,4095.0,1292.5878467362968,1.0,1.0,255
7.331733173317332,2307.474887960675,1275.246185017171,1.0,1.0,255
7.3327332733273325,0.0,1275.266185017171,1.0,1.0,255
7.333733373337334,1808.135160468989,1258.4981313230094,1.0,1.0,255
7.334733473347335,711.4301595468512,1274.5762890011888,1.0,1.0,255
7.335733573357336,3597.583077030736,1264.6279505418033,1.0,1.0,255
7.336733673367337,1603.9507259431068,1259.9791208685656,1.0,1.0,255
7.337733773377337,2607.5433633867856,1246.0564046235477,1.0,1.0,255
7.338733873387339,3895.4958885891565,1253.7039287363361,1.0,1.0,255
7.3397339733973395,959.784949006762,1234.5082297562008,1.0,1.0,255
7.340734073407341,3173.4177900908403,1240.2779455467942,1.0,1.0,255
7.341734173417342,1517.2269402159359,1247.5347715942066,1.0,1.0,255
7.342734273427343,4060.1144587989174,1278.6499165375362,1.0,1.0,255
7.343734373437344,3354.9947308249534,1263.8298111540353,1.0,1.0,255
7.344734473447345,3679.35971657111,1255.5170054854573,1.0,1.0,255
7.345734573457346,4095.0,1290.6325487642416,1.0,1.0,255
7.346734673467346,4095.0,1315.986732577515,1.0,1.0,255
7.347734773477348,535.4502252690297,1333.220997004417,1.0,1.0,255
7.3487348734873486,787.0602102619666,1335.8029787430755,1.0,1.0,255
7.34973497349735,0.0,1363.1819467116213,1.0,1.0,255
7.350735073507351,2925.988951108953,1339.8017257338006,1.0,1.0,255
7.351735173517352,4095.0,1351.370658387411,1.0,1.0,255
7.352735273527353,4095.0,1365.0835466528106,1.0,1.0,255
7.353735373537353,2515.830602351023,1373.4035726176596,1.0,1.0,255
7.354735473547355,2010.1269186594423,1337.5376232325134,1.0,1.0,255
7.3557355735573555,0.0,1377.9406297595287,1.0,1.0,255
7.356735673567357,4095.0,1377.9206297595288,1.0,1.0,255
7.357735773577358,3972.3602980140013,1375.4478357198086,1.0,1.0,255
7.358735873587359,3788.714017560665,1408.9596704188384,1.0,1.0,255
7.35973597359736,1589.3231554215313,1403.0093014834106,1.0,1.0,255
7.36073607360736,769.6343471247073,1387.6166145409163,1.0,1.0,255
7.361736173617362,3839.0648002804182,1382.4979105465247,1.0,1.0,255
7.3627362736273625,4095.0,1382.4779105465248,1.0,1.0,255
7.363736373637364,0.0,1386.81862868524,1.0,1.0,255
7.364736473647365,0.0,1386.81862868524,1.0,1.0,255
7.365736573657366,3095.7308917598834,1398.5079229014268,1.0,1.0,255
7.366736673667367,2531.7979003351775,1385.0889064167507,1.0,1.0,255
7.367736773677367,1907.80672675407,1346.9327718816692,1.0,1.0,255
7.368736873687369,0.0,1346.9527718816694,1.0,1.0,255
7.3697369736973695,4095.0,1377.1606449654328,1.0,1.0,255
7.370737073707371,0.0,1393.298298256161,1.0,1.0,255
7.371737173717372,4095.0,1434.2151966445392,1.0,1.0,255
7.372737273727373,0.0,1434.215196644539,1.0,1.0,255
7.373737373737374,2371.1898448508528,1434.2413616656331,1.0,1.0,255
7.374737473747375,831.7338509013891,1417.6066846476053,1.0,1.0,255
7.375737573757376,1542.182416144735,1386.7630363247108,1.0,1.0,255
7.376737673767376,3815.0661052214728,1389.2268602214774,1.0,1.0,255
7.377737773777378,2940.9206295263552,1366.1252728120046,1.0,1.0,255
7.3787378737873786,711.5884710992723,1379.1152573423033,1.0,1.0,255
7.37973797379738,0.0,1397.004273948884,1.0,1.0,255
7.380738073807381,375.820232487717,1389.5078692991292,1.0,1.0,255
7.381738173817382,4095.0,1425.2583715399157,1.0,1.0,255
7.382738273827383,0.0,1425.258371539916,1.0,1.0,255
7.383738373837383,0.0,1461.4210747492957,1.0,1.0,255
7.384738473847385,3903.6144986906984,1471.8019679140468,1.0,1.0,255
7.3857385738573855,2246.753064023627,1444.7853676539046,1.0,1.0,255
7.386738673867387,0.0,1476.8643821727665,1.0,1.0,255
7.387738773877388,0.0,1506.633514905031,1.0,1.0,255
7.388738873887389,0.0,1510.6435971332478,1.0,1.0,255
7.38973897389739,2006.415222741377,1489.710991658556,1.0,1.0,255
7.39073907390739,2002.2208181909416,1468.11821949292,1.0,1.0,255
7.391739173917392,2587.542745255468,1468.2936132023483,1.0,1.0,255
7.3927392739273925,0.0,1469.01132402637,1.0,1.0,255
7.393739373937394,212.44278230902887,1479.5825737636908,1.0,1.0,255
7.394739473947395,2847.5734978809887,1462.946849389888,1.0,1.0,255
7.395739573957396,940.3084620006616,1444.160680149875,1.0,1.0,255
7.396739673967397,1437.8982789982463,1415.4227145699097,1.0,1.0,255
7.397739773977397,2324.3666716141506,1390.6990525075732,1.0,1.0,255
7.398739873987399,1576.3328295437493,1374.9136001219374,1.0,1.0,255
7.3997399739973995,1262.5894839626762,1349.6618104426834,1.0,1.0,255
7.400740074007401,2773.3507025143117,1346.6090454707912,1.0,1.0,255
7.401740174017402,1468.0780140439645,1317.2674851899117,1.0,1.0,255
7.402740274027403,218.69010890245931,1312.9136830118625,1.0,1.0,255
7.403740374037404,4095.0,1344.497070964842,1.0,1.0,255
7.404740474047405,1008.1896173761456,1364.5358169905076,1.0,1.0,255
7.405740574057406,3196.206678785412,1346.5399505662158,1.0,1.0,255
7.406740674067406,798.9147089094608,1330.5816563880267,1.0,1.0,255
7.407740774077408,0.0,1333.0544504277466,1.0,1.0,255
7.408740874087409,0.0,1339.2001700765331,1.0,1.0,255
7.40974097409741,4095.0,1370.9666331849637,1.0,1.0,255
7.410741074107411,2745.157840542011,1359.3424769382984,1.0,1.0,255
7.411741174117412,2057.2914816940993,1323.7070105665719,1.0,1.0,255
7.412741274127413,3915.100089815424,1320.10901236288,1.0,1.0,255
7.413741374137413,2704.0500647197696,1292.2700136572755,1.0,1.0,255
7.414741474147415,1405.456900016466,1264.1608756569462,1.0,1.0,255
7.4157415741574155,3125.039457706498,1264.7470469758787,1.0,1.0,255
7.416741674167417,4095.0,1296.0110889691753,1.0,1.0,255
7.417741774177418,231.09615737919034,1329.5453003566727,1.0,1.0,255
7.418741874187419,0.0,1329.545300356673,1.0,1.0,255
7.41974197419742,3734.662126111013,1322.3385428788931,1.0,1.0,255
7.42074207420742,0.0,1322.3385428788931,1.0,1.0,255
7.421742174217422,1694.7695957969795,1288.4631509629535,1.0,1.0,255
7.4227422742274225,960.673349204216,1269.2496839788691,1.0,1.0,255
7.423742374237424,861.3881512614059,1286.518124056624,1.0,1.0,255
7.424742474247425,4095.0,1303.132801074652,1.0,1.0,255
7.425742574257426,0.0,1333.9764493975467,1.0,1.0,255
7.426742674267427,4095.0,1339.575127293117,1.0,1.0,255
7.427742774277427,0.0,1362.6767147025903,1.0,1.0,255
7.428742874287429,192.53901098604229,1373.0577039048546,1.0,1.0,255
7.4297429742974295,4095.0,1373.037703904855,1.0,1.0,255
7.430743074307431,3516.843981178754,1368.9709881781841,1.0,1.0,255
7.431743174317432,1788.7338074917643,1333.2163120283492,1.0,1.0,255
7.432743274327433,4095.0,1333.196312028349,1.0,1.0,255
7.433743374337434,2370.669256857887,1298.689697165507,1.0,1.0,255
7.434743474347435,3269.0636986246404,1285.9986811641857,1.0,1.0,255
7.435743574357436,4068.3573674281506,1322.4307672322764,1.0,1.0,255
7.436743674367436,3708.4434116025013,1314.679635464326,1.0,1.0,255
7.437743774377438,604.16749635163,1302.5962855372934,1.0,1.0,255
7.438743874387439,0.0,1302.5962855372934,1.0,1.0,255
7.43974397439744,2330.7688684807667,1307.419967361736,1.0,1.0,255
7.440744074407441,4095.0,1347.4443837255553,1.0,1.0,255
7.441744174417442,4095.0,1377.5935288204457,1.0,1.0,255
7.442744274427443,4095.0,1377.573528820446,1.0,1.0,255
7.443744374437443,4095.0,1381.8023844666268,1.0,1.0,255
7.444744474447445,1399.1127304033394,1378.7886599009396,1.0,1.0,255
7.4457445744574455,4095.0,1397.5748291409527,1.0,1.0,255
7.446744674467447,4095.0,1426.3127947209175,1.0,1.0,255
7.447744774477448,510.88163071302915,1451.527828674374,1.0,1.0,255
7.448744874487449,2245.680935143425,1446.0481039681174,1.0,1.0,255
7.44974497449745,4095.0,1471.2798936473712,1.0,1.0,255
7.45074507450745,1021.3183139056664,1477.3065133189718,1.0,1.0,255
7.451745174517452,0.0,1506.6680735998511,1.0,1.0,255
7.4527452745274525,4095.0,1511.0218757779,1.0,1.0,255
7.453745374537454,0.0,1511.0418757779003,1.0,1.0,255
7.454745474547455,1746.399625574822,1496.2776756139265,1.0,1.0,255
7.455745574557456,4095.0,1514.253542038219,1.0,1.0,255
7.456745674567457,4095.0,1530.2118362164078,1.0,1.0,255
7.457745774577457,0.0,1530.2118362164078,1.0,1.0,255
7.458745874587459,1359.6310227995625,1503.0192157604167,1.0,1.0,255
7.4597459745974595,1384.0188735677532,1475.3588382890616,1.0,1.0,255
7.460746074607461,4048.859379350019,1501.4328690652217,1.0,1.0,255
7.461746174617462,2656.5403429514017,1513.4178462903678,1.0,1.0,255
7.462746274627463,2304.9865404862358,1481.215575303784,1.0,1.0,255
7.463746374637464,3865.153841413837,1504.4376508376652,1.0,1.0,255
7.464746474647465,1412.6833974351944,1504.2931208892912,1.0,1.0,255
7.465746574657466,2127.289427247526,1484.3381202801115,1.0,1.0,255
7.466746674667466,0.0,1484.3581202801113,1.0,1.0,255
7.467746774677468,0.0,1488.9800434276951,1.0,1.0,255
7.468746874687469,1645.679559233366,1456.066452243028,1.0,1.0,255
7.46974697469747,0.0,1463.2932097208077,1.0,1.0,255
7.470747074707471,388.76226806814543,1455.5179643594445,1.0,1.0,255
7.471747174717472,1639.1998089487163,1456.6293600964098,1.0,1.0,255
7.472747274727473,1903.1340484175894,1437.7801461121423,1.0,1.0,255
7.473747374737473,4095.0,1454.9879091373703,1.0,1.0,255
7.474747474747475,2382.8638943762185,1420.7451870248947,1.0,1.0,255
7.4757475747574755,3669.9350792591017,1412.2238886100768,1.0,1.0,255
7.476747674767477,4095.0,1412.2238886100768,1.0,1.0,255
7.477747774777478,891.5160599915403,1394.393567410246,1.0,1.0,255
7.478747874787479,2144.8832156169638,1359.2220119423062,1.0,1.0,255
7.47974797479748,4001.5862042471235,1357.3537360272487,1.0,1.0,255
7.48074807480748,2224.4460089503696,1331.505776582681,1.0,1.0,255
7.481748174817482,3352.1714587089996,1352.4038819066961,1.0,1.0,255
7.4827482748274825,1671.0611571211937,1319.0026587642724,1.0,1.0,255
7.483748374837484,0.0,1353.5092736271147,1.0,1.0,255
7.484748474847485,3328.0879253740113,1354.6897581621022,1.0,1.0,255
7.485748574857486,24.55639417361317,1354.7514829300667,1.0,1.0,255
7.486748674867487,0.0,1362.502614698017,1.0,1.0,255
7.487748774877487,1681.713579482092,1340.9516930354075,1.0,1.0,255
7.488748874887489,2119.5284341823813,1301.422261719055,1.0,1.0,255
7.4897489748974895,4095.0,1336.7068843494396,1.0,1.0,255
7.490749074907491,2037.4763040927135,1295.9773582675855,1.0,1.0,255
7.491749174917492,1985.3834785085792,1256.289688697414,1.0,1.0,255
7.492749274927493,0.0,1256.309688697414,1.0,1.0,255
7.493749374937494,694.8469511261096,1242.4327496748917,1.0,1.0,255
7.494749474947495,0.0,1270.4150042829588,1.0,1.0,255
7.495749574957496,2816.816998962196,1244.8513442622027,1.0,1.0,255
7.4967496749674964,4095.0,1244.8513442622027,1.0,1.0,255
7.497749774977498,3105.131353503093,1235.2516039465252,1.0,1.0,255
7.498749874987499,1322.6524436295927,1245.8049363710647,1.0,1.0,255
7.4997499749975,4095.0,1245.8049363710647,1.0,1.0,255
7.500750075007501,0.0,1266.2313026491784,1.0,1.0,255
7.501750175017502,2450.2913654750078,1233.3171299586784,1.0,1.0,255
7.502750275027503,4095.0,1233.3171299586784,1.0,1.0,255
7.503750375037503,1964.9280884863256,1194.0185681889518,1.0,1.0,255
7.504750475047505,2668.0254278149278,1200.3870692567468,1.0,1.0,255
7.5057505750575055,0.0,1200.4070692567468,1.0,1.0,255
7.506750675067507,4095.0,1200.4070692567466,1.0,1.0,255
7.507750775077508,4095.0,1200.3870692567468,1.0,1.0,255
7.508750875087509,1662.5439766453549,1194.3288101798307,1.0,1.0,255
7.50975097509751,1948.8487574436836,1183.0322125023122,1.0,1.0,255
7.51075107510751,4095.0,1183.9550249153117,1.0,1.0,255
7.511751175117512,3943.9341544654962,1209.7029011455936,1.0,1.0,255
7.5127512751275125,310.57141756332067,1239.3117419846026,1.0,1.0,255
7.513751375137514,709.2432166031147,1229.7438008242636,1.0,1.0,255
7.514751475147515,2248.774534036291,1221.0529594536933,1.0,1.0,255
7.515751575157516,3711.413324211051,1252.7354373929638,1.0,1.0,255
7.516751675167517,0.0,1252.7354373929636,1.0,1.0,255
7.517751775177517,2094.2938901032644,1212.7013151950287,1.0,1.0,255
7.518751875187519,4095.0,1245.594906379696,1.0,1.0,255
7.5197519751975195,2188.210420542068,1207.4391147905378,1.0,1.0,255
7.520752075207521,4095.0,1215.1943601519006,1.0,1.0,255
7.521752175217522,0.0,1247.9783563308747,1.0,1.0,255
7.522752275227523,3717.1884276110277,1278.4648058514472,1.0,1.0,255
7.523752375237524,4095.0,1278.4648058514474,1.0,1.0,255
7.524752475247525,1005.0015105191276,1292.6274977535404,1.0,1.0,255
7.525752575257526,2793.0403303158064,1275.0896027746744,1.0,1.0,255
7.5267526752675264,3143.5424783938615,1256.0604523425518,1.0,1.0,255
7.527752775277528,4031.2347651932823,1272.5954688462482,1.0,1.0,255
7.528752875287529,3294.4428749355498,1295.5866620326199,1.0,1.0,255
7.52975297529753,3442.3860881686232,1284.4026597110499,1.0,1.0,255
7.530753075307531,0.0,1321.8337395320425,1.0,1.0,255
7.531753175317532,3889.551739012501,1332.5813451381123,1.0,1.0,255
7.532753275327533,4095.0,1365.9825682805365,1.0,1.0,255
7.533753375337533,2448.469842757384,1333.0319651356842,1.0,1.0,255
7.534753475347535,4095.0,1348.3702066282037,1.0,1.0,255
7.5357535753575355,0.0,1348.8613345116762,1.0,1.0,255
7.536753675367537,3044.4045793553432,1327.829426098783,1.0,1.0,255
7.537753775377538,1972.1516959570324,1322.020663769284,1.0,1.0,255
7.538753875387539,1716.0963587080614,1327.228167911475,1.0,1.0,255
7.53975397539754,2058.9279374422517,1286.5067266603203,1.0,1.0,255
7.54075407540754,2128.696952500527,1287.9101917921853,1.0,1.0,255
7.541754175417542,2365.5149256918644,1293.0081598761942,1.0,1.0,255
7.5427542754275425,288.17273723292556,1287.2447051315355,1.0,1.0,255
7.543754375437544,3423.9975817609266,1287.701595789276,1.0,1.0,255
7.544754475447545,2.480973208687601,1287.6519763251024,1.0,1.0,255
7.545754575457546,0.0,1313.2356363458584,1.0,1.0,255
7.546754675467547,0.0,1313.2556363458584,1.0,1.0,255
7.547754775477547,2570.5947388427426,1302.5649040526516,1.0,1.0,255
7.548754875487549,4095.0,1328.9979529252432,1.0,1.0,255
7.5497549754975495,2117.4145411195004,1289.4462437476332,1.0,1.0,255
7.550755075507551,3279.1671247777786,1273.109586243189,1.0,1.0,255
7.551755175517552,1604.7305757839258,1273.9291474180102,1.0,1.0,255
7.552755275527553,3742.965969562676,1266.8884668092637,1.0,1.0,255
7.553755375537554,4095.0,1306.1670285789903,1.0,1.0,255
7.554755475547555,838.3578431146743,1317.9593631603982,1.0,1.0,255
7.555755575557556,1570.9440740326872,1286.5404816797445,1.0,1.0,255
7.5567556755675565,4095.0,1286.5404816797445,1.0,1.0,255
7.557755775577558,0.0,1286.5604816797445,1.0,1.0,255
7.558755875587559,4095.0,1319.7913612126515,1.0,1.0,255
7.55975597559756,406.72204012778775,1350.6338955589695,1.0,1.0,255
7.560756075607561,0.0,1350.6538955589695,1.0,1.0,255
7.561756175617562,1312.2387151108182,1327.4504381674435,1.0,1.0,255
7.562756275627563,4095.0,1333.6418665187095,1.0,1.0,255
7.563756375637563,2648.2679715304357,1318.8720902813805,1.0,1.0,255
7.564756475647565,2206.204854750639,1318.0206966956675,1.0,1.0,255
7.5657565756575655,754.7368593311228,1310.617693024824,1.0,1.0,255
7.566756675667567,1393.6181545001411,1282.745329934821,1.0,1.0,255
7.567756775677568,3404.6843006795507,1308.9531381463469,1.0,1.0,255
7.568756875687569,0.0,1308.9731381463469,1.0,1.0,255
7.56975697569757,0.0,1347.1289297355054,1.0,1.0,255
7.57075707570757,1579.9589197692083,1315.5497513401215,1.0,1.0,255
7.571757175717572,2010.7518789834091,1275.3347137604533,1.0,1.0,255
7.5727572757275725,1590.4417740693602,1251.1021097268451,1.0,1.0,255
7.573757375737574,4095.0,1251.1021097268454,1.0,1.0,255
7.574757475747575,2492.4826723526535,1239.131793384281,1.0,1.0,255
7.575757575757576,1611.1830811117302,1232.9673251557301,1.0,1.0,255
7.576757675767577,0.0,1252.016475587853,1.0,1.0,255
7.577757775777577,1088.8309127480588,1231.5351620290262,1.0,1.0,255
7.578757875787579,1453.1659493310615,1218.5029855436942,1.0,1.0,255
7.5797579757975795,456.8615225145286,1222.4380333300312,1.0,1.0,255
7.580758075807581,2932.4885701555336,1199.1678047331418,1.0,1.0,255
7.581758175817582,2476.948807081051,1170.9157460945128,1.0,1.0,255
7.582758275827583,4095.0,1170.9157460945128,1.0,1.0,255
7.583758375837584,1840.1471356264376,1167.0634065268364,1.0,1.0,255
7.584758475847585,2650.379318054993,1138.1709928879363,1.0,1.0,255
7.585758575857586,2883.770599986047,1113.926404887657,1.0,1.0,255
7.5867586758675865,4095.0,1134.9383133005504,1.0,1.0,255
7.587758775877588,2226.323039059672,1136.9878080008843,1.0,1.0,255
7.588758875887589,2588.205411712841,1141.1538434093025,1.0,1.0,255
7.58975897589759,1076.4641990455677,1160.3660006795462,1.0,1.0,255
7.590759075907591,2270.967425868697,1163.2114101469094,1.0,1.0,255
7.591759175917592,1942.5299830840593,1158.970511971391,1.0,1.0,255
7.592759275927593,539.955979114995,1153.9348471337494,1.0,1.0,255
7.593759375937593,2329.987191169475,1132.0546393219204,1.0,1.0,255
7.594759475947595,3722.7551248914892,1124.639361283924,1.0,1.0,255
7.5957595759575955,2840.112771533346,1099.521616714591,1.0,1.0,255
7.596759675967597,1948.9319976044474,1060.542976762502,1.0,1.0,255
7.597759775977598,4095.0,1091.031081985647,1.0,1.0,255
7.598759875987599,2884.189148523098,1066.814864956109,1.0,1.0,255
7.5997599759976,2746.8627937398096,1079.4038300085153,1.0,1.0,255
7.6007600760076,0.0,1095.7404875129596,1.0,1.0,255
7.601760176017602,2274.449083306324,1091.4040806947648,1.0,1.0,255
7.6027602760276025,4095.0,1098.444761303511,1.0,1.0,255
7.603760376037604,0.0,1098.464761303511,1.0,1.0,255
7.604760476047605,2678.4987568471715,1086.8818933027478,1.0,1.0,255
7.605760576057606,2895.8366545657877,1094.2975078747172,1.0,1.0,255
7.606760676067607,0.0,1094.3175078747172,1.0,1.0,255
7.607760776077607,0.0,1094.3175078747172,1.0,1.0,255
7.608760876087609,2031.6237827519099,1053.7050322196794,1.0,1.0,255
7.6097609760976095,1083.4806705946658,1040.1698596103417,1.0,1.0,255
7.610761076107611,2047.8620211646376,999.212619187049,1.0,1.0,255
7.611761176117612,1260.8975063035443,1000.2394433631946,1.0,1.0,255
7.612761276127613,2253.4446094178484,963.4083355515515,1.0,1.0,255
7.613761376137614,4095.0,992.3429761209428,1.0,1.0,255
7.614761476147615,657.5332577885217,1016.9882138701598,1.0,1.0,255
7.615761576157616,4095.0,1032.0629510567821,1.0,1.0,255
7.6167616761676165,2726.6191042583223,1032.5476962319515,1.0,1.0,255
7.617761776177618,3546.7030671453467,1035.3880715612672,1.0,1.0,255
7.618761876187619,480.27002201026085,1025.782671121062,1.0,1.0,255
7.61976197619762,3505.832995676441,1013.9793310345908,1.0,1.0,255
7.620762076207621,171.54441315598183,1042.1476211668553,1.0,1.0,255
7.621762176217622,1433.5675037086419,1053.6913086723505,1.0,1.0,255
7.622762276227623,4095.0,1085.4801441537377,1.0,1.0,255
7.623762376237623,4095.0,1085.4801441537381,1.0,1.0,255
7.624762476247625,1788.5840886239525,1081.778808934206,1.0,1.0,255
7.6257625762576255,0.0,1114.0024705564406,1.0,1.0,255
7.626762676267627,1038.1452071562421,1093.2395664133155,1.0,1.0,255
7.627762776277628,747.4036786060149,1100.0681110961564,1.0,1.0,255
7.628762876287629,4095.0,1129.1114300827776,1.0,1.0,255
7.62976297629763,1132.7797906025667,1115.5930647210168,1.0,1.0,255
7.63076307630763,2854.9460895109682,1114.0422151081254,1.0,1.0,255
7.631763176317632,0.0,1146.4232389665044,1.0,1.0,255
7.6327632763276325,569.6552103281351,1135.0501347599418,1.0,1.0,255
7.633763376337634,4058.408927228944,1171.1012560170493,1.0,1.0,255
7.634763476347635,4095.0,1199.9936696559496,1.0,1.0,255
7.635763576357636,668.2675193876444,1210.8729072684757,1.0,1.0,255
7.636763676367637,1049.3484027249638,1189.9059392139766,1.0,1.0,255
7.637763776377637,3312.2623830131324,1211.6247260930459,1.0,1.0,255
7.638763876387639,3633.71316507911,1232.5348811603712,1.0,1.0,255
7.6397639763976395,4095.0,1254.0441651412825,1.0,1.0,255
7.640764076407641,4095.0,1290.5248166239085,1.0,1.0,255
7.641764176417642,4095.0,1329.3554162855899,1.0,1.0,255
7.642764276427643,0.0,1340.1545358678895,1.0,1.0,255
7.643764376437644,0.0,1375.4747920445004,1.0,1.0,255
7.644764476447645,2919.165792802528,1359.403005402721,1.0,1.0,255
7.645764576457646,1501.6556932025692,1354.4876361080026,1.0,1.0,255
7.6467646764676465,1450.1944492833215,1364.4623870744251,1.0,1.0,255
7.647764776477648,1392.2428280953218,1336.637530512519,1.0,1.0,255
7.648764876487649,1406.1888419401835,1332.749970703253,1.0,1.0,255
7.64976497649765,3656.7349149192687,1350.9474131268425,1.0,1.0,255
7.650765076507651,1892.7517829531328,1313.0923774677797,1.0,1.0,255
7.651765176517652,3920.8711033341497,1346.020817868336,1.0,1.0,255
7.652765276527653,1834.9285532454217,1309.3422468034278,1.0,1.0,255
7.653765376537653,0.0,1309.3422468034278,1.0,1.0,255
7.654765476547655,4095.0,1337.6722716664842,1.0,1.0,255
7.6557655765576555,4095.0,1361.6555385751685,1.0,1.0,255
7.656765676567657,4095.0,1361.6355385751688,1.0,1.0,255
7.657765776577658,217.9442651972904,1357.2766532712228,1.0,1.0,255
7.658765876587659,2926.9868247663853,1374.5288654215888,1.0,1.0,255
7.65976597659766,4095.0,1396.1784788334821,1.0,1.0,255
7.66076607660766,2215.4501132069,1399.5247215209126,1.0,1.0,255
7.661766176617662,1569.3654670843657,1393.3553623052962,1.0,1.0,255
7.6627662766276625,0.0,1430.2064701169393,1.0,1.0,255
7.663766376637664,2719.462239180601,1402.6957149005511,1.0,1.0,255
7.664766476647665,4095.0,1415.8263800563216,1.0,1.0,255
7.665766576657666,0.0,1415.8463800563216,1.0,1.0,255
7.666766676667667,437.21380427986924,1434.4897218855576,1.0,1.0,255
7.667766776677667,1796.5635074620309,1409.5443903934097,1.0,1.0,255
7.668766876687669,0.0,1419.1497908336148,1.0,1.0,255
7.6697669766976695,0.0,1430.953130920086,1.0,1.0,255
7.670767076707671,616.2023515448998,1422.059972152308,1.0,1.0,255
7.671767176717672,1019.7592634556092,1430.3361369573688,1.0,1.0,255
7.672767276727673,0.0,1430.3561369573688,1.0,1.0,255
7.673767376737674,4095.0,1430.3561369573688,1.0,1.0,255
7.674767476747675,2163.147400713601,1427.47076674412,1.0,1.0,255
7.675767576757676,4095.0,1427.45076674412,1.0,1.0,255
7.6767676767676765,3600.8175559717447,1438.31002200668,1.0,1.0,255
7.677767776777678,0.0,1453.2580955788005,1.0,1.0,255
7.678767876787679,1332.4347027097037,1426.629401524606,1.0,1.0,255
7.67976797679768,645.4519756121058,1436.3759578244153,1.0,1.0,255
7.680768076807681,4095.0,1461.177036034196,1.0,1.0,255
7.681768176817682,4095.0,1461.157036034196,1.0,1.0,255
7.682768276827683,3848.2491797391085,1467.5951238355408,1.0,1.0,255
7.683768376837683,4095.0,1468.326945290962,1.0,1.0,255
7.684768476847685,605.5760921513317,1456.2354234479355,1.0,1.0,255
7.6857685768576856,547.2454071627103,1458.655865692434,1.0,1.0,255
7.686768676867687,410.96991747768493,1471.4234353973795,1.0,1.0,255
7.687768776877688,3134.7292006083158,1467.8727717492832,1.0,1.0,255
7.688768876887689,0.0,1477.1185084477008,1.0,1.0,255
7.68976897689769,0.0,1477.1385084477008,1.0,1.0,255
7.69076907690769,834.6122698411582,1460.4662630508778,1.0,1.0,255
7.691769176917692,3043.127235231629,1439.4288077555104,1.0,1.0,255
7.6927692769276925,432.76018692695243,1430.7736040169714,1.0,1.0,255
7.693769376937694,4095.0,1430.7536040169714,1.0,1.0,255
7.694769476947695,706.646675172108,1440.157354657479,1.0,1.0,255
7.695769576957696,4095.0,1470.1704685215302,1.0,1.0,255
7.696769676967697,3473.3089434153308,1486.7205363755033,1.0,1.0,255
7.697769776977697,0.0,1514.56539293741,1.0,1.0,255
7.698769876987699,1899.3834264056138,1504.701501248101,1.0,1.0,255
7.6997699769976995,3931.2292098328635,1510.1913871463728,1.0,1.0,255
7.700770077007701,457.3104510343576,1538.9002137847485,1.0,1.0,255
7.701770177017702,3872.3662356687996,1537.9301164314415,1.0,1.0,255
7.702770277027703,0.0,1574.62868749635,1.0,1.0,255
7.703770377037704,1003.6324943864408,1554.5560376086212,1.0,1.0,255
7.704770477047705,2201.653798326931,1516.6891135751598,1.0,1.0,255
7.705770577057706,4095.0,1516.6891135751598,1.0,1.0,255
7.7067706770677065,0.0,1516.7091135751598,1.0,1.0,255
7.707770777077708,3775.262565590606,1514.6532501909178,1.0,1.0,255
7.708770877087709,0.0,1538.03351369559,1.0,1.0,255
7.70977097709771,3630.5304665782605,1528.7441230271552,1.0,1.0,255
7.710771077107711,1665.9210103976393,1533.0367005550645,1.0,1.0,255
7.711771177117712,4095.0,1564.4040098967519,1.0,1.0,255
7.712771277127713,4095.0,1564.3840098967516,1.0,1.0,255
7.713771377137713,1918.4953510783,1553.544858091574,1.0,1.0,255
7.714771477147715,1236.288890546732,1528.839080280639,1.0,1.0,255
7.7157715771577156,2853.6889479080496,1503.9928592388005,1.0,1.0,255
7.716771677167717,1573.3074197207984,1481.2709869299817,1.0,1.0,255
7.717771777177718,2920.441214600263,1493.6910813712277,1.0,1.0,255
7.718771877187719,4095.0,1493.6710813712277,1.0,1.0,255
7.71977197719772,4095.0,1493.6510813712275,1.0,1.0,255
7.72077207720772,1430.8097295345615,1477.3589338114343,1.0,1.0,255
7.721772177217722,2758.9131328662925,1471.012381737872,1.0,1.0,255
7.7227722772277225,1669.8108723433413,1437.6161642910051,1.0,1.0,255
7.723772377237724,2129.3372414863693,1398.3029091207327,1.0,1.0,255
7.724772477247725,3071.3526604902368,1416.4670143162655,1.0,1.0,255
7.725772577257726,2777.5855200543456,1390.1187247173523,1.0,1.0,255
7.726772677267727,3730.621488811399,1392.7148033741457,1.0,1.0,255
7.727772777277727,769.7101083635332,1377.320601206875,1.0,1.0,255
7.728772877287729,328.51338656613507,1397.399027529746,1.0,1.0,255
7.7297729772977295,4095.0,1410.2880670419881,1.0,1.0,255
7.730773077307731,0.0,1410.308067041988,1.0,1.0,255
7.731773177317732,0.0,1410.3280670419879,1.0,1.0,255
7.732773277327733,0.0,1415.2830834472056,1.0,1.0,255
7.733773377337734,1975.5712669237878,1375.79165810873,1.0,1.0,255
7.734773477347735,2429.9128146591547,1354.58143624494,1.0,1.0,255
7.735773577357736,4095.0,1365.5063443881943,1.0,1.0,255
7.7367736773677365,0.0,1373.7257427377474,1.0,1.0,255
7.737773777377738,4095.0,1392.9311587255816,1.0,1.0,255
7.738773877387739,4095.0,1392.9111587255816,1.0,1.0,255
7.73977397739774,4095.0,1392.8911587255816,1.0,1.0,255
7.740774077407741,605.8263339789585,1397.466877442825,1.0,1.0,255
7.741774177417742,1490.089900853835,1388.7225347211163,1.0,1.0,255
7.742774277427743,3232.218070337084,1380.1020998663964,1.0,1.0,255
7.743774377437743,4095.0,1380.1020998663967,1.0,1.0,255
7.744774477447745,1502.6999522263536,1364.1810343253119,1.0,1.0,255
7.745774577457746,3150.4173922575173,1345.289382170462,1.0,1.0,255
7.746774677467747,1790.8089747097756,1321.9270238079603,1.0,1.0,255
7.747774777477748,0.0,1321.9270238079603,1.0,1.0,255
7.748774877487749,0.0,1359.9146923360722,1.0,1.0,255
7.74977497749775,1913.307351913461,1324.9439611011462,1.0,1.0,255
7.75077507750775,2591.6354486667883,1304.002879095169,1.0,1.0,255
7.751775177517752,1881.0612020343249,1270.8543303411063,1.0,1.0,255
7.7527752775277525,3902.3963720336915,1266.9822577817802,1.0,1.0,255
7.753775377537754,3734.0475229482886,1279.815858128475,1.0,1.0,255
7.754775477547755,4095.0,1317.682782161936,1.0,1.0,255
7.755775577557756,0.0,1317.702782161936,1.0,1.0,255
7.756775677567757,4095.0,1317.682782161936,1.0,1.0,255
7.757775777577757,4095.0,1324.0775308501243,1.0,1.0,255
7.758775877587759,0.0,1324.0775308501243,1.0,1.0,255
7.7597759775977595,3652.3743057626325,1324.5144076338117,1.0,1.0,255
7.760776077607761,0.0,1357.8328278417646,1.0,1.0,255
7.761776177617762,450.3809001552697,1348.8452098386592,1.0,1.0,255
7.762776277627763,0.0,1348.8652098386592,1.0,1.0,255
7.763776377637764,3680.612525818009,1378.9273673765854,1.0,1.0,255
7.764776477647765,4095.0,1403.6331451875199,1.0,1.0,255
7.765776577657766,3282.147047151122,1412.2023071723813,1.0,1.0,255
7.7667766776677665,3123.7676316158754,1424.223808199115,1.0,1.0,255
7.767776777677768,1057.6914729386433,1426.5811544483365,1.0,1.0,255
7.768776877687769,4095.0,1426.5811544483365,1.0,1.0,255
7.76977697769777,1555.965570981486,1395.4818430287064,1.0,1.0,255
7.770777077707771,390.74889944640995,1416.2830596304696,1.0,1.0,255
7.771777177717772,1835.7955414997043,1406.3088861431502,1.0,1.0,255
7.772777277727773,2433.4805907046866,1406.4547154041106,1.0,1.0,255
7.773777377737773,3483.8881229275667,1433.5457330329345,1.0,1.0,255
7.774777477747775,0.0,1454.03867982313,1.0,1.0,255
7.775777577757776,4043.492615873419,1479.3568217395111,1.0,1.0,255
7.776777677767777,0.0,1486.6643919632832,1.0,1.0,255
7.777777777777778,0.0,1502.0585941305542,1.0,1.0,255
7.778777877787779,1693.4149338913737,1474.760563184049,1.0,1.0,255
7.77977797779778,1854.6365413092708,1437.6878323578637,1.0,1.0,255
7.78077807780778,3009.6037492757737,1415.959907343379,1.0,1.0,255
7.781778177817782,831.9298638770713,1399.3213100658375,1.0,1.0,255
7.7827782778277825,4095.0,1399.3013100658375,1.0,1.0,255
7.783778377837784,546.4669020024799,1427.8833973642643,1.0,1.0,255
7.784778477847785,4095.0,1461.1851410710808,1.0,1.0,255
7.785778577857786,2206.3496498135223,1423.4121340673512,1.0,1.0,255
7.786778677867787,0.0,1423.4121340673512,1.0,1.0,255
7.787778777877787,1484.881542996094,1393.7345032074293,1.0,1.0,255
7.788778877887789,3157.6771820087906,1374.9880468476051,1.0,1.0,255
7.7897789778977895,0.0,1375.008046847605,1.0,1.0,255
7.790779077907791,3333.156935719189,1371.8677122415681,1.0,1.0,255
7.791779177917792,4095.0,1401.6495102586448,1.0,1.0,255
7.792779277927793,4095.0,1418.9051488519033,1.0,1.0,255
7.793779377937794,0.0,1418.9251488519033,1.0,1.0,255
7.794779477947795,1969.511167965354,1409.5889245371231,1.0,1.0,255
7.795779577957796,798.8310861186817,1412.5239549695993,1.0,1.0,255
7.7967796779677965,3222.8508874564454,1430.8771522129236,1.0,1.0,255
7.797779777977798,0.0,1430.8771522129236,1.0,1.0,255
7.798779877987799,1453.6579797109566,1401.8039926187041,1.0,1.0,255
7.7997799779978,2788.638212561259,1413.9229039081984,1.0,1.0,255
7.800780078007801,1143.041748478225,1421.1493599652981,1.0,1.0,255
7.801780178017802,0.0,1458.7705840059848,1.0,1.0,255
7.802780278027803,1019.1516042318917,1442.259624480673,1.0,1.0,255
7.8037803780378034,4095.0,1449.4786740217073,1.0,1.0,255
7.804780478047805,0.0,1449.498674021707,1.0,1.0,255
7.805780578057806,0.0,1449.4986740217073,1.0,1.0,255
7.806780678067807,0.0,1449.5186740217073,1.0,1.0,255
7.807780778077808,4095.0,1449.5186740217073,1.0,1.0,255
7.808780878087809,4095.0,1449.4986740217073,1.0,1.0,255
7.80978097809781,123.63145804277406,1455.8985587455993,1.0,1.0,255
7.81078107810781,3620.909979850454,1446.3967583426088,1.0,1.0,255
7.811781178117812,0.0,1455.404376345714,1.0,1.0,255
7.8127812781278125,957.5438131333956,1436.253500083046,1.0,1.0,255
7.813781378137814,968.6665664125576,1425.1879182384346,1.0,1.0,255
7.814781478147815,0.0,1425.2079182384346,1.0,1.0,255
7.815781578157816,3594.331120536388,1431.4515997061399,1.0,1.0,255
7.816781678167817,4095.0,1450.8762470738222,1.0,1.0,255
7.817781778177817,2493.551929144975,1439.9811151154945,1.0,1.0,255
7.818781878187819,4095.0,1439.9811151154947,1.0,1.0,255
7.8197819781978195,2735.550091415951,1443.8914283634433,1.0,1.0,255
7.820782078207821,3647.591801570057,1442.738242383773,1.0,1.0,255
7.821782178217822,2832.7168838214875,1454.1884908901966,1.0,1.0,255
7.822782278227823,4095.0,1487.418879076103,1.0,1.0,255
7.823782378237824,3407.825118506884,1485.8976189876894,1.0,1.0,255
7.824782478247825,0.0,1485.8976189876894,1.0,1.0,255
7.825782578257826,2230.713627628033,1449.6420392227817,1.0,1.0,255
7.8267826782678265,1840.3612839050313,1412.8348135446809,1.0,1.0,255
7.827782778277828,1472.9700341646817,1383.3754128613875,1.0,1.0,255
7.828782878287829,2584.7136498344066,1387.017984535903,1.0,1.0,255
7.82978297829783,1029.9847744449403,1403.5110198731898,1.0,1.0,255
7.830783078307831,3101.714793443861,1405.3532407565515,1.0,1.0,255
7.831783178317832,2586.632370332241,1391.8044854407376,1.0,1.0,255
7.832783278327833,4095.0,1391.8044854407376,1.0,1.0,255
7.8337833783378334,4095.0,1402.7138234807871,1.0,1.0,255
7.834783478347835,4095.0,1402.7138234807871,1.0,1.0,255
7.835783578357836,2064.2838966891445,1399.8725084182995,1.0,1.0,255
7.836783678367837,4095.0,1399.8525084182995,1.0,1.0,255
7.837783778377838,3424.481909021385,1416.119777458649,1.0,1.0,255
7.838783878387839,2275.316549471016,1398.4725648078936,1.0,1.0,255
7.83978397839784,2641.6294554606498,1369.3851539171062,1.0,1.0,255
7.84078407840784,4095.0,1384.6220152027224,1.0,1.0,255
7.841784178417842,1151.0676659542073,1361.6206618836386,1.0,1.0,255
7.8427842784278425,4095.0,1361.6206618836388,1.0,1.0,255
7.843784378437844,299.54992027272624,1355.6296634781843,1.0,1.0,255
7.844784478447845,4095.0,1394.9998868374914,1.0,1.0,255
7.845784578457846,0.0,1410.9765085598651,1.0,1.0,255
7.846784678467847,3291.150676536809,1412.342504341472,1.0,1.0,255
7.847784778477847,1180.1774690788056,1388.7389549598959,1.0,1.0,255
7.848784878487849,4095.0,1417.7921145541152,1.0,1.0,255
7.8497849784978495,1846.1821103257491,1407.015708096375,1.0,1.0,255
7.850785078507851,0.0,1429.8765430659394,1.0,1.0,255
7.851785178517852,4095.0,1429.8565430659396,1.0,1.0,255
7.852785278527853,0.0,1450.2395751505774,1.0,1.0,255
7.853785378537854,0.0,1450.2595751505776,1.0,1.0,255
7.854785478547855,3504.920353978553,1438.4379822301482,1.0,1.0,255
7.855785578557856,2148.294716430142,1399.4838765587515,1.0,1.0,255
7.8567856785678565,0.0,1399.4838765587515,1.0,1.0,255
7.857785778577858,4095.0,1399.4838765587515,1.0,1.0,255
7.858785878587859,4095.0,1399.4838765587513,1.0,1.0,255
7.85978597859786,1263.9449093374851,1376.677607532857,1.0,1.0,255
7.860786078607861,0.0,1386.1794079358483,1.0,1.0,255
7.861786178617862,0.0,1386.179407935848,1.0,1.0,255
7.862786278627863,3741.7518786051505,1398.2453217706193,1.0,1.0,255
7.8637863786378635,245.2107257242667,1412.7144385843849,1.0,1.0,255
7.864786478647865,4095.0,1412.694438584385,1.0,1.0,255
7.865786578657866,0.0,1422.7278161736572,1.0,1.0,255
7.866786678667867,2179.9153193072575,1384.4261225598023,1.0,1.0,255
7.867786778677868,4095.0,1416.4550839769029,1.0,1.0,255
7.868786878687869,2870.10208240428,1391.9571256249883,1.0,1.0,255
7.86978697869787,4095.0,1419.1461237966691,1.0,1.0,255
7.87078707870787,4095.0,1428.0942877652683,1.0,1.0,255
7.871787178717872,3877.2068261984723,1448.9840866128077,1.0,1.0,255
7.8727872787278725,828.5482036157023,1432.4331225404937,1.0,1.0,255
7.873787378737874,4095.0,1446.1766201703558,1.0,1.0,255
7.874787478747875,0.0,1446.1766201703563,1.0,1.0,255
7.875787578757876,2137.915438577134,1444.3206563893382,1.0,1.0,255
7.876787678767877,2856.4824658696207,1456.3375313848312,1.0,1.0,255
7.877787778777877,804.6242240329814,1469.7044475874652,1.0,1.0,255
7.878787878787879,4095.0,1499.910174590777,1.0,1.0,255
7.8797879787978795,3367.2096567047197,1505.9340632137703,1.0,1.0,255
7.880788078807881,0.0,1525.819767344893,1.0,1.0,255
7.881788178817882,0.0,1556.007119938248,1.0,1.0,255
7.882788278827883,0.0,1556.027119938248,1.0,1.0,255
7.883788378837884,2174.636636444911,1517.6198526671465,1.0,1.0,255
7.884788478847885,0.0,1517.6398526671464,1.0,1.0,255
7.885788578857886,3979.8550113285255,1555.951274959934,1.0,1.0,255
7.8867886788678865,4095.0,1555.951274959934,1.0,1.0,255
7.887788778877888,1558.9861625860797,1538.2019135277847,1.0,1.0,255
7.888788878887889,0.0,1574.6155825383644,1.0,1.0,255
7.88978897889789,333.076810719439,1597.0414572147627,1.0,1.0,255
7.890789078907891,0.0,1597.0614572147626,1.0,1.0,255
7.891789178917892,0.0,1620.082810533847,1.0,1.0,255
7.892789278927893,3259.008933091268,1603.3629891956723,1.0,1.0,255
7.8937893789378935,0.0,1609.3539876011266,1.0,1.0,255
7.894789478947895,2446.317133631731,1576.3803302737613,1.0,1.0,255
7.895789578957896,4095.0,1576.3603302737613,1.0,1.0,255
7.896789678967897,0.0,1592.457316743025,1.0,1.0,255
7.897789778977898,1640.2422361618887,1583.2560214013633,1.0,1.0,255
7.898789878987899,1020.6582875300578,1562.8628556507624,1.0,1.0,255
7.8997899789979,4095.0,1599.7664978572775,1.0,1.0,255
7.9007900790079,4095.0,1599.7464978572775,1.0,1.0,255
7.901790179017902,2415.0363792499293,1566.1472254422758,1.0,1.0,255
7.9027902790279025,4095.0,1566.1272254422759,1.0,1.0,255
7.903790379037904,0.0,1566.1272254422759,1.0,1.0,255
7.904790479047905,884.9668214431529,1560.2494819338417,1.0,1.0,255
7.905790579057906,2180.467727833146,1560.8929421619018,1.0,1.0,255
7.906790679067907,3164.169631489087,1542.2563347916835,1.0,1.0,255
7.907790779077907,3958.7186760955374,1539.5307083135942,1.0,1.0,255
7.908790879087909,2437.583057693334,1506.3823694674609,1.0,1.0,255
7.9097909790979095,1103.2410839066235,1509.596445976078,1.0,1.0,255
7.910791079107911,4095.0,1509.576445976078,1.0,1.0,255
7.911791179117912,3851.3686603037186,1504.6838191821525,1.0,1.0,255
7.912791279127913,1357.3113148827752,1484.622555312394,1.0,1.0,255
7.913791379137914,3175.5538296341338,1471.117846419562,1.0,1.0,255
7.914791479147915,4095.0,1471.1178464195625,1.0,1.0,255
7.915791579157916,4095.0,1471.0978464195623,1.0,1.0,255
7.9167916791679165,3617.111689709249,1499.841773827602,1.0,1.0,255
7.917791779177918,2945.501345646668,1476.8518007405355,1.0,1.0,255
7.918791879187919,1748.7324425105214,1466.3951102422393,1.0,1.0,255
7.91979197919792,1795.7750132091403,1430.4996099780565,1.0,1.0,255
7.920792079207921,4095.0,1430.4996099780565,1.0,1.0,255
7.921792179217922,2714.19458409974,1407.2393651360817,1.0,1.0,255
7.922792279227923,2946.0528836811372,1400.8113868820187,1.0,1.0,255
7.9237923792379235,4095.0,1400.8113868820187,1.0,1.0,255
7.924792479247925,4095.0,1400.791386882019,1.0,1.0,255
7.925792579257926,2176.7251065106084,1401.5675802406884,1.0,1.0,255
7.926792679267927,0.0,1426.3579309232962,1.0,1.0,255
7.927792779277928,0.0,1442.4504154039555,1.0,1.0,255
7.928792879287929,4095.0,1442.4504154039555,1.0,1.0,255
7.92979297929793,1751.2511689588962,1422.001198890683,1.0,1.0,255
7.93079307930793,3528.308905845857,1410.6473770076002,1.0,1.0,255
7.931793179317932,2404.8099149252307,1376.8235753061049,1.0,1.0,255
7.9327932793279325,2774.664883726411,1350.3968729806334,1.0,1.0,255
7.933793379337934,4095.0,1388.8041402517351,1.0,1.0,255
7.934793479347935,4095.0,1388.7841402517352,1.0,1.0,255
7.935793579357936,3066.712535498834,1370.5212907351413,1.0,1.0,255
7.936793679367937,1744.9972653047166,1335.641345429047,1.0,1.0,255
7.937793779377937,4095.0,1366.8010686807686,1.0,1.0,255
7.938793879387939,1688.6243086148843,1333.0285825084707,1.0,1.0,255
7.9397939793979395,4095.0,1339.6701187228596,1.0,1.0,255
7.940794079407941,4095.0,1339.6501187228596,1.0,1.0,255
7.941794179417942,0.0,1339.6501187228596,1.0,1.0,255
7.942794279427943,4095.0,1356.3699400610342,1.0,1.0,255
7.943794379437944,1433.9885607006177,1327.6901688470216,1.0,1.0,255
7.944794479447945,1534.8305313191406,1329.9872155480043,1.0,1.0,255
7.945794579457946,2470.808520910696,1297.5033859662183,1.0,1.0,255
7.9467946794679465,4095.0,1297.4833859662183,1.0,1.0,255
7.947794779477948,0.0,1330.2882306894562,1.0,1.0,255
7.948794879487949,1861.758458734013,1313.466227265377,1.0,1.0,255
7.94979497949795,3064.339619864749,1292.8530196626718,1.0,1.0,255
7.950795079507951,195.18528283974615,1288.9693140058769,1.0,1.0,255
7.951795179517952,0.0,1322.5885864208785,1.0,1.0,255
7.952795279527953,2839.273311825081,1297.47405265738,1.0,1.0,255
7.9537953795379535,406.51367201150606,1289.34377921715,1.0,1.0,255
7.954795479547955,0.0,1307.043115646013,1.0,1.0,255
7.955795579557956,4095.0,1345.3337610893502,1.0,1.0,255
7.956795679567957,0.0,1363.9703684595681,1.0,1.0,255
7.957795779577958,4095.0,1366.6959949376574,1.0,1.0,255
7.958795879587959,0.0,1399.864333783791,1.0,1.0,255
7.95979597959796,487.79916184300146,1412.1731722250634,1.0,1.0,255
7.96079607960796,4052.0116943756993,1411.3134061125775,1.0,1.0,255
7.961796179617962,2077.135904229881,1375.8287509911006,1.0,1.0,255
7.9627962796279625,219.0882248423427,1398.5932127919095,1.0,1.0,255
7.963796379637964,1234.7850381221606,1392.306435436783,1.0,1.0,255
7.964796479647965,2635.019648385523,1363.1068284044936,1.0,1.0,255
7.965796579657966,4095.0,1363.1068284044939,1.0,1.0,255
7.966796679667967,0.0,1372.684594610309,1.0,1.0,255
7.967796779677967,3064.6684410466705,1375.0679365183087,1.0,1.0,255
7.968796879687969,1294.7511012420634,1384.1475633436783,1.0,1.0,255
7.9697969796979695,0.0,1420.0630636078608,1.0,1.0,255
7.970797079707971,0.0,1420.083063607861,1.0,1.0,255
7.971797179717972,1848.4451253642503,1410.750269418581,1.0,1.0,255
7.972797279727973,0.0,1433.7492117449583,1.0,1.0,255
7.973797379737974,2281.878462641548,1397.486780997789,1.0,1.0,255
7.974797479747975,0.0,1397.5067809977888,1.0,1.0,255
7.975797579757976,4095.0,1435.8722788675766,1.0,1.0,255
7.9767976797679765,614.4263356391587,1423.5837521547937,1.0,1.0,255
7.977797779777978,4065.3727386884398,1422.9712069285627,1.0,1.0,255
7.978797879787979,4095.0,1422.9712069285627,1.0,1.0,255
7.97979797979798,4067.9904108691144,1457.436038525123,1.0,1.0,255
7.980798079807981,0.0,1468.7898604082054,1.0,1.0,255
7.981798179817982,1728.3170780498763,1468.0473205487035,1.0,1.0,255
7.982798279827983,0.0,1494.4740228741753,1.0,1.0,255
7.9837983798379835,1828.3868103508078,1457.926286667159,1.0,1.0,255
7.984798479847985,3206.5705094200757,1440.1576968555607,1.0,1.0,255
7.985798579857986,0.0,1460.743446145584,1.0,1.0,255
7.986798679867987,2837.2431275843155,1470.4682540033643,1.0,1.0,255
7.987798779877988,585.9007891057186,1458.77023822125,1.0,1.0,255
7.988798879887989,3941.466211741113,1489.4520486283698,1.0,1.0,255
7.98979897989799,0.0,1489.4720486283702,1.0,1.0,255
7.99079907990799,2103.289860306864,1449.6378458345073,1.0,1.0,255
7.991799179917992,4095.0,1449.6178458345073,1.0,1.0,255
7.9927992799279926,4092.7046286187515,1449.5719384068825,1.0,1.0,255
7.993799379937994,0.0,1478.2517096208946,1.0,1.0,255
7.994799479947995,4095.0,1508.9283202472775,1.0,1.0,255
7.995799579957996,89.17540616395854,1539.6486417057843,1.0,1.0,255
7.996799679967997,1948.9900170855453,1500.6888413640734,1.0,1.0,255
7.997799779977997,3682.0356643458717,1492.4095546509907,1.0,1.0,255
7.998799879987999,158.71240959610395,1526.4704756337492,1.0,1.0,255
7.9997999799979995,493.74583626643994,1537.2287665111257,1.0,1.0,255
8.000800080008,1119.4468759288957,1518.743534649342,1.0,1.0,255
8.001800180018002,0.0,1518.743534649342,1.0,1.0,255
8.002800280028003,1180.0780508334874,1520.2765073961707,1.0,1.0,255
8.003800380038005,3524.155479586858,1516.9698904281381,1.0,1.0,255
8.004800480048004,1824.3594332754249,1480.4827017626296,1.0,1.0,255
8.005800580058006,3230.0493801857765,1463.183689366345,1.0,1.0,255
8.006800680068007,4095.0,1463.1636893663454,1.0,1.0,255
8.007800780078007,1302.0039695199475,1437.143609975946,1.0,1.0,255
8.008800880088009,1025.984179804646,1416.6239263798534,1.0,1.0,255
8.00980098009801,1706.488392757313,1392.250141761567,1.0,1.0,255
8.010801080108012,4095.0,1393.1099078740535,1.0,1.0,255
8.011801180118011,0.0,1433.4871897894557,1.0,1.0,255
8.012801280128013,0.0,1437.8689542863024,1.0,1.0,255
8.013801380138014,0.0,1462.5646550487459,1.0,1.0,255
8.014801480148014,3573.6344041659636,1481.3369501643547,1.0,1.0,255
8.015801580158016,4095.0,1481.3369501643547,1.0,1.0,255
8.016801680168017,1717.1784017278626,1446.9933821297973,1.0,1.0,255
8.017801780178019,3152.394686749114,1448.7479070438462,1.0,1.0,255
8.018801880188018,4095.0,1474.6229290686874,1.0,1.0,255
8.01980198019802,1955.1469536487577,1435.5199899957122,1.0,1.0,255
8.020802080208021,1612.8806801414148,1403.2623763928839,1.0,1.0,255
8.021802180218021,1233.6928229012592,1415.5574224421441,1.0,1.0,255
8.022802280228023,0.0,1415.5574224421441,1.0,1.0,255
8.023802380238024,4095.0,1451.8198531893129,1.0,1.0,255
8.024802480248026,49.34726767157281,1450.8329078358813,1.0,1.0,255
8.025802580258025,1139.31300795481,1428.0666476767851,1.0,1.0,255
8.026802680268027,1445.4614493591678,1411.445945402385,1.0,1.0,255
8.027802780278028,1210.320178443419,1387.8520870597476,1.0,1.0,255
8.028802880288028,0.0,1387.8720870597476,1.0,1.0,255
8.02980298029803,2296.8033671367034,1352.4483461850996,1.0,1.0,255
8.030803080308031,4095.0,1352.4283461850996,1.0,1.0,255
8.031803180318033,0.0,1386.994687746097,1.0,1.0,255
8.032803280328032,4095.0,1386.974687746097,1.0,1.0,255
8.033803380338034,1335.0576477774634,1396.8412709975642,1.0,1.0,255
8.034803480348035,2235.643188674661,1377.4227245826557,1.0,1.0,255
8.035803580358035,0.0,1377.4227245826557,1.0,1.0,255
8.036803680368036,4095.0,1402.577862030969,1.0,1.0,255
8.037803780378038,583.0131320452795,1402.6356151721777,1.0,1.0,255
8.03880388038804,3538.236526182124,1394.5710214609978,1.0,1.0,255
8.03980398039804,3824.283732884898,1389.136696118696,1.0,1.0,255
8.04080408040804,3291.600490504751,1412.9029087226536,1.0,1.0,255
8.041804180418042,0.0,1412.9229087226536,1.0,1.0,255
8.042804280428042,4095.0,1412.9688161502788,1.0,1.0,255
8.043804380438043,0.0,1412.9688161502788,1.0,1.0,255
8.044804480448045,0.0,1412.9888161502788,1.0,1.0,255
8.045804580458046,3150.3457217290106,1395.8592387081383,1.0,1.0,255
8.046804680468046,0.0,1434.8390390498494,1.0,1.0,255
8.047804780478048,1186.249444168332,1419.3933368795651,1.0,1.0,255
8.04880488048805,3480.7295236064865,1410.2621755436166,1.0,1.0,255
8.04980498049805,4095.0,1420.1170922689457,1.0,1.0,255
8.05080508050805,3566.182698089815,1431.90968374932,1.0,1.0,255
8.051805180518052,2394.1511036166144,1397.8727058216525,1.0,1.0,255
8.052805280528053,0.0,1421.4742668383226,1.0,1.0,255
8.053805380538053,1151.9541690888225,1409.8720738648087,1.0,1.0,255
8.054805480548055,4095.0,1446.339262530317,1.0,1.0,255
8.055805580558056,4095.0,1463.6382749266015,1.0,1.0,255
8.056805680568058,4095.0,1463.6382749266015,1.0,1.0,255
8.057805780578057,2687.89774892783,1461.5163092955572,1.0,1.0,255
8.058805880588059,1417.4030945285112,1453.68793100108,1.0,1.0,255
8.05980598059806,0.0,1487.8176988562263,1.0,1.0,255
8.06080608060806,0.0,1487.8376988562263,1.0,1.0,255
8.061806180618062,4095.0,1487.8176988562263,1.0,1.0,255
8.062806280628063,31.314324487826752,1487.1914123664696,1.0,1.0,255
8.063806380638065,4095.0,1487.1714123664694,1.0,1.0,255
8.064806480648064,3405.3297444229975,1483.80531917161,1.0,1.0,255
8.065806580658066,4095.0,1483.80531917161,1.0,1.0,255
8.066806680668067,832.4023375615611,1501.5008404549362,1.0,1.0,255
8.067806780678067,0.0,1520.3729467199541,1.0,1.0,255
8.068806880688069,4014.183811931186,1518.756622958578,1.0,1.0,255
8.06980698069807,0.0,1557.8595620315527,1.0,1.0,255
8.070807080708072,0.0,1590.117175634381,1.0,1.0,255
8.071807180718071,3211.4190255988133,1597.0994126043827,1.0,1.0,255
8.072807280728073,4095.0,1597.0794126043825,1.0,1.0,255
8.073807380738074,4095.0,1597.0794126043827,1.0,1.0,255
8.074807480748074,0.0,1598.0663579578138,1.0,1.0,255
8.075807580758076,0.0,1620.8526181169102,1.0,1.0,255
8.076807680768077,4003.907405839023,1647.919995220874,1.0,1.0,255
8.077807780778079,0.0,1672.1263987897423,1.0,1.0,255
8.078807880788078,3261.7203797348584,1655.4408063844396,1.0,1.0,255
8.07980798079808,0.0,1691.4247390417056,1.0,1.0,255
8.080808080808081,0.0,1691.4447390417054,1.0,1.0,255
8.081808180818081,4095.0,1691.4247390417056,1.0,1.0,255
8.082808280828083,4095.0,1691.4247390417056,1.0,1.0,255
8.083808380838084,0.0,1718.1258919972547,1.0,1.0,255
8.084808480848086,4050.6725639448714,1754.4264795026593,1.0,1.0,255
8.085808580858085,1248.1267343290242,1729.4639448160788,1.0,1.0,255
8.086808680868087,1595.7487512590635,1697.5689697908974,1.0,1.0,255
8.087808780878088,554.0475449557166,1698.1482815326888,1.0,1.0,255
8.088808880888088,1633.9239051066331,1676.6250729069134,1.0,1.0,255
8.08980898089809,4095.0,1682.0393982492155,1.0,1.0,255
8.090809080908091,4095.0,1698.1073884391203,1.0,1.0,255
8.091809180918093,0.0,1698.1073884391203,1.0,1.0,255
8.092809280928092,4095.0,1698.1073884391203,1.0,1.0,255
8.093809380938094,4095.0,1698.0873884391203,1.0,1.0,255
8.094809480948095,4095.0,1698.0673884391204,1.0,1.0,255
8.095809580958095,0.0,1716.98047400454,1.0,1.0,255
8.096809680968097,1219.2251788827652,1692.5959704268848,1.0,1.0,255
8.097809780978098,3290.3369380495947,1700.2076980712434,1.0,1.0,255
8.0988098809881,1159.6630644413601,1689.319846310286,1.0,1.0,255
8.0998099809981,0.0,1689.339846310286,1.0,1.0,255
8.1008100810081,861.9026479432512,1682.6981393896249,1.0,1.0,255
8.101810181018102,0.0,1716.7351173172924,1.0,1.0,255
8.102810281028102,892.1993391233111,1698.8911305348263,1.0,1.0,255
8.103810381038103,948.1043540383496,1702.9681268358356,1.0,1.0,255
8.104810481048105,3292.184759879463,1686.9118220334249,1.0,1.0,255
8.105810581058106,2802.7253059913764,1661.0663281532525,1.0,1.0,255
8.106810681068106,3701.4982212848317,1653.1962925789492,1.0,1.0,255
8.107810781078108,1866.656924527688,1644.025199109839,1.0,1.0,255
8.10881088108811,1893.1413707279607,1634.5104335858498,1.0,1.0,255
8.10981098109811,134.47132030895864,1631.8210071796705,1.0,1.0,255
8.11081108110811,3806.4968431766374,1626.0309440432031,1.0,1.0,255
8.111811181118112,3259.7362586370414,1609.3256692159441,1.0,1.0,255
8.112811281128113,4095.0,1609.9319557057004,1.0,1.0,255
8.113811381138113,3702.920971790695,1602.0903751415142,1.0,1.0,255
8.114811481148115,3058.2900014245533,1595.1495802815457,1.0,1.0,255
8.115811581158116,0.0,1595.1695802815457,1.0,1.0,255
8.116811681168118,3060.184385250847,1591.101314737794,1.0,1.0,255
8.117811781178117,827.58727002677,1574.5495693372586,1.0,1.0,255
8.118811881188119,3801.433295553798,1570.2945590097113,1.0,1.0,255
8.11981198119812,0.0,1570.2945590097113,1.0,1.0,255
8.12081208120812,394.3317657459547,1562.4079236947923,1.0,1.0,255
8.121812181218122,4095.0,1580.0795431828158,1.0,1.0,255
8.122812281228123,4095.0,1580.0795431828158,1.0,1.0,255
8.123812381238125,2997.1139111763546,1558.1218214063429,1.0,1.0,255
8.124812481248124,3425.662646681827,1544.7150743399793,1.0,1.0,255
8.125812581258126,3156.761736899467,1525.9303090779688,1.0,1.0,255
8.126812681268127,4095.0,1527.7521609611886,1.0,1.0,255
8.127812781278127,3326.9057120515104,1512.3702752022184,1.0,1.0,255
8.128812881288129,3599.1678365238854,1519.1192243379992,1.0,1.0,255
8.12981298129813,2392.9646030671047,1485.0585163993412,1.0,1.0,255
8.130813081308132,1701.0040974507028,1451.0384344503273,1.0,1.0,255
8.131813181318131,2661.1737453569935,1422.361909357467,1.0,1.0,255
8.132813281328133,0.0,1422.3819093574668,1.0,1.0,255
8.133813381338134,0.0,1422.3819093574668,1.0,1.0,255
8.134813481348134,4095.0,1423.2684580785697,1.0,1.0,255
8.135813581358136,4095.0,1448.2109927651502,1.0,1.0,255
8.136813681368137,1078.0286625354233,1458.5653945396227,1.0,1.0,255
8.137813781378139,114.92314101225065,1467.3478826184923,1.0,1.0,255
8.138813881388138,119.55993598409145,1497.6351620009432,1.0,1.0,255
8.13981398139814,0.0,1497.6551620009432,1.0,1.0,255
8.140814081408141,1251.7006593519075,1472.641148813905,1.0,1.0,255
8.141814181418141,0.0,1472.641148813905,1.0,1.0,255
8.142814281428143,2733.9716230599333,1445.4205812751034,1.0,1.0,255
8.143814381438144,0.0,1445.4405812751033,1.0,1.0,255
8.144814481448146,91.95249945799151,1443.6215312859433,1.0,1.0,255
8.145814581458145,4095.0,1443.6015312859433,1.0,1.0,255
8.146814681468147,4095.0,1467.9660348635987,1.0,1.0,255
8.147814781478148,4095.0,1484.059296102607,1.0,1.0,255
8.148814881488148,2143.8212939314603,1468.208983270063,1.0,1.0,255
8.14981498149815,0.0,1468.208983270063,1.0,1.0,255
8.150815081508151,2142.232431848966,1446.3716848659078,1.0,1.0,255
8.151815181518153,937.68342187279,1427.6180164284522,1.0,1.0,255
8.152815281528152,4095.0,1445.442003210918,1.0,1.0,255
8.153815381538154,1469.1494119392587,1435.0211020529002,1.0,1.0,255
8.154815481548155,0.0,1451.0974068553107,1.0,1.0,255
8.155815581558155,4095.0,1476.9429007354834,1.0,1.0,255
8.156815681568157,4095.0,1484.8129363097862,1.0,1.0,255
8.157815781578158,1582.8143520925123,1490.48978775849,1.0,1.0,255
8.15881588158816,1989.2533317811346,1488.5675485374265,1.0,1.0,255
8.15981598159816,4095.0,1491.236974943606,1.0,1.0,255
8.16081608160816,1759.2378462934548,1461.8422811542039,1.0,1.0,255
8.161816181618162,0.0,1478.5675559814629,1.0,1.0,255
8.162816281628162,3349.4924549939687,1463.6574050813424,1.0,1.0,255
8.163816381638163,2137.2402183788267,1432.3437900131048,1.0,1.0,255
8.164816481648165,2069.091398097241,1412.5598179465585,1.0,1.0,255
8.165816581658166,4095.0,1412.5398179465585,1.0,1.0,255
8.166816681668166,4095.0,1433.2361302415418,1.0,1.0,255
8.167816781678168,80.03473563179068,1448.1871809294412,1.0,1.0,255
8.16881688168817,820.6742413403931,1437.6650301915572,1.0,1.0,255
8.16981698169817,3429.6748450957316,1424.338527093472,1.0,1.0,255
8.17081708170817,4095.0,1432.2051624083913,1.0,1.0,255
8.171817181718172,0.0,1432.2251624083913,1.0,1.0,255
8.172817281728173,571.7987145294319,1420.8091881178025,1.0,1.0,255
8.173817381738173,0.0,1442.7869098942756,1.0,1.0,255
8.174817481748175,4095.0,1456.1736569606392,1.0,1.0,255
8.175817581758176,275.2146444925029,1469.4541293327995,1.0,1.0,255
8.176817681768178,2277.7904847917735,1433.109939028635,1.0,1.0,255
8.177817781778177,3837.9120374080335,1443.3300655357657,1.0,1.0,255
8.178817881788179,3932.2259156945493,1449.9912271191788,1.0,1.0,255
8.17981798179818,2413.7443850792324,1450.4068227594214,1.0,1.0,255
8.18081808180818,0.0,1484.4269047084354,1.0,1.0,255
8.181818181818182,1516.6154441064398,1482.791120919167,1.0,1.0,255
8.182818281828183,798.3392408037112,1466.8243361030927,1.0,1.0,255
8.183818381838185,1961.6300445766133,1427.5917352115605,1.0,1.0,255
8.184818481848184,3235.829158832108,1410.4083183882024,1.0,1.0,255
8.185818581858186,2793.718220203439,1384.3826827922715,1.0,1.0,255
8.186818681868187,4095.0,1405.9232560429798,1.0,1.0,255
8.187818781878187,272.37862957488255,1402.7741462717272,1.0,1.0,255
8.188818881888189,383.70004599621257,1397.4913440714847,1.0,1.0,255
8.18981898189819,572.3167468305485,1386.0450091348737,1.0,1.0,255
8.190819081908192,4095.0,1411.0590223219117,1.0,1.0,255
8.191819181918191,429.924483067912,1402.4605326605536,1.0,1.0,255
8.192819281928193,945.8297341695213,1410.7845055159646,1.0,1.0,255
8.193819381938194,1948.717902200625,1371.8101474719522,1.0,1.0,255
8.194819481948194,1090.0899980144723,1351.8473975008226,1.0,1.0,255
8.195819581958196,1985.5430155099864,1312.1565371906227,1.0,1.0,255
8.196819681968197,3017.7457430394243,1290.6114520514113,1.0,1.0,255
8.197819781978199,0.0,1290.6314520514113,1.0,1.0,255
8.198819881988198,2884.5154417467947,1305.4453350077179,1.0,1.0,255
8.1998199819982,3097.9855081068945,1285.485045169856,1.0,1.0,255
8.200820082008201,1066.7923429116026,1303.2245496746445,1.0,1.0,255
8.201820182018201,2846.1900631532767,1296.982019375166,1.0,1.0,255
8.202820282028203,3580.8356691568592,1286.698732758303,1.0,1.0,255
8.203820382038204,1229.1151240562415,1291.4994185159635,1.0,1.0,255
8.204820482048206,4095.0,1291.4794185159635,1.0,1.0,255
8.205820582058205,1736.2809529453395,1256.7737994570568,1.0,1.0,255
8.206820682068207,3736.8036738642822,1249.6098729343423,1.0,1.0,255
8.207820782078208,2367.5183086300935,1246.6965261487944,1.0,1.0,255
8.208820882088208,0.0,1286.4815927844172,1.0,1.0,255
8.20982098209821,3148.3947051650894,1267.549486887719,1.0,1.0,255
8.210821082108211,2949.9075671774217,1279.8123951571365,1.0,1.0,255
8.211821182118213,0.0,1279.8123951571365,1.0,1.0,255
8.212821282128212,4095.0,1294.722546057257,1.0,1.0,255
8.213821382138214,0.0,1333.8977416896805,1.0,1.0,255
8.214821482148215,0.0,1374.4359137277359,1.0,1.0,255
8.215821582158215,2709.6697574433742,1346.7293088766032,1.0,1.0,255
8.216821682168217,1586.7789001912631,1315.0137308727778,1.0,1.0,255
8.217821782178218,0.0,1316.6144255854138,1.0,1.0,255
8.21882188218822,3747.806559839096,1326.0640416090034,1.0,1.0,255
8.21982198219822,4095.0,1339.3705447070888,1.0,1.0,255
8.22082208220822,2731.4790026273827,1312.1001247596366,1.0,1.0,255
8.221822182218222,1811.6951277625458,1275.8662222043856,1.0,1.0,255
8.222822282228224,698.918001265434,1273.3238364696656,1.0,1.0,255
8.223822382238223,651.1314372965294,1260.3012077237352,1.0,1.0,255
8.224822482248225,0.0,1260.3212077237351,1.0,1.0,255
8.225822582258226,1661.8278012433605,1232.588944588718,1.0,1.0,255
8.226822682268226,0.0,1268.9531348928824,1.0,1.0,255
8.227822782278228,4095.0,1274.0948941447216,1.0,1.0,255
8.22882288228823,4095.0,1277.3503758308307,1.0,1.0,255
8.22982298229823,1027.0686965717773,1290.4541141978104,1.0,1.0,255
8.23082308230823,0.0,1290.4541141978104,1.0,1.0,255
8.231823182318232,0.0,1320.7864230799394,1.0,1.0,255
8.232823282328233,3689.8908788018107,1328.6310254720497,1.0,1.0,255
8.233823382338233,749.3551659041145,1352.8765230454999,1.0,1.0,255
8.234823482348235,1589.5678861168747,1338.2885821465202,1.0,1.0,255
8.235823582358236,133.08575059384793,1361.6725027305743,1.0,1.0,255
8.236823682368238,2186.817642073151,1323.508855572037,1.0,1.0,255
8.237823782378237,3516.2120289718882,1317.3606687429728,1.0,1.0,255
8.238823882388239,3610.6380304441773,1315.3274302717805,1.0,1.0,255
8.23982398239824,1825.276810924938,1290.2682289898926,1.0,1.0,255
8.24082408240824,3542.0693889019585,1279.209616767932,1.0,1.0,255
8.241824182418242,2780.4726089762135,1261.4975586088144,1.0,1.0,255
8.242824282428243,0.0,1280.414153292205,1.0,1.0,255
8.243824382438245,4095.0,1319.3685113362174,1.0,1.0,255
8.244824482448244,0.0,1341.170311296507,1.0,1.0,255
8.245824582458246,0.0,1380.8811716067064,1.0,1.0,255
8.246824682468247,4095.0,1402.4262567459182,1.0,1.0,255
8.247824782478247,2751.1618484190067,1375.5294937142983,1.0,1.0,255
8.248824882488249,2886.740638299787,1375.573997645358,1.0,1.0,255
8.24982498249825,1008.1464050912984,1375.3713593813943,1.0,1.0,255
8.250825082508252,4095.0,1396.687206239626,1.0,1.0,255
8.251825182518251,0.0,1421.6834049765605,1.0,1.0,255
8.252825282528253,3357.360620712897,1417.2139040076813,1.0,1.0,255
8.253825382538254,4095.0,1441.776206488806,1.0,1.0,255
8.254825482548254,0.0,1441.796206488806,1.0,1.0,255
8.255825582558256,4095.0,1476.501825547713,1.0,1.0,255
8.256825682568257,2819.2754408032824,1458.151260886493,1.0,1.0,255
8.257825782578259,2034.033467184044,1452.0402253702102,1.0,1.0,255
8.258825882588258,1235.4823980151973,1427.3305774099063,1.0,1.0,255
8.25982598259826,1116.2058673073852,1423.9585659604566,1.0,1.0,255
8.260826082608261,6.3339550229704855,1446.7537355164488,1.0,1.0,255
8.261826182618261,683.4238038777908,1433.0852594388928,1.0,1.0,255
8.262826282628263,1742.0830328978627,1398.2635987809358,1.0,1.0,255
8.263826382638264,0.0,1398.2635987809358,1.0,1.0,255
8.264826482648266,0.0,1398.2635987809358,1.0,1.0,255
8.265826582658265,4095.0,1425.970203632068,1.0,1.0,255
8.266826682668267,4095.0,1457.6857816358936,1.0,1.0,255
8.267826782678268,0.0,1457.6857816358936,1.0,1.0,255
8.268826882688268,2640.6752346033463,1435.5431551311783,1.0,1.0,255
8.26982698269827,0.0,1435.5631551311783,1.0,1.0,255
8.270827082708271,1309.4771074601294,1436.6640329294282,1.0,1.0,255
8.271827182718273,1839.701735821528,1436.1039007682484,1.0,1.0,255
8.272827282728272,1297.468972694471,1424.1328813396676,1.0,1.0,255
8.273827382738274,4095.0,1437.1355100855985,1.0,1.0,255
8.274827482748275,1191.1095125325078,1413.3133198349483,1.0,1.0,255
8.275827582758275,3230.894083217131,1429.247757524158,1.0,1.0,255
8.276827682768277,1398.2466713857912,1401.2828240964425,1.0,1.0,255
8.277827782778278,3559.0691906745997,1390.5642079099343,1.0,1.0,255
8.27882788278828,3757.1307303556086,1383.8068225170466,1.0,1.0,255
8.27982798279828,4095.0,1404.328196448482,1.0,1.0,255
8.28082808280828,4095.0,1404.3081964484818,1.0,1.0,255
8.281828182818282,1327.928359488139,1377.7496292587189,1.0,1.0,255
8.282828282828284,374.2214737119875,1378.3873822084431,1.0,1.0,255
8.283828382838283,4095.0,1393.3544855265252,1.0,1.0,255
8.284828482848285,0.0,1425.145843248863,1.0,1.0,255
8.285828582858286,0.0,1427.8075582607398,1.0,1.0,255
8.286828682868286,3200.5410426787184,1448.0820262728512,1.0,1.0,255
8.287828782878288,4095.0,1459.6577856934134,1.0,1.0,255
8.28882888288829,4095.0,1469.34502508453,1.0,1.0,255
8.28982898289829,0.0,1505.8505613030286,1.0,1.0,255
8.29082908290829,3411.266235223319,1503.2344982294558,1.0,1.0,255
8.291829182918292,3132.7758134132214,1510.280562318196,1.0,1.0,255
8.292829282928293,4095.0,1510.2605623181962,1.0,1.0,255
8.293829382938293,2502.207785486516,1478.4047180279265,1.0,1.0,255
8.294829482948295,1095.3161109674966,1456.4983958085766,1.0,1.0,255
8.295829582958296,2586.135692914716,1426.3011096668708,1.0,1.0,255
8.296829682968298,1116.309879061067,1403.9949120856495,1.0,1.0,255
8.297829782978297,2737.8381178309155,1403.7284374738877,1.0,1.0,255
8.298829882988299,514.5126789925091,1417.6233711280418,1.0,1.0,255
8.2998299829983,794.2723006926333,1421.900853216015,1.0,1.0,255
8.3008300830083,4095.0,1421.900853216015,1.0,1.0,255
8.301830183018302,4095.0,1421.8808532160149,1.0,1.0,255
8.302830283028303,0.0,1436.653640801757,1.0,1.0,255
8.303830383038305,3078.0847655861326,1416.3153361134796,1.0,1.0,255
8.304830483048304,4095.0,1416.2953361134796,1.0,1.0,255
8.305830583058306,0.0,1416.3153361134796,1.0,1.0,255
8.306830683068307,4095.0,1441.8298272974143,1.0,1.0,255
8.307830783078307,0.0,1482.5104966410952,1.0,1.0,255
8.308830883088309,3719.298048683626,1499.6861055750717,1.0,1.0,255
8.30983098309831,0.0,1522.0102229212193,1.0,1.0,255
8.310831083108312,946.1048866497429,1503.2148042886838,1.0,1.0,255
8.311831183118311,2129.1510301093026,1477.5463009684258,1.0,1.0,255
8.312831283128313,4095.0,1512.3679616263832,1.0,1.0,255
8.313831383138314,2007.2534684378395,1472.2228922576264,1.0,1.0,255
8.314831483148314,2224.5292968768963,1434.7934781951644,1.0,1.0,255
8.315831583158316,2649.8183809919537,1405.8898458150031,1.0,1.0,255
8.316831683168317,1693.36729552204,1372.0424999045624,1.0,1.0,255
8.317831783178319,4095.0,1372.0224999045624,1.0,1.0,255
8.318831883188318,4095.0,1401.1089952124953,1.0,1.0,255
8.31983198319832,0.0,1401.1089952124953,1.0,1.0,255
8.320832083208321,0.0,1427.2985373616978,1.0,1.0,255
8.321832183218321,3689.401829718616,1455.9606086725007,1.0,1.0,255
8.322832283228323,88.27652835100298,1480.1444575593698,1.0,1.0,255
8.323832383238324,911.1239749898652,1461.9419780595729,1.0,1.0,255
8.324832483248326,2658.9306756796514,1457.022781823816,1.0,1.0,255
8.325832583258325,1076.2121318201707,1452.8006575230702,1.0,1.0,255
8.326832683268327,2197.586706312458,1442.797325077035,1.0,1.0,255
8.327832783278328,0.0,1453.5359412635432,1.0,1.0,255
8.328832883288328,129.3853870267253,1457.725618915897,1.0,1.0,255
8.32983298329833,4095.0,1457.725618915897,1.0,1.0,255
8.330833083308331,3685.871710794998,1449.5430531317968,1.0,1.0,255
8.331833183318333,2769.441651758118,1449.5704533567214,1.0,1.0,255
8.332833283328332,2179.8844360460644,1418.7325715518825,1.0,1.0,255
8.333833383338334,0.0,1418.7525715518825,1.0,1.0,255
8.334833483348335,0.0,1418.7525715518825,1.0,1.0,255
8.335833583358335,1040.664419029269,1397.9392831712973,1.0,1.0,255
8.336833683368337,0.0,1415.848462317723,1.0,1.0,255
8.337833783378338,1116.1567691900318,1393.5453269339225,1.0,1.0,255
8.33883388338834,4095.0,1393.5453269339225,1.0,1.0,255
8.33983398339834,2058.9976116355133,1352.8052791666328,1.0,1.0,255
8.34083408340834,2350.373737233579,1331.5874292068374,1.0,1.0,255
8.341834183418342,2966.72123430822,1328.2663376247376,1.0,1.0,255
8.342834283428344,2107.2454360881343,1288.5112463465002,1.0,1.0,255
8.343834383438343,0.0,1320.38709063677,1.0,1.0,255
8.344834483448345,915.2721043453344,1323.9879707692132,1.0,1.0,255
8.345834583458347,4095.0,1354.165256910919,1.0,1.0,255
8.346834683468346,2949.600457413463,1353.5634636404095,1.0,1.0,255
8.347834783478348,4095.0,1380.706701283791,1.0,1.0,255
8.34883488348835,1834.7468231944156,1354.3020183997528,1.0,1.0,255
8.34983498349835,4095.0,1370.1674644136056,1.0,1.0,255
8.35083508350835,1625.5170503181178,1337.6771234072432,1.0,1.0,255
8.351835183518352,3730.7268657207314,1330.3916607216584,1.0,1.0,255
8.352835283528353,3072.7930004027685,1309.9275207297133,1.0,1.0,255
8.353835383538353,1499.6825378657272,1300.2921746606762,1.0,1.0,255
8.354835483548355,4026.7624269099415,1298.927423198875,1.0,1.0,255
8.355835583558356,291.4204672014034,1293.0990138548468,1.0,1.0,255
8.356835683568358,2177.8983680955066,1254.756981216757,1.0,1.0,255
8.357835783578357,4095.0,1254.736981216757,1.0,1.0,255
8.358835883588359,2723.0405925168943,1234.8118320934223,1.0,1.0,255
8.35983598359836,1941.5863573007957,1195.9801049474065,1.0,1.0,255
8.36083608360836,3680.599963477417,1206.5942019499498,1.0,1.0,255
8.361836183618362,0.0,1245.9311813477636,1.0,1.0,255
8.362836283628363,4095.0,1245.9311813477636,1.0,1.0,255
8.363836383638365,4095.0,1286.0562507165205,1.0,1.0,255
8.364836483648364,2684.5200815039807,1295.2560664090622,1.0,1.0,255
8.365836583658366,3287.148558669129,1308.0026699626055,1.0,1.0,255
8.366836683668367,424.0681011615061,1333.3886538498161,1.0,1.0,255
8.367836783678367,1380.817858348666,1305.7922966828428,1.0,1.0,255
8.368836883688369,1177.4816447838607,1282.262663787166,1.0,1.0,255
8.36983698369837,4095.0,1282.2426637871658,1.0,1.0,255
8.370837083708372,2330.389211808704,1246.9304480233397,1.0,1.0,255
8.371837183718371,1224.4253594719744,1230.573904239528,1.0,1.0,255
8.372837283728373,4095.0,1232.319434806548,1.0,1.0,255
8.373837383738374,0.0,1250.5419143063452,1.0,1.0,255
8.374837483748374,1617.4118725757498,1246.9350633412373,1.0,1.0,255
8.375837583758376,178.80402529507865,1264.883225471739,1.0,1.0,255
8.376837683768377,4095.0,1302.83149134549,1.0,1.0,255
8.377837783778379,2690.9613399891623,1274.7307181452734,1.0,1.0,255
8.378837883788378,617.6292991663092,1264.9658399024818,1.0,1.0,255
8.37983798379838,1260.9910574217752,1239.7660187540462,1.0,1.0,255
8.380838083808381,0.0,1247.9685845381462,1.0,1.0,255
8.381838183818381,2916.0183501107476,1250.9001185051989,1.0,1.0,255
8.382838283828383,2223.9469111109665,1251.7813680064967,1.0,1.0,255
8.383838383838384,0.0,1251.7813680064967,1.0,1.0,255
8.384838483848386,3586.132387421324,1241.5840157549233,1.0,1.0,255
8.385838583858385,0.0,1262.3973041355084,1.0,1.0,255
8.386838683868387,3778.1539548524106,1256.0403832325567,1.0,1.0,255
8.387838783878388,3295.593129021975,1262.355381196797,1.0,1.0,255
8.388838883888388,1820.2555816256959,1225.9702695642832,1.0,1.0,255
8.38983898389839,0.0,1266.710317331573,1.0,1.0,255
8.390839083908391,1517.5427554214984,1271.2719874784714,1.0,1.0,255
8.391839183918393,1500.8976573240152,1263.8396096458266,1.0,1.0,255
8.392839283928392,2480.5395070762074,1271.305491065588,1.0,1.0,255
8.393839383938394,0.0,1271.305491065588,1.0,1.0,255
8.394839483948395,0.0,1289.610933152495,1.0,1.0,255
8.395839583958395,2844.5348889359107,1264.601630931213,1.0,1.0,255
8.396839683968397,0.0,1287.5296217829439,1.0,1.0,255
8.397839783978398,0.0,1287.5496217829439,1.0,1.0,255
8.3988398839884,0.0,1324.2445582468322,1.0,1.0,255
8.3998399839984,618.0445694649675,1311.9036668575327,1.0,1.0,255
8.4008400840084,3529.2498137133434,1333.0790041381617,1.0,1.0,255
8.401840184018402,0.0,1340.3844668237475,1.0,1.0,255
8.402840284028404,841.026599514405,1344.028074825404,1.0,1.0,255
8.403840384038403,3437.1058718288714,1360.843843019296,1.0,1.0,255
8.404840484048405,1206.486893923734,1338.0988566026222,1.0,1.0,255
8.405840584058407,2952.66647205117,1321.0605953876739,1.0,1.0,255
8.406840684068406,3921.067010780236,1355.9239682413684,1.0,1.0,255
8.407840784078408,2163.316261419205,1317.2902934697527,1.0,1.0,255
8.40884088408841,0.0,1344.7494816194144,1.0,1.0,255
8.40984098409841,556.8994228115212,1372.4432203092001,1.0,1.0,255
8.41084108410841,1304.965331804463,1354.6519144035622,1.0,1.0,255
8.411841184118412,0.0,1354.6519144035626,1.0,1.0,255
8.412841284128413,0.0,1354.6719144035626,1.0,1.0,255
8.413841384138413,1420.8420172902886,1326.275074057757,1.0,1.0,255
8.414841484148415,2305.616055001314,1318.6969935277032,1.0,1.0,255
8.415841584158416,455.3834321129316,1325.7663537120618,1.0,1.0,255
8.416841684168418,2624.216328174194,1304.8120422987759,1.0,1.0,255
8.417841784178417,554.7518805829386,1321.3333618540905,1.0,1.0,255
8.418841884188419,0.0,1344.882994749768,1.0,1.0,255
8.41984198419842,0.0,1344.902994749768,1.0,1.0,255
8.42084208420842,326.9206876370313,1373.676796760853,1.0,1.0,255
8.421842184218422,431.46810241711705,1389.53594190195,1.0,1.0,255
8.422842284228423,1052.5240558586963,1368.505460784776,1.0,1.0,255
8.423842384238425,4095.0,1368.485460784776,1.0,1.0,255
8.424842484248424,4095.0,1400.8136982362912,1.0,1.0,255
8.425842584258426,4095.0,1404.369778742193,1.0,1.0,255
8.426842684268427,3691.3901863919473,1396.297582470032,1.0,1.0,255
8.427842784278427,4095.0,1424.3783556702488,1.0,1.0,255
8.428842884288429,2034.3478861677831,1396.043983930219,1.0,1.0,255
8.42984298429843,4095.0,1421.2438050786548,1.0,1.0,255
8.430843084308432,1552.0244272185512,1390.2033165342834,1.0,1.0,255
8.431843184318431,4095.0,1413.7829495320686,1.0,1.0,255
8.432843284328433,3798.7866546068303,1445.2797444019857,1.0,1.0,255
8.433843384338434,0.0,1445.279744401986,1.0,1.0,255
8.434843484348434,4095.0,1455.4570966535593,1.0,1.0,255
8.435843584358436,2952.962906159566,1432.5963547767506,1.0,1.0,255
8.436843684368437,0.0,1438.953275679703,1.0,1.0,255
8.437843784378439,4095.0,1454.9414130992632,1.0,1.0,255
8.438843884388438,3402.7037398211723,1477.4805995282002,1.0,1.0,255
8.43984398439844,2760.7925783635264,1450.776451095471,1.0,1.0,255
8.440844084408441,2280.653287035044,1444.8203719446021,1.0,1.0,255
8.441844184418441,0.0,1474.8383250910827,1.0,1.0,255
8.442844284428443,490.6312720876058,1497.3349095078063,1.0,1.0,255
8.443844384438444,4095.0,1497.3149095078063,1.0,1.0,255
8.444844484448446,1206.827030147071,1473.1783689048648,1.0,1.0,255
8.445844584458445,2188.2424322742845,1460.0525197716322,1.0,1.0,255
8.446844684468447,1702.636685604346,1425.9997860595454,1.0,1.0,255
8.447844784478448,2752.012697193244,1399.12004000341,1.0,1.0,255
8.448844884488448,4095.0,1399.10004000341,1.0,1.0,255
8.44984498449845,2211.918908465335,1373.779309562016,1.0,1.0,255
8.450845084508451,4095.0,1385.094313287749,1.0,1.0,255
8.451845184518453,3111.6065752997038,1365.406444793743,1.0,1.0,255
8.452845284528452,4095.0,1382.2069767840314,1.0,1.0,255
8.453845384538454,1735.5533608423502,1360.6737921306071,1.0,1.0,255
8.454845484548455,3326.143644871914,1369.40640290652,1.0,1.0,255
8.455845584558455,4095.0,1392.2530734654965,1.0,1.0,255
8.456845684568457,0.0,1395.751733249892,1.0,1.0,255
8.457845784578458,206.602947738196,1430.2733490667438,1.0,1.0,255
8.45884588458846,778.2958032824965,1414.7074330010937,1.0,1.0,255
8.45984598459846,4095.0,1425.8254214573242,1.0,1.0,255
8.46084608460846,823.2626183276291,1435.4594757268608,1.0,1.0,255
8.461846184618462,481.6398285010903,1425.8266791568387,1.0,1.0,255
8.462846284628464,0.0,1425.8266791568387,1.0,1.0,255
8.463846384638464,0.0,1454.2435195026444,1.0,1.0,255
8.464846484648465,651.7660937406117,1477.015876527806,1.0,1.0,255
8.465846584658467,0.0,1486.1235451700645,1.0,1.0,255
8.466846684668466,92.88293393885328,1513.7015599278038,1.0,1.0,255
8.467846784678468,3016.3866252473304,1503.2043300444095,1.0,1.0,255
8.46884688468847,0.0,1503.2043300444095,1.0,1.0,255
8.46984698469847,4095.0,1503.1843300444095,1.0,1.0,255
8.47084708470847,4095.0,1509.70274379715,1.0,1.0,255
8.471847184718472,1223.9864810086494,1493.8523762253194,1.0,1.0,255
8.472847284728473,0.0,1514.9028573424935,1.0,1.0,255
8.473847384738473,2452.159520577886,1482.0460477540512,1.0,1.0,255
8.474847484748475,1611.9756329355616,1449.82653509534,1.0,1.0,255
8.475847584758476,4095.0,1449.82653509534,1.0,1.0,255
8.476847684768478,4095.0,1457.8987313675011,1.0,1.0,255
8.477847784778477,2560.9471514403126,1427.2176743963073,1.0,1.0,255
8.478847884788479,0.0,1467.904632119663,1.0,1.0,255
8.47984798479848,488.22578442614645,1458.1601164311398,1.0,1.0,255
8.48084808480848,957.9192927299621,1470.0422191209118,1.0,1.0,255
8.481848184818482,2169.624686974404,1431.5347128604,1.0,1.0,255
8.482848284828483,1398.5757199275708,1409.5074653697118,1.0,1.0,255
8.483848384838485,2932.2643533757655,1386.2327524372272,1.0,1.0,255
8.484848484848484,555.203787498793,1375.148676687251,1.0,1.0,255
8.485848584858486,0.0,1398.00941856406,1.0,1.0,255
8.486848684868487,1802.0823580144588,1361.9677714037707,1.0,1.0,255
8.487848784878487,0.0,1361.9877714037707,1.0,1.0,255
8.488848884888489,3224.451072387974,1358.4227180551068,1.0,1.0,255
8.48984898489849,3159.8052152167184,1366.4029707921707,1.0,1.0,255
8.490849084908492,0.0,1402.70990505147,1.0,1.0,255
8.491849184918491,2486.6783158260782,1370.5234713679913,1.0,1.0,255
8.492849284928493,4095.0,1380.3160968097436,1.0,1.0,255
8.493849384938494,3461.5365476904326,1367.6468277635518,1.0,1.0,255
8.494849484948494,3003.805071787766,1369.9394698022486,1.0,1.0,255
8.495849584958496,1591.8924116835728,1376.2567729230914,1.0,1.0,255
8.496849684968497,2818.9052464181905,1384.7676115635422,1.0,1.0,255
8.497849784978499,2998.4896633821604,1389.6971508873207,1.0,1.0,255
8.498849884988498,4095.0,1389.6971508873207,1.0,1.0,255
8.4998499849985,1683.201552285249,1393.7147416723092,1.0,1.0,255
8.500850085008501,0.0,1393.7347416723092,1.0,1.0,255
8.501850185018501,4095.0,1413.4026101663153,1.0,1.0,255
8.502850285028503,0.0,1413.422610166315,1.0,1.0,255
8.503850385038504,1564.1893289257027,1416.8498908046479,1.0,1.0,255
8.504850485048506,1485.2788925754826,1402.5414400556997,1.0,1.0,255
8.505850585058505,1433.1996803447187,1373.8974464488053,1.0,1.0,255
8.506850685068507,4095.0,1373.8774464488056,1.0,1.0,255
8.507850785078508,0.0,1378.0095054035692,1.0,1.0,255
8.508850885088508,0.0,1393.5754214692192,1.0,1.0,255
8.50985098509851,2669.058705709941,1365.0565955834181,1.0,1.0,255
8.510851085108511,1356.4187839519623,1354.3934722709316,1.0,1.0,255
8.511851185118513,0.0,1364.0262688409532,1.0,1.0,255
8.512851285128512,0.0,1364.0262688409532,1.0,1.0,255
8.513851385138514,0.0,1364.0262688409532,1.0,1.0,255
8.514851485148515,4095.0,1377.0415907157656,1.0,1.0,255
8.515851585158515,0.0,1377.0415907157656,1.0,1.0,255
8.516851685168517,4095.0,1378.8792493945425,1.0,1.0,255
8.517851785178518,4095.0,1400.4515168895957,1.0,1.0,255
8.51885188518852,193.3469780846276,1396.5845773279032,1.0,1.0,255
8.51985198519852,0.0,1396.6045773279031,1.0,1.0,255
8.52085208520852,4095.0,1396.6045773279031,1.0,1.0,255
8.521852185218522,4056.860641570981,1420.301519779496,1.0,1.0,255
8.522852285228524,3144.684849164147,1401.2752167627789,1.0,1.0,255
8.523852385238524,0.0,1434.1520263512211,1.0,1.0,255
8.524852485248525,0.0,1466.3915390099323,1.0,1.0,255
8.525852585258527,4095.0,1466.3915390099323,1.0,1.0,255
8.526852685268526,2082.0280892702435,1426.1321007953372,1.0,1.0,255
8.527852785278528,970.383774877467,1437.4254822689816,1.0,1.0,255
8.52885288528853,0.0,1437.4254822689816,1.0,1.0,255
8.52985298529853,717.5294545115705,1432.839408867273,1.0,1.0,255
8.53085308530853,2981.3411074335427,1429.704616870543,1.0,1.0,255
8.531853185318532,0.0,1468.2321231310552,1.0,1.0,255
8.532853285328533,4095.0,1496.1836375296066,1.0,1.0,255
8.533853385338533,2288.6028777822894,1483.3104080177372,1.0,1.0,255
8.534853485348535,3330.634817356717,1479.1071801148473,1.0,1.0,255
8.535853585358536,3563.581818462041,1468.4588164840886,1.0,1.0,255
8.536853685368538,4095.0,1504.4804636443776,1.0,1.0,255
8.537853785378537,753.1744897352521,1489.4169738496726,1.0,1.0,255
8.538853885388539,0.0,1506.8479524019137,1.0,1.0,255
8.53985398539854,836.9974046972759,1508.8319000036333,1.0,1.0,255
8.54085408540854,0.0,1508.831900003633,1.0,1.0,255
8.541854185418542,1562.505494326755,1509.7682238005762,1.0,1.0,255
8.542854285428543,0.0,1509.7882238005761,1.0,1.0,255
8.543854385438545,1124.7098415041578,1499.9832960166846,1.0,1.0,255
8.544854485448544,127.98800347644396,1519.2674345114,1.0,1.0,255
8.545854585458546,2936.4918439891044,1527.9151196248538,1.0,1.0,255
8.546854685468547,0.0,1553.4570146964898,1.0,1.0,255
8.547854785478547,0.0,1575.407221428847,1.0,1.0,255
8.548854885488549,0.0,1575.4272214288465,1.0,1.0,255
8.54985498549855,2245.534021344419,1572.08193290144,1.0,1.0,255
8.550855085508552,0.0,1572.08193290144,1.0,1.0,255
8.551855185518551,262.7274724983788,1566.8473834514728,1.0,1.0,255
8.552855285528553,2400.214108615672,1532.9316656237863,1.0,1.0,255
8.553855385538554,0.0,1564.2154522023004,1.0,1.0,255
8.554855485548554,4095.0,1593.90103005381,1.0,1.0,255
8.555855585558556,105.1755532910147,1620.461512594884,1.0,1.0,255
8.556855685568557,398.2467206676147,1612.5165781815317,1.0,1.0,255
8.557855785578559,1481.6853737662527,1582.8828707062069,1.0,1.0,255
8.558855885588558,0.0,1582.882870706207,1.0,1.0,255
8.55985598559856,3580.983361052381,1601.1213638130557,1.0,1.0,255
8.560856085608561,3642.200166130674,1619.1737428147085,1.0,1.0,255
8.561856185618561,4095.0,1619.153742814708,1.0,1.0,255
8.562856285628563,573.0629176186624,1607.6924844623347,1.0,1.0,255
8.563856385638564,3690.7571923370847,1599.5876283090765,1.0,1.0,255
8.564856485648566,1323.650499980864,1573.1346183094593,1.0,1.0,255
8.565856585658565,0.0,1573.1346183094588,1.0,1.0,255
8.566856685668567,3938.737172908642,1570.0093617676318,1.0,1.0,255
8.567856785678568,0.0,1570.029361767632,1.0,1.0,255
8.568856885688568,2935.0557356271866,1550.6774160418684,1.0,1.0,255
8.56985698569857,4095.0,1550.6574160418684,1.0,1.0,255
8.570857085708571,2834.4723132532304,1525.4468623069326,1.0,1.0,255
8.571857185718573,2018.1132136923068,1485.8673852016668,1.0,1.0,255
8.572857285728572,4095.0,1504.8736882183841,1.0,1.0,255
8.573857385738574,4095.0,1504.8536882183841,1.0,1.0,255
8.574857485748575,1627.4913988000994,1472.303860242382,1.0,1.0,255
8.575857585758575,3851.7519829123385,1467.4388999006287,1.0,1.0,255
8.576857685768577,1810.6240301408775,1471.505857512406,1.0,1.0,255
8.577857785778578,1403.1140528817334,1462.8512519523204,1.0,1.0,255
8.57885788578858,4095.0,1462.8312519523208,1.0,1.0,255
8.57985798579858,4095.0,1477.1618410425522,1.0,1.0,255
8.58085808580858,3721.777102681056,1491.9705609475025,1.0,1.0,255
8.581858185818582,0.0,1491.9705609475027,1.0,1.0,255
8.582858285828584,0.0,1491.990560947503,1.0,1.0,255
8.583858385838584,0.0,1528.1385033918573,1.0,1.0,255
8.584858485848585,1725.2875110088532,1508.9400568245455,1.0,1.0,255
8.585858585858587,3430.729263220086,1506.2830057197068,1.0,1.0,255
8.586858685868586,4095.0,1506.2830057197068,1.0,1.0,255
8.587858785878588,3818.5131580150455,1515.796758674713,1.0,1.0,255
8.58885888588859,1915.7249122595101,1477.4822604295227,1.0,1.0,255
8.58985898589859,0.0,1494.2222085234682,1.0,1.0,255
8.59085908590859,475.619097528333,1484.7098265729014,1.0,1.0,255
8.591859185918592,3393.728393638705,1501.914504332211,1.0,1.0,255
8.592859285928593,2118.632934437384,1462.3671630209585,1.0,1.0,255
8.593859385938593,2153.593965445614,1446.0132391599539,1.0,1.0,255
8.594859485948595,625.215758675128,1436.0686840559802,1.0,1.0,255
8.595859585958596,1669.7571825002447,1425.8637035261936,1.0,1.0,255
8.596859685968598,4095.0,1425.8437035261932,1.0,1.0,255
8.597859785978597,0.0,1425.8437035261932,1.0,1.0,255
8.598859885988599,4095.0,1425.8237035261932,1.0,1.0,255
8.5998599859986,4095.0,1462.8130230993047,1.0,1.0,255
8.6008600860086,4095.0,1462.7930230993047,1.0,1.0,255
8.601860186018602,934.28675438038,1449.361837461665,1.0,1.0,255
8.602860286028603,1028.8229305486614,1462.7010966783782,1.0,1.0,255
8.603860386038605,3571.4220890329875,1452.209538459038,1.0,1.0,255
8.604860486048604,709.4470673459734,1438.0405971121186,1.0,1.0,255
8.605860586058606,0.0,1440.1441081779385,1.0,1.0,255
8.606860686068607,2267.030200533343,1411.5296466019574,1.0,1.0,255
8.607860786078607,641.3089349088464,1428.3371753791057,1.0,1.0,255
8.608860886088609,1993.9740380893982,1388.4576946173177,1.0,1.0,255
8.60986098609861,4095.0,1398.7380273962706,1.0,1.0,255
8.610861086108612,4095.0,1407.794024073657,1.0,1.0,255
8.611861186118611,1204.2856724447643,1383.7283106247614,1.0,1.0,255
8.612861286128613,3226.637204892802,1377.8023130749907,1.0,1.0,255
8.613861386138614,3690.5606596675834,1377.7983824216008,1.0,1.0,255
8.614861486148614,4095.0,1404.2513924212178,1.0,1.0,255
8.615861586158616,0.0,1404.2513924212178,1.0,1.0,255
8.616861686168617,4095.0,1407.3766489630448,1.0,1.0,255
8.617861786178619,0.0,1407.3766489630452,1.0,1.0,255
8.618861886188618,2710.426894443265,1402.8840721393667,1.0,1.0,255
8.61986198619862,0.0,1402.9040721393667,1.0,1.0,255
8.620862086208621,0.0,1428.1346258743024,1.0,1.0,255
8.621862186218621,0.0,1468.4968901481482,1.0,1.0,255
8.622862286228623,4095.0,1468.4968901481482,1.0,1.0,255
8.623862386238624,0.0,1468.5168901481481,1.0,1.0,255
8.624862486248626,783.1950854360691,1485.4028164154288,1.0,1.0,255
8.625862586258625,0.0,1490.2877767571822,1.0,1.0,255
8.626862686268627,1874.607421506949,1489.0081089298606,1.0,1.0,255
8.627862786278628,0.0,1517.0703899874954,1.0,1.0,255
8.628862886288628,3947.079651139962,1514.1119830102948,1.0,1.0,255
8.62986298629863,1320.8209401245217,1487.7155642078042,1.0,1.0,255
8.630863086308631,2157.9097714132376,1456.4382175824476,1.0,1.0,255
8.631863186318633,4095.0,1456.4182175824476,1.0,1.0,255
8.632863286328632,1687.0899250700406,1422.6764190810468,1.0,1.0,255
8.633863386338634,0.0,1422.6764190810468,1.0,1.0,255
8.634863486348635,3971.023650965464,1454.682642320533,1.0,1.0,255
8.635863586358635,1812.0575974824808,1431.7469051064822,1.0,1.0,255
8.636863686368637,2612.427049592535,1402.0954460983328,1.0,1.0,255
8.637863786378638,4095.0,1407.6251829380317,1.0,1.0,255
8.63886388638864,2850.870079279177,1421.0370827688055,1.0,1.0,255
8.63986398639864,4095.0,1421.0170827688055,1.0,1.0,255
8.64086408640864,0.0,1430.529464719372,1.0,1.0,255
8.641864186418642,3886.007687307976,1440.3750505927578,1.0,1.0,255
8.642864286428644,0.0,1479.9223919040098,1.0,1.0,255
8.643864386438644,4095.0,1518.750512595098,1.0,1.0,255
8.644864486448645,4095.0,1531.2348277686003,1.0,1.0,255
8.645864586458647,810.0247999014309,1548.4294754205766,1.0,1.0,255
8.646864686468646,0.0,1548.4494754205766,1.0,1.0,255
8.647864786478648,4095.0,1548.4294754205766,1.0,1.0,255
8.64886488648865,632.8705622352052,1535.7920641758726,1.0,1.0,255
8.64986498649865,10.826166431039383,1535.5955408472519,1.0,1.0,255
8.65086508650865,4095.0,1535.5955408472519,1.0,1.0,255
8.651865186518652,41.720323424944354,1553.4468694663603,1.0,1.0,255
8.652865286528653,0.0,1574.0233280773336,1.0,1.0,255
8.653865386538653,0.0,1584.5148862966737,1.0,1.0,255
8.654865486548655,2732.9813011589677,1571.4434536667727,1.0,1.0,255
8.655865586558656,3546.5627508808684,1560.45470868439,1.0,1.0,255
8.656865686568658,0.0,1597.034104673723,1.0,1.0,255
8.657865786578657,3431.11348266765,1596.562553025253,1.0,1.0,255
8.658865886588659,2158.8602762374603,1597.69923931179,1.0,1.0,255
8.65986598659866,1416.737282034322,1569.3844936711039,1.0,1.0,255
8.66086608660866,0.0,1569.4044936711039,1.0,1.0,255
8.661866186618662,0.0,1593.490207119999,1.0,1.0,255
8.662866286628663,4095.0,1610.8574630221428,1.0,1.0,255
8.663866386638665,463.7047381568127,1609.6921550656552,1.0,1.0,255
8.664866486648664,0.0,1609.7121550656548,1.0,1.0,255
8.665866586658666,0.0,1609.7121550656548,1.0,1.0,255
8.666866686668667,245.75823732171216,1604.8169903192204,1.0,1.0,255
8.667866786678667,0.0,1604.8169903192204,1.0,1.0,255
8.668866886688669,3002.117641416012,1610.6508052586753,1.0,1.0,255
8.66986698669867,1990.347986436264,1570.8438455299502,1.0,1.0,255
8.670867086708672,1481.3161108395752,1541.2175233131586,1.0,1.0,255
8.671867186718671,1307.9550098651143,1515.0584231158564,1.0,1.0,255
8.672867286728673,2335.3053033734486,1479.8645291833254,1.0,1.0,255
8.673867386738674,4095.0,1479.8445291833257,1.0,1.0,255
8.674867486748674,2686.894235122534,1467.3263155944978,1.0,1.0,255
8.675867586758676,3425.9511201553196,1453.9253379976042,1.0,1.0,255
8.676867686768677,4095.0,1491.3974864277427,1.0,1.0,255
8.677867786778679,1657.2888957529024,1458.2517085126847,1.0,1.0,255
8.678867886788678,1349.103838140977,1434.2480387270657,1.0,1.0,255
8.67986798679868,1357.9063967488223,1433.5063295945802,1.0,1.0,255
8.680868086808681,52.995501998497275,1471.2082241263454,1.0,1.0,255
8.681868186818681,3942.0452276178094,1468.1491286787016,1.0,1.0,255
8.682868286828683,0.0,1501.8909271801024,1.0,1.0,255
8.683868386838684,4095.0,1501.8709271801024,1.0,1.0,255
8.684868486848686,2978.9731068266847,1482.029916297327,1.0,1.0,255
8.685868586858685,2991.088607771625,1496.1728404024088,1.0,1.0,255
8.686868686868687,473.252299142056,1516.3792534277172,1.0,1.0,255
8.687868786878688,4095.0,1516.379253427717,1.0,1.0,255
8.688868886888688,0.0,1541.2818518421336,1.0,1.0,255
8.68986898689869,4032.612603228339,1540.0341039067007,1.0,1.0,255
8.690869086908691,947.3408320743467,1521.0872872652137,1.0,1.0,255
8.691869186918693,1693.951385102721,1491.4081058169995,1.0,1.0,255
8.692869286928692,3286.596276544932,1475.2200313478984,1.0,1.0,255
8.693869386938694,0.0,1475.2400313478984,1.0,1.0,255
8.694869486948695,2538.7181962140958,1444.1143952721802,1.0,1.0,255
8.695869586958695,929.6189190590471,1441.7225128890277,1.0,1.0,255
8.696869686968697,3626.5208504049997,1432.3329298971273,1.0,1.0,255
8.697869786978698,0.0,1432.3529298971273,1.0,1.0,255
8.6988698869887,4095.0,1444.9903411418318,1.0,1.0,255
8.6998699869987,0.0,1445.2068644704525,1.0,1.0,255
8.7008700870087,4095.0,1445.2068644704525,1.0,1.0,255
8.701870187018702,2154.88623734509,1407.2189956858533,1.0,1.0,255
8.702870287028704,3736.1326279897557,1400.0216482456485,1.0,1.0,255
8.703870387038704,0.0,1400.0216482456485,1.0,1.0,255
8.704870487048705,0.0,1427.2820222224693,1.0,1.0,255
8.705870587058707,4095.0,1438.250767204852,1.0,1.0,255
8.706870687068706,3562.8191015068505,1427.5871492349886,1.0,1.0,255
8.707870787078708,4095.0,1440.8648795816355,1.0,1.0,255
8.70887088708871,1879.3488725964146,1442.0206966049582,1.0,1.0,255
8.70987098709871,2394.674683486532,1436.3289359153755,1.0,1.0,255
8.71087108710871,0.0,1436.3289359153755,1.0,1.0,255
8.711871187118712,403.39398121680256,1428.2610562910395,1.0,1.0,255
8.712871287128714,3682.0077565566016,1420.0012114221715,1.0,1.0,255
8.713871387138713,4095.0,1429.2553061853077,1.0,1.0,255
8.714871487148715,2335.276053620472,1394.0408272577174,1.0,1.0,255
8.715871587158716,2125.403730616953,1354.628901870056,1.0,1.0,255
8.716871687168718,2175.6101150046375,1321.1362689165828,1.0,1.0,255
8.717871787178717,0.0,1321.1362689165833,1.0,1.0,255
8.718871887188719,2725.4548023181524,1315.603012134626,1.0,1.0,255
8.71987198719872,4095.0,1355.3899718633513,1.0,1.0,255
8.72087208720872,3499.735748752382,1373.0910090551906,1.0,1.0,255
8.721872187218722,1100.7359612628252,1377.2353900272365,1.0,1.0,255
8.722872287228723,1282.6786089596499,1386.7957117805747,1.0,1.0,255
8.723872387238725,4095.0,1386.7957117805747,1.0,1.0,255
8.724872487248724,4095.0,1414.9578270781237,1.0,1.0,255
8.725872587258726,4095.0,1428.3388046750174,1.0,1.0,255
8.726872687268727,2515.9485043592977,1396.7577747622033,1.0,1.0,255
8.727872787278727,2008.5526543478747,1389.7324995903036,1.0,1.0,255
8.728872887288729,4095.0,1416.694576353123,1.0,1.0,255
8.72987298729873,0.0,1443.8527042880999,1.0,1.0,255
8.730873087308732,1403.0070222502038,1416.8524738830654,1.0,1.0,255
8.731873187318731,4095.0,1419.9115693307092,1.0,1.0,255
8.732873287328733,639.6816643862699,1407.1179360429837,1.0,1.0,255
8.733873387338734,0.0,1407.1379360429837,1.0,1.0,255
8.734873487348734,4095.0,1429.45847390645,1.0,1.0,255
8.735873587358736,2995.6372153901684,1429.549446058821,1.0,1.0,255
8.736873687368737,0.0,1439.014492041662,1.0,1.0,255
8.737873787378739,2188.9587017482704,1400.8936660766274,1.0,1.0,255
8.738873887388738,3034.665985030502,1379.6669857772376,1.0,1.0,255
8.73987398739874,4095.0,1380.9147337126708,1.0,1.0,255
8.740874087408741,0.0,1399.8615503541578,1.0,1.0,255
8.741874187418741,4095.0,1433.7205780562122,1.0,1.0,255
8.742874287428743,3053.316628098631,1429.0549850872862,1.0,1.0,255
8.743874387438744,0.0,1429.0549850872862,1.0,1.0,255
8.744874487448746,4095.0,1460.1806211630042,1.0,1.0,255
8.745874587458745,3828.6106759776058,1473.425213063737,1.0,1.0,255
8.746874687468747,1673.8866790404672,1449.3370624748277,1.0,1.0,255
8.747874787478748,3477.151863486382,1436.9600997445552,1.0,1.0,255
8.748874887488748,1741.6515584231327,1402.1470685760924,1.0,1.0,255
8.74987498749875,4095.0,1402.1270685760924,1.0,1.0,255
8.750875087508751,3316.111111968341,1386.5492908154597,1.0,1.0,255
8.751875187518753,2658.789797763516,1396.6273620238283,1.0,1.0,255
8.752875287528752,0.0,1403.8247094640333,1.0,1.0,255
8.753875387538754,3009.844278518255,1382.1015950343985,1.0,1.0,255
8.754875487548755,3920.200962462685,1378.5856142836521,1.0,1.0,255
8.755875587558755,0.0,1378.6056142836521,1.0,1.0,255
8.756875687568757,3281.5993875616914,1372.9812200047488,1.0,1.0,255
8.757875787578758,2310.964861816946,1337.3005172410878,1.0,1.0,255
8.75887588758876,2373.9786113796963,1340.44706692061,1.0,1.0,255
8.75987598759876,4095.0,1374.4535732508793,1.0,1.0,255
8.76087608760876,2236.4114171902024,1337.2618015946834,1.0,1.0,255
8.761876187618762,2806.3050395395708,1319.535782009811,1.0,1.0,255
8.762876287628764,642.578817504188,1314.9640505285952,1.0,1.0,255
8.763876387638764,194.02263728106914,1311.1035977829736,1.0,1.0,255
8.764876487648765,1820.867220542875,1309.9007322997068,1.0,1.0,255
8.765876587658767,3380.7914557559684,1335.008486802487,1.0,1.0,255
8.766876687668766,1595.8198325560445,1341.4998878512733,1.0,1.0,255
8.767876787678768,438.6861716259277,1332.726164418755,1.0,1.0,255
8.76887688768877,3068.8634294826456,1339.5943369620447,1.0,1.0,255
8.76987698769877,4095.0,1339.5943369620447,1.0,1.0,255
8.77087708770877,0.0,1351.519621986997,1.0,1.0,255
8.771877187718772,456.4200312278035,1364.4059405876976,1.0,1.0,255
8.772877287728774,2571.586301404597,1359.5712387949827,1.0,1.0,255
8.773877387738773,0.0,1359.5912387949822,1.0,1.0,255
8.774877487748775,719.6839394296555,1345.217560006389,1.0,1.0,255
8.775877587758776,0.0,1345.237560006389,1.0,1.0,255
8.776877687768778,2582.0763480074897,1346.560116879353,1.0,1.0,255
8.777877787778777,3771.428028048005,1380.2397305272707,1.0,1.0,255
8.778877887788779,2387.5446143219756,1346.09062281371,1.0,1.0,255
8.77987798779878,1099.6881971140524,1324.096858871429,1.0,1.0,255
8.78087808780878,0.0,1352.156999316433,1.0,1.0,255
8.781878187818782,4095.0,1352.1569993164333,1.0,1.0,255
8.782878287828783,1569.5685069187755,1333.5592624657831,1.0,1.0,255
8.783878387838785,0.0,1333.559262465783,1.0,1.0,255
8.784878487848784,703.3849883958358,1319.5115626978666,1.0,1.0,255
8.785878587858786,4095.0,1341.4988183900628,1.0,1.0,255
8.786878687868787,2702.2023000952718,1313.6228643919683,1.0,1.0,255
8.787878787878787,4095.0,1351.7436903570028,1.0,1.0,255
8.788878887888789,1357.786577662478,1345.8146391031432,1.0,1.0,255
8.78987898789879,4095.0,1345.8146391031432,1.0,1.0,255
8.790879087908792,1902.117376405498,1307.7722915750333,1.0,1.0,255
8.791879187918791,4095.0,1307.7722915750333,1.0,1.0,255
8.792879287928793,4095.0,1328.6059590130608,1.0,1.0,255
8.793879387938794,1573.1633432540987,1297.1426921479788,1.0,1.0,255
8.794879487948794,3105.2762856357676,1277.348217860694,1.0,1.0,255
8.795879587958796,4095.0,1282.676004341142,1.0,1.0,255
8.796879687968797,2799.2743672142205,1290.219225266236,1.0,1.0,255
8.797879787978799,2982.733717614249,1280.330862348793,1.0,1.0,255
8.798879887988798,0.0,1315.1638935172557,1.0,1.0,255
8.7998799879988,0.0,1315.1838935172557,1.0,1.0,255
8.800880088008801,3950.4605383412704,1327.8708820447143,1.0,1.0,255
8.801880188018801,513.7672896556439,1346.339740296331,1.0,1.0,255
8.802880288028803,4095.0,1346.319740296331,1.0,1.0,255
8.803880388038804,344.8886970788956,1361.1450807843878,1.0,1.0,255
8.804880488048806,2954.896417712168,1341.8389898893774,1.0,1.0,255
8.805880588058805,0.0,1341.838989889378,1.0,1.0,255
8.806880688068807,4095.0,1358.1070021381438,1.0,1.0,255
8.807880788078808,4095.0,1393.7877049018048,1.0,1.0,255
8.808880888088808,3041.179011566461,1407.13171290554,1.0,1.0,255
8.80988098809881,3530.5597858409656,1395.8429086223593,1.0,1.0,255
8.810881088108811,1103.2479094985229,1410.9697220885853,1.0,1.0,255
8.811881188118813,2313.0257840410422,1401.1041369786146,1.0,1.0,255
8.812881288128812,2467.0424972584815,1381.3765632738682,1.0,1.0,255
8.813881388138814,2657.1534167701466,1356.4800843548926,1.0,1.0,255
8.814881488148815,3000.1870013276025,1370.9811687923022,1.0,1.0,255
8.815881588158815,0.0,1385.2853396771825,1.0,1.0,255
8.816881688168817,2069.184900218272,1376.6654343326686,1.0,1.0,255
8.817881788178818,2401.6193118614974,1351.5515440024174,1.0,1.0,255
8.81888188818882,718.2124351754765,1357.7300267092548,1.0,1.0,255
8.81988198819882,2064.2900396236714,1317.1158275017283,1.0,1.0,255
8.82088208820882,4095.0,1317.0958275017283,1.0,1.0,255
8.821882188218822,638.606033579432,1313.4521074546958,1.0,1.0,255
8.822882288228824,3287.622837442692,1327.7728381754578,1.0,1.0,255
8.823882388238824,0.0,1327.772838175458,1.0,1.0,255
8.824882488248825,4095.0,1342.1465169640508,1.0,1.0,255
8.825882588258827,1624.0755390238407,1309.6650061835742,1.0,1.0,255
8.826882688268826,2394.7809817765906,1305.9190988589562,1.0,1.0,255
8.827882788278828,4095.0,1312.3905382979958,1.0,1.0,255
8.82888288828883,396.1224504743079,1338.6371970020703,1.0,1.0,255
8.82988298829883,2666.9725637427537,1332.0504122192062,1.0,1.0,255
8.83088308830883,2528.0202117139156,1300.6908164534846,1.0,1.0,255
8.831883188318832,1696.839586608226,1266.77402472132,1.0,1.0,255
8.832883288328834,525.8489809589223,1287.6484152405171,1.0,1.0,255
8.833883388338833,3817.541987842581,1282.079254997369,1.0,1.0,255
8.834883488348835,0.0,1296.1469547652855,1.0,1.0,255
8.835883588358836,1088.7985874350184,1274.390983016585,1.0,1.0,255
8.836883688368838,2977.2275499354873,1279.8914880133896,1.0,1.0,255
8.837883788378837,526.6448995630255,1269.378590022129,1.0,1.0,255
8.838883888388839,2254.9463689835484,1259.7132489550493,1.0,1.0,255
8.83988398839884,0.0,1259.7332489550492,1.0,1.0,255
8.84088408840884,3733.5859055773562,1290.5273145947065,1.0,1.0,255
8.841884188418842,0.0,1290.5473145947064,1.0,1.0,255
8.842884288428843,111.11988857585288,1288.3449168231894,1.0,1.0,255
8.843884388438845,3984.459952925031,1317.577382746772,1.0,1.0,255
8.844884488448844,3456.1340813582297,1324.5945386612211,1.0,1.0,255
8.845884588458846,1812.1314089448192,1288.3719104823247,1.0,1.0,255
8.846884688468847,1966.6074205848518,1274.9742747263435,1.0,1.0,255
8.847884788478847,166.64970217417658,1293.906606330575,1.0,1.0,255
8.848884888488849,976.3162141346911,1274.380282047881,1.0,1.0,255
8.84988498849885,280.4256703314202,1268.7717686412527,1.0,1.0,255
8.850885088508852,2710.6194029395583,1243.9749459332186,1.0,1.0,255
8.851885188518851,0.0,1254.2502917263314,1.0,1.0,255
8.852885288528853,4095.0,1254.2502917263314,1.0,1.0,255
8.853885388538854,2014.5845107888224,1220.8563754521329,1.0,1.0,255
8.854885488548854,4029.75615224432,1242.353570142776,1.0,1.0,255
8.855885588558856,0.0,1242.353570142776,1.0,1.0,255
8.856885688568857,4095.0,1242.353570142776,1.0,1.0,255
8.857885788578859,358.1464179155282,1235.2106417844655,1.0,1.0,255
8.858885888588858,0.0,1256.3070615531362,1.0,1.0,255
8.85988598859886,4095.0,1267.595865836317,1.0,1.0,255
8.860886088608861,2319.1615076998037,1254.1240541802836,1.0,1.0,255
8.861886188618861,1106.9403336102014,1267.6447318272587,1.0,1.0,255
8.862886288628863,2948.6341153914627,1277.2765641899182,1.0,1.0,255
8.863886388638864,1553.9043744103524,1274.975408366308,1.0,1.0,255
8.864886488648866,61.989802260480246,1295.6518722945466,1.0,1.0,255
8.865886588658865,1514.0111250984396,1265.3716497925777,1.0,1.0,255
8.866886688668867,1087.1318159101247,1284.1653154700098,1.0,1.0,255
8.867886788678868,2786.2802474933055,1291.8585341826458,1.0,1.0,255
8.868886888688868,3352.2331657823797,1291.3474462018028,1.0,1.0,255
8.86988698869887,0.0,1331.9816454093293,1.0,1.0,255
8.870887088708871,429.4537823628132,1323.4125697620732,1.0,1.0,255
8.871887188718873,4095.0,1336.1646904336617,1.0,1.0,255
8.872887288728872,4095.0,1352.3122336848078,1.0,1.0,255
8.873887388738874,4095.0,1352.2922336848078,1.0,1.0,255
8.874887488748875,3693.452289121273,1344.2612794672334,1.0,1.0,255
8.875887588758875,678.0980204725247,1363.1808298382596,1.0,1.0,255
8.876887688768877,2970.4067804334245,1374.693345811396,1.0,1.0,255
8.877887788778878,1388.5681035721568,1346.9419837399532,1.0,1.0,255
8.87888788878888,3874.254087624914,1350.4295145019378,1.0,1.0,255
8.87988798879888,4095.0,1378.9900632270828,1.0,1.0,255
8.88088808880888,4061.498801899747,1409.6596350307993,1.0,1.0,255
8.881888188818882,1375.2943493296568,1416.0905397763706,1.0,1.0,255
8.882888288828884,2472.0708402758564,1394.1289362010662,1.0,1.0,255
8.883888388838884,4095.0,1399.6780964442148,1.0,1.0,255
8.884888488848885,2990.9076224736723,1377.5762488936882,1.0,1.0,255
8.885888588858887,781.4459936791509,1383.7233007688058,1.0,1.0,255
8.886888688868886,2834.8285277279874,1380.8753203246558,1.0,1.0,255
8.887888788878888,4095.0,1391.388218315916,1.0,1.0,255
8.88888888888889,166.82650884703548,1424.8727607593041,1.0,1.0,255
8.88988898889889,0.0,1424.872760759304,1.0,1.0,255
8.89088908890889,4095.0,1432.101042647757,1.0,1.0,255
8.891889188918892,4095.0,1432.081042647757,1.0,1.0,255
8.892889288928894,1254.4567534944226,1409.2143053493858,1.0,1.0,255
8.893889388938893,2612.388790993794,1381.7728821107607,1.0,1.0,255
8.894889488948895,967.6572045439871,1375.2170563927168,1.0,1.0,255
8.895889588958896,3985.1824127028785,1409.243332825671,1.0,1.0,255
8.896889688968898,0.0,1448.5754812373677,1.0,1.0,255
8.897889788978897,1566.5478643272188,1420.5775179943066,1.0,1.0,255
8.898889888988899,0.0,1440.1038422770005,1.0,1.0,255
8.8998899889989,4095.0,1445.692355683629,1.0,1.0,255
8.9008900890089,3081.226691262962,1453.104501450097,1.0,1.0,255
8.901890189018902,4095.0,1453.084501450097,1.0,1.0,255
8.902890289028903,0.0,1453.104501450097,1.0,1.0,255
8.903890389038905,0.0,1493.3961916658734,1.0,1.0,255
8.904890489048904,2624.144609681717,1465.2839608146214,1.0,1.0,255
8.905890589058906,1176.5786274884545,1441.7523882648527,1.0,1.0,255
8.906890689068907,2036.3835045349097,1401.0447181741545,1.0,1.0,255
8.907890789078907,2974.6591005801065,1385.7808285440667,1.0,1.0,255
8.908890889088909,4095.0,1385.7608285440667,1.0,1.0,255
8.90989098909891,1064.0297396599099,1364.500233750869,1.0,1.0,255
8.910891089108912,1337.5978991932027,1373.2850456130088,1.0,1.0,255
8.911891189118911,3231.979443837999,1378.143441161973,1.0,1.0,255
8.912891289128913,2141.2384470183542,1361.9955277945107,1.0,1.0,255
8.913891389138914,4095.0,1393.0536152827178,1.0,1.0,255
8.914891489148914,4095.0,1394.2734113279273,1.0,1.0,255
8.915891589158916,3735.2413204440236,1417.3384602387764,1.0,1.0,255
8.916891689168917,3020.768843048327,1417.5764734179454,1.0,1.0,255
8.917891789178919,2344.3316455439085,1408.7375013789572,1.0,1.0,255
8.918891889188918,2967.9572408384297,1401.0519828800782,1.0,1.0,255
8.91989198919892,0.0,1401.0519828800784,1.0,1.0,255
8.920892089208921,4095.0,1409.6210585273345,1.0,1.0,255
8.921892189218921,2580.7051823500424,1379.3351621743352,1.0,1.0,255
8.922892289228923,2264.254943281954,1342.7202610399743,1.0,1.0,255
8.923892389238924,749.9441984897928,1327.741377070179,1.0,1.0,255
8.924892489248926,3050.1111749524844,1314.874554786803,1.0,1.0,255
8.925892589258925,926.140681019165,1309.9137015758702,1.0,1.0,255
8.926892689268927,2167.3098436817363,1293.8517628408365,1.0,1.0,255
8.927892789278928,4095.0,1321.6031249122796,1.0,1.0,255
8.928892889288928,0.0,1326.0380431597814,1.0,1.0,255
8.92989298929893,2050.340590037332,1285.144854960528,1.0,1.0,255
8.930893089308931,4095.0,1285.8148789225334,1.0,1.0,255
8.931893189318933,1287.7145883222724,1287.5664741426808,1.0,1.0,255
8.932893289328932,2288.2828764136334,1283.8907148654364,1.0,1.0,255
8.933893389338934,4095.0,1283.8907148654366,1.0,1.0,255
8.934893489348935,0.0,1305.9925624159628,1.0,1.0,255
8.935893589358935,1907.4372936625048,1283.4727364162957,1.0,1.0,255
8.936893689368937,4095.0,1308.676165861736,1.0,1.0,255
8.937893789378938,2160.069763289142,1269.977561127519,1.0,1.0,255
8.93889388938894,0.0,1273.3140913044597,1.0,1.0,255
8.93989398939894,0.0,1273.3140913044597,1.0,1.0,255
8.94089408940894,0.0,1273.3340913044597,1.0,1.0,255
8.941894189418942,0.0,1273.3540913044599,1.0,1.0,255
8.942894289428944,3808.5023725459455,1292.6932738252672,1.0,1.0,255
8.943894389438944,499.33798638205576,1312.3787382777505,1.0,1.0,255
8.944894489448945,1777.4198246938852,1296.1834858747523,1.0,1.0,255
8.945894589458947,1161.5607760697046,1275.1686220993006,1.0,1.0,255
8.946894689468946,4095.0,1275.1486220993006,1.0,1.0,255
8.947894789478948,2765.5727449189803,1279.8710342842248,1.0,1.0,255
8.94889488948895,2884.536656731703,1255.6417674188588,1.0,1.0,255
8.94989498949895,2089.421682178121,1215.530201062421,1.0,1.0,255
8.95089508950895,4095.0,1235.8056672371617,1.0,1.0,255
8.951895189518952,0.0,1235.8256672371617,1.0,1.0,255
8.952895289528954,2316.6842499075988,1200.2393522353136,1.0,1.0,255
8.953895389538953,4095.0,1200.2193522353136,1.0,1.0,255
8.954895489548955,163.5537145083365,1226.3853857515126,1.0,1.0,255
8.955895589558956,186.72919402992352,1246.1823744206831,1.0,1.0,255
8.956895689568958,168.63952320678686,1283.5372540472456,1.0,1.0,255
8.957895789578957,4095.0,1305.9440720356436,1.0,1.0,255
8.958895889588959,1707.025780417363,1271.8235564272964,1.0,1.0,255
8.95989598959896,0.0,1293.1041512204945,1.0,1.0,255
8.96089608960896,0.0,1319.8561092043587,1.0,1.0,255
8.961896189618962,99.25810002686262,1335.1513583270614,1.0,1.0,255
8.962896289628963,2820.174704953513,1348.7300834857647,1.0,1.0,255
8.963896389638965,1801.895418891846,1312.7121751079276,1.0,1.0,255
8.964896489648964,445.8275600882869,1303.8156239061618,1.0,1.0,255
8.965896589658966,883.4711337906899,1293.3613748214675,1.0,1.0,255
8.966896689668967,1770.306845849325,1279.4598610435146,1.0,1.0,255
8.967896789678967,4095.0,1314.4732281326362,1.0,1.0,255
8.968896889688969,2690.376259073252,1308.921608497333,1.0,1.0,255
8.96989698969897,2577.2032751196075,1278.545673999725,1.0,1.0,255
8.970897089708972,1512.2969639181008,1248.3197347213631,1.0,1.0,255
8.971897189718971,685.773891975698,1264.9101532348482,1.0,1.0,255
8.972897289728973,4095.0,1301.5250543692093,1.0,1.0,255
8.973897389738974,3159.850972207876,1297.8009577831624,1.0,1.0,255
8.974897489748974,547.9597435858586,1307.7595394123957,1.0,1.0,255
8.975897589758976,1633.0995156397414,1293.620362719984,1.0,1.0,255
8.976897689768977,720.451419420476,1317.7851374579398,1.0,1.0,255
8.977897789778979,2616.876321997165,1288.2226638978832,1.0,1.0,255
8.978897889788978,3991.953466493842,1286.14173322776,1.0,1.0,255
8.97989798979898,942.7385034743224,1308.2001513575267,1.0,1.0,255
8.980898089808981,431.3698675847786,1299.5927540058315,1.0,1.0,255
8.981898189818981,2125.664668549197,1285.9403391432609,1.0,1.0,255
8.982898289828983,43.6951929030065,1321.220777756928,1.0,1.0,255
8.983898389838984,4095.0,1321.220777756928,1.0,1.0,255
8.984898489848986,3113.034188564615,1301.5614615282202,1.0,1.0,255
8.985898589858985,2801.078102868338,1313.8117694588373,1.0,1.0,255
8.986898689868987,802.4220089493951,1297.783329279849,1.0,1.0,255
8.987898789878988,1734.367109544926,1301.8145918231678,1.0,1.0,255
8.988898889888988,1205.0531552993461,1277.713528717181,1.0,1.0,255
8.98989898989899,4095.0,1277.693528717181,1.0,1.0,255
8.990899089908991,1252.0398371359493,1252.6527319744619,1.0,1.0,255
8.991899189918993,1133.3846118998363,1229.985039736465,1.0,1.0,255
8.992899289928992,4095.0,1235.7149922855463,1.0,1.0,255
8.993899389938994,4095.0,1245.6817520131872,1.0,1.0,255
8.994899489948995,582.9342029083684,1269.5714644488976,1.0,1.0,255
8.995899589958995,0.0,1292.8026799702916,1.0,1.0,255
8.996899689968997,0.0,1292.8226799702916,1.0,1.0,255
8.997899789978998,2552.58139574601,1288.5628529868322,1.0,1.0,255
8.998899889989,2022.2911705026065,1272.346296442146,1.0,1.0,255
8.999899989999,0.0,1312.4778627985838,1.0,1.0,255
9.000900090009,0.0,1312.4978627985838,1.0,1.0,255
9.001900190019002,969.0671780295386,1293.1165192379929,1.0,1.0,255
9.002900290029004,4095.0,1328.682834239841,1.0,1.0,255
9.003900390039004,1509.0114473389754,1298.5226052930616,1.0,1.0,255
9.004900490049005,4095.0,1301.7736795832282,1.0,1.0,255
9.005900590059007,2607.0528374369514,1275.7293202125659,1.0,1.0,255
9.006900690069006,2502.5593462687875,1247.2332976020773,1.0,1.0,255
9.007900790079008,3586.8072388074597,1237.0694423782263,1.0,1.0,255
9.00890089008901,3808.5988732694323,1265.4619354519623,1.0,1.0,255
9.00990099009901,4095.0,1265.4419354519623,1.0,1.0,255
9.01090109010901,1577.3744519818597,1233.8944464123254,1.0,1.0,255
9.011901190119012,2510.980588336059,1204.1792201795836,1.0,1.0,255
9.012901290129014,3495.3448595134114,1217.6826232707817,1.0,1.0,255
9.013901390139013,0.0,1253.7205316486186,1.0,1.0,255
9.014901490149015,0.0,1262.6370828503843,1.0,1.0,255
9.015901590159016,3415.5928788189603,1266.6983631025773,1.0,1.0,255
9.016901690169018,0.0,1302.1045000195638,1.0,1.0,255
9.017901790179017,0.0,1302.1245000195638,1.0,1.0,255
9.018901890189019,0.0,1330.236974838099,1.0,1.0,255
9.01990199019902,2847.442499171386,1335.6417593191343,1.0,1.0,255
9.02090209020902,0.0,1365.8876985974964,1.0,1.0,255
9.021902190219022,0.0,1379.6031764370105,1.0,1.0,255
9.022902290229023,867.1262111942212,1362.280652213126,1.0,1.0,255
9.023902390239025,3319.7858723657346,1365.4793502162834,1.0,1.0,255
9.024902490249024,229.10030970570028,1371.8565388938864,1.0,1.0,255
9.025902590259026,4095.0,1404.4985292066815,1.0,1.0,255
9.026902690269027,2783.426166281994,1392.6560809207303,1.0,1.0,255
9.027902790279027,2026.8442283432312,1381.7016699139224,1.0,1.0,255
9.028902890289029,4095.0,1383.7626005840457,1.0,1.0,255
9.02990299029903,2489.3258152670373,1370.4838869588723,1.0,1.0,255
9.030903090309032,839.5128894589923,1362.3210265213886,1.0,1.0,255
9.031903190319031,1714.3547386305086,1367.4406383777941,1.0,1.0,255
9.032903290329033,1806.7623836742068,1332.1792945623702,1.0,1.0,255
9.033903390339034,4095.0,1332.1792945623702,1.0,1.0,255
9.034903490349034,4095.0,1351.8186107910778,1.0,1.0,255
9.035903590359036,1732.8807838015073,1343.059433057681,1.0,1.0,255
9.036903690369037,3034.8413394040817,1337.8847000247506,1.0,1.0,255
9.037903790379039,3263.911251003152,1355.930267235712,1.0,1.0,255
9.038903890389038,2174.2028177655015,1341.5953866970092,1.0,1.0,255
9.03990399039904,2183.866218082107,1303.3727110586512,1.0,1.0,255
9.040904090409041,0.0,1328.41350780137,1.0,1.0,255
9.041904190419041,4095.0,1351.061200039367,1.0,1.0,255
9.042904290429043,2582.225111468856,1320.805702268744,1.0,1.0,255
9.043904390439044,0.0,1320.8257022687437,1.0,1.0,255
9.044904490449046,4010.6619420673187,1330.7776251682576,1.0,1.0,255
9.045904590459045,3795.2922273815857,1324.7634697158896,1.0,1.0,255
9.046904690469047,4095.0,1324.7434697158897,1.0,1.0,255
9.047904790479048,2425.5486290784106,1322.2028143825373,1.0,1.0,255
9.048904890489048,3171.2098774413007,1344.1528353414155,1.0,1.0,255
9.04990499049905,0.0,1344.1528353414155,1.0,1.0,255
9.050905090509051,4095.0,1344.1328353414156,1.0,1.0,255
9.051905190519053,187.25135871406633,1359.769151727725,1.0,1.0,255
9.052905290529052,773.2082297790778,1344.3249871321436,1.0,1.0,255
9.053905390539054,0.0,1374.505216078923,1.0,1.0,255
9.054905490549055,4092.4852151234827,1374.454920381393,1.0,1.0,255
9.055905590559055,1808.834747730872,1368.0571686780365,1.0,1.0,255
9.056905690569057,0.0,1399.9259817526606,1.0,1.0,255
9.057905790579058,0.0,1410.1098369765116,1.0,1.0,255
9.05890589058906,0.0,1415.8578595111228,1.0,1.0,255
9.05990599059906,4095.0,1415.8578595111228,1.0,1.0,255
9.06090609060906,2640.033264907248,1418.286013848905,1.0,1.0,255
9.061906190619062,4095.0,1449.9664020821842,1.0,1.0,255
9.062906290629064,85.25972919271317,1460.2743103080616,1.0,1.0,255
9.063906390639064,519.9829635867277,1449.8746510363271,1.0,1.0,255
9.064906490649065,635.676674975572,1437.1611175368155,1.0,1.0,255
9.065906590659067,4095.0,1450.7492599604363,1.0,1.0,255
9.066906690669066,4092.9251182754715,1450.6877623259454,1.0,1.0,255
9.067906790679068,3036.510560491368,1429.4979735357729,1.0,1.0,255
9.06890689068907,3310.063061100098,1413.7792347577747,1.0,1.0,255
9.06990699069907,3427.550591555186,1425.3813966054506,1.0,1.0,255
9.07090709070907,1533.9039950868062,1394.703316703715,1.0,1.0,255
9.071907190719072,0.0,1394.703316703715,1.0,1.0,255
9.072907290729074,4095.0,1412.0258409275993,1.0,1.0,255
9.073907390739073,1326.9411616041525,1401.0113002482012,1.0,1.0,255
9.074907490749075,2540.1238838429927,1374.4757841191756,1.0,1.0,255
9.075907590759076,2362.3805560000606,1339.823395239176,1.0,1.0,255
9.076907690769078,4095.0,1366.0548719135365,1.0,1.0,255
9.077907790779078,795.849807693698,1390.6747603265271,1.0,1.0,255
9.078907890789079,3740.9968929532024,1383.5946981855916,1.0,1.0,255
9.07990799079908,1014.6713027830854,1395.434755824589,1.0,1.0,255
9.08090809080908,4095.0,1412.2050136137686,1.0,1.0,255
9.081908190819082,4095.0,1446.472108386379,1.0,1.0,255
9.082908290829083,4095.0,1482.587356059863,1.0,1.0,255
9.083908390839085,887.5192753299327,1464.8569705532643,1.0,1.0,255
9.084908490849084,2946.678901080798,1441.8905485748805,1.0,1.0,255
9.085908590859086,4095.0,1476.5281642509103,1.0,1.0,255
9.086908690869087,0.0,1497.7513374628286,1.0,1.0,255
9.087908790879087,3704.3129222101643,1506.5593708869696,1.0,1.0,255
9.088908890889089,2425.778461973779,1511.5908837711345,1.0,1.0,255
9.08990899089909,971.4112776558957,1530.4053338563751,1.0,1.0,255
9.090909090909092,2368.487515496309,1495.8550841663011,1.0,1.0,255
9.091909190919091,3744.2049617874927,1488.8391834020506,1.0,1.0,255
9.092909290929093,3199.4386721123183,1501.1834546149203,1.0,1.0,255
9.093909390939094,827.7660285168552,1484.628134044583,1.0,1.0,255
9.094909490949094,4095.0,1486.3148952032363,1.0,1.0,255
9.095909590959096,4095.0,1492.3090506556046,1.0,1.0,255
9.096909690969097,0.0,1492.3290506556045,1.0,1.0,255
9.097909790979099,0.0,1525.7380780740361,1.0,1.0,255
9.098909890989098,0.0,1544.2338805252105,1.0,1.0,255
9.0999099909991,2004.749416555266,1504.1388921941052,1.0,1.0,255
9.100910091009101,4095.0,1504.1388921941052,1.0,1.0,255
9.101910191019101,1625.705241159636,1475.3698145451938,1.0,1.0,255
9.102910291029103,3792.159526797132,1484.7571696767177,1.0,1.0,255
9.103910391039104,1311.1388952237085,1458.5343917722435,1.0,1.0,255
9.104910491049106,3357.7701166042652,1443.8400898018592,1.0,1.0,255
9.105910591059105,0.0,1480.0167847564767,1.0,1.0,255
9.106910691069107,0.0,1480.0167847564767,1.0,1.0,255
9.107910791079108,0.0,1480.0167847564767,1.0,1.0,255
9.108910891089108,0.0,1480.0167847564767,1.0,1.0,255
9.10991099109911,237.69523793380313,1475.2828799978006,1.0,1.0,255
9.110911091109111,0.0,1504.4022146996558,1.0,1.0,255
9.111911191119113,0.0,1504.4222146996558,1.0,1.0,255
9.112911291129112,4013.720900112228,1504.4818272857547,1.0,1.0,255
9.113911391139114,0.0,1514.8814865574889,1.0,1.0,255
9.114911491149115,0.0,1527.5950200570005,1.0,1.0,255
9.115911591159115,4095.0,1527.5950200570005,1.0,1.0,255
9.116911691169117,2725.7779392833672,1500.2520764771584,1.0,1.0,255
9.117911791179118,2209.393040330989,1483.7097260739508,1.0,1.0,255
9.11891189118912,2710.145498527507,1471.711374822499,1.0,1.0,255
9.11991199119912,0.0,1485.0803629913953,1.0,1.0,255
9.12091209120912,2946.3560949241005,1492.7655647916138,1.0,1.0,255
9.121912191219122,4095.0,1492.7455647916138,1.0,1.0,255
9.122912291229124,1281.5826579704021,1467.1339116322058,1.0,1.0,255
9.123912391239124,1145.2952114402751,1470.7668306354833,1.0,1.0,255
9.124912491249125,1269.7925556035425,1476.4885018465523,1.0,1.0,255
9.125912591259127,2754.6078407276527,1484.3330475411044,1.0,1.0,255
9.126912691269126,3530.3588991566467,1473.040225524237,1.0,1.0,255
9.127912791279128,290.1453508613381,1483.1543146608842,1.0,1.0,255
9.12891289128913,672.681121555021,1476.8007543707197,1.0,1.0,255
9.12991299129913,230.7068568294228,1492.480043289793,1.0,1.0,255
9.13091309130913,4095.0,1492.4800432897932,1.0,1.0,255
9.131913191319132,4095.0,1492.480043289793,1.0,1.0,255
9.132913291329134,3208.956397465294,1474.759171239099,1.0,1.0,255
9.133913391339133,990.469641802358,1472.7001639096507,1.0,1.0,255
9.134913491349135,2851.797315438529,1470.802532196805,1.0,1.0,255
9.135913591359136,3516.862676503203,1459.2397857268693,1.0,1.0,255
9.136913691369138,210.0469585792107,1455.038846555285,1.0,1.0,255
9.137913791379138,0.0,1462.8725881110818,1.0,1.0,255
9.138913891389139,765.6523964697926,1480.9639709422104,1.0,1.0,255
9.13991399139914,2712.5532352963487,1472.723261201255,1.0,1.0,255
9.14091409140914,20.94980430969872,1506.8545148051346,1.0,1.0,255
9.141914191419142,4095.0,1513.870415569385,1.0,1.0,255
9.142914291429143,1246.1971071641474,1506.8776999838553,1.0,1.0,255
9.143914391439145,2791.7820373658046,1497.3486613015089,1.0,1.0,255
9.144914491449144,2923.923690323594,1473.9271351079806,1.0,1.0,255
9.145914591459146,0.0,1473.9471351079806,1.0,1.0,255
9.146914691469147,0.0,1473.9471351079806,1.0,1.0,255
9.147914791479147,2466.912052627127,1441.365376160523,1.0,1.0,255
9.148914891489149,2021.765921096821,1400.9300577385868,1.0,1.0,255
9.14991499149915,1911.5652948801692,1402.7937401720887,1.0,1.0,255
9.150915091509152,2765.3408155912166,1376.200556483913,1.0,1.0,255
9.151915191519151,4095.0,1408.694661307106,1.0,1.0,255
9.152915291529153,385.4375997008174,1407.0627187771468,1.0,1.0,255
9.153915391539154,0.0,1433.285496681621,1.0,1.0,255
9.154915491549154,3514.3855627003595,1436.417805603543,1.0,1.0,255
9.155915591559156,4095.0,1436.397805603543,1.0,1.0,255
9.156915691569157,0.0,1436.397805603543,1.0,1.0,255
9.157915791579159,1754.78628309767,1401.3020799415897,1.0,1.0,255
9.158915891589158,208.9393704075544,1397.1232925334386,1.0,1.0,255
9.15991599159916,2965.368017834793,1379.2645576488105,1.0,1.0,255
9.160916091609161,4095.0,1379.2445576488105,1.0,1.0,255
9.161916191619161,4095.0,1379.2245576488103,1.0,1.0,255
9.162916291629163,2774.822280938915,1354.4465852653439,1.0,1.0,255
9.163916391639164,4095.0,1354.4265852653439,1.0,1.0,255
9.164916491649166,2497.81085166956,1322.4628022987354,1.0,1.0,255
9.165916591659165,0.0,1322.482802298735,1.0,1.0,255
9.166916691669167,4095.0,1349.867243513068,1.0,1.0,255
9.167916791679168,2439.5760699656785,1354.4709041057617,1.0,1.0,255
9.168916891689168,0.0,1382.1879941352117,1.0,1.0,255
9.16991699169917,3725.389874938342,1374.775791633978,1.0,1.0,255
9.170917091709171,668.7240598184555,1384.394188539127,1.0,1.0,255
9.171917191719173,0.0,1384.414188539127,1.0,1.0,255
9.172917291729172,730.5706905631544,1395.4344278872722,1.0,1.0,255
9.173917391739174,3942.43510741554,1415.2690342643887,1.0,1.0,255
9.174917491749175,2587.887067934854,1410.5026267351566,1.0,1.0,255
9.175917591759175,2679.7161507876517,1409.0047929363564,1.0,1.0,255
9.176917691769177,4065.778997889614,1419.7131949110158,1.0,1.0,255
9.177917791779178,3922.705577461119,1422.050213477465,1.0,1.0,255
9.17891789178918,3737.0920016162463,1428.3256759408905,1.0,1.0,255
9.17991799179918,2383.263873505934,1398.6850905475972,1.0,1.0,255
9.18091809180918,2526.6222617013127,1367.3175357816235,1.0,1.0,255
9.181918191819182,1232.5853691006146,1342.6858283996114,1.0,1.0,255
9.182918291829184,2156.693640791121,1321.6405732661283,1.0,1.0,255
9.183918391839184,797.0515879403258,1325.5089343433688,1.0,1.0,255
9.184918491849185,0.0,1350.392988034598,1.0,1.0,255
9.185918591859187,0.0,1361.975734504534,1.0,1.0,255
9.186918691869186,0.0,1366.1766736761183,1.0,1.0,255
9.187918791879188,3389.7792741370704,1352.0522591588597,1.0,1.0,255
9.18891889188919,3924.4732253419043,1363.9347715950937,1.0,1.0,255
9.18991899189919,1049.9695602393099,1370.6043156843807,1.0,1.0,255
9.19091909190919,3554.330354811034,1360.189918866795,1.0,1.0,255
9.191919191919192,4095.0,1360.189918866795,1.0,1.0,255
9.192919291929194,1739.4370601028895,1350.3251198080202,1.0,1.0,255
9.193919391939193,863.1727733145924,1359.1460235944123,1.0,1.0,255
9.194919491949195,1993.016974049808,1342.7272103069442,1.0,1.0,255
9.195919591959196,3251.728797603834,1325.841786259021,1.0,1.0,255
9.196919691969198,0.0,1325.841786259021,1.0,1.0,255
9.197919791979198,4095.0,1358.4035452064784,1.0,1.0,255
9.198919891989199,3226.1247393137055,1381.4413584146894,1.0,1.0,255
9.1999199919992,822.0536184035439,1403.2315919442217,1.0,1.0,255
9.2009200920092,991.298194003034,1410.0188117523367,1.0,1.0,255
9.201920192019202,2047.4888463704558,1369.0890348249277,1.0,1.0,255
9.202920292029203,4095.0,1376.7777868189442,1.0,1.0,255
9.203920392039205,2456.89534975334,1343.9956938140108,1.0,1.0,255
9.204920492049204,2524.8753956673295,1324.2054904733502,1.0,1.0,255
9.205920592059206,1535.022991642432,1293.5250306405014,1.0,1.0,255
9.206920692069207,3229.035062190289,1276.185731884307,1.0,1.0,255
9.207920792079207,1227.4527378046662,1286.7324027901673,1.0,1.0,255
9.208920892089209,4095.0,1290.8911901983183,1.0,1.0,255
9.20992099209921,4095.0,1313.4838298416225,1.0,1.0,255
9.210921092109212,741.3016553719385,1298.6777967341839,1.0,1.0,255
9.211921192119211,4095.0,1298.6777967341839,1.0,1.0,255
9.212921292129213,0.0,1325.1013511154054,1.0,1.0,255
9.213921392139214,4095.0,1325.1013511154054,1.0,1.0,255
9.214921492149214,3365.078354301115,1342.4467011680363,1.0,1.0,255
9.215921592159216,2834.8322198692254,1317.2233455654207,1.0,1.0,255
9.216921692169217,1160.8937456784784,1294.0254706518513,1.0,1.0,255
9.217921792179219,2996.4723063938327,1305.1633953804144,1.0,1.0,255
9.218921892189218,2125.234670426954,1265.7480887889533,1.0,1.0,255
9.21992199219922,4095.0,1273.1402912901865,1.0,1.0,255
9.220922092209221,0.0,1286.5147724865556,1.0,1.0,255
9.221922192219221,4095.0,1286.4947724865556,1.0,1.0,255
9.222922292229223,2183.560656858083,1262.8573994349804,1.0,1.0,255
9.223922392239224,3792.3094086859483,1259.8548854603887,1.0,1.0,255
9.224922492249226,185.91654745312076,1286.2988131526292,1.0,1.0,255
9.225922592259225,893.940265171007,1296.745684833456,1.0,1.0,255
9.226922692269227,0.0,1297.3501048756639,1.0,1.0,255
9.227922792279228,1356.8664062601783,1273.678665201238,1.0,1.0,255
9.228922892289228,0.0,1280.8568251689128,1.0,1.0,255
9.22992299229923,1337.0652134786228,1288.3702434292218,1.0,1.0,255
9.230923092309231,3154.402191996481,1300.925842035125,1.0,1.0,255
9.231923192319233,688.4689845207174,1311.8081697267232,1.0,1.0,255
9.232923292329232,4095.0,1350.5742969109008,1.0,1.0,255
9.233923392339234,1327.6177259581682,1339.9629741505435,1.0,1.0,255
9.234923492349235,0.0,1339.9629741505437,1.0,1.0,255
9.235923592359235,4095.0,1339.9429741505437,1.0,1.0,255
9.236923692369237,1325.6344584771632,1313.4302849810006,1.0,1.0,255
9.237923792379238,2803.5804181768362,1301.706307861796,1.0,1.0,255
9.23892389238924,2638.554494328059,1275.9879332415192,1.0,1.0,255
9.23992399239924,0.0,1296.9873244463051,1.0,1.0,255
9.24092409240924,4095.0,1307.8007173500846,1.0,1.0,255
9.241924192419242,1044.2769198502351,1286.93517895308,1.0,1.0,255
9.242924292429244,1808.5098289093548,1285.5537235769507,1.0,1.0,255
9.243924392439244,0.0,1302.8171790432427,1.0,1.0,255
9.244924492449245,0.0,1342.6775185242388,1.0,1.0,255
9.245924592459247,1185.1751706003079,1335.859439160156,1.0,1.0,255
9.246924692469246,2061.7802871173135,1295.1750449025023,1.0,1.0,255
9.247924792479248,4090.713361530601,1295.0893121331144,1.0,1.0,255
9.24892489248925,1180.4835384267167,1288.8771465783057,1.0,1.0,255
9.24992499249925,4095.0,1305.2982189463767,1.0,1.0,255
9.25092509250925,1199.698755059475,1301.1302077252476,1.0,1.0,255
9.251925192519252,4095.0,1342.0599846526568,1.0,1.0,255
9.252925292529254,2563.983259152241,1311.4396498357016,1.0,1.0,255
9.253925392539253,3483.320681116971,1331.968156462974,1.0,1.0,255
9.254925492549255,4095.0,1363.3706485496275,1.0,1.0,255
9.255925592559256,4095.0,1394.051108382476,1.0,1.0,255
9.256925692569258,1195.1417114933713,1387.487572908803,1.0,1.0,255
9.257925792579258,0.0,1412.036627664896,1.0,1.0,255
9.258925892589259,4095.0,1412.036627664896,1.0,1.0,255
9.25992599259926,0.0,1412.056627664896,1.0,1.0,255
9.26092609260926,0.0,1426.8826607723354,1.0,1.0,255
9.261926192619262,1111.3098070159062,1404.6764646320166,1.0,1.0,255
9.262926292629263,3784.1336057386047,1398.4391367467895,1.0,1.0,255
9.263926392639265,2912.8841551547894,1374.7968198498847,1.0,1.0,255
9.264926492649264,1219.9517666267814,1365.0162174313268,1.0,1.0,255
9.265926592659266,4095.0,1390.2195730339424,1.0,1.0,255
9.266926692669267,1633.052197612458,1380.7764039952629,1.0,1.0,255
9.267926792679267,4095.0,1402.7469578673863,1.0,1.0,255
9.268926892689269,3671.1411561723226,1433.6650875822934,1.0,1.0,255
9.26992699269927,716.468223910869,1419.355723104076,1.0,1.0,255
9.270927092709272,4095.0,1419.3357231040761,1.0,1.0,255
9.271927192719271,1613.4752553908995,1387.086217996258,1.0,1.0,255
9.272927292729273,3211.218827590311,1407.6393814109026,1.0,1.0,255
9.273927392739274,2821.9699926438207,1388.2325930900602,1.0,1.0,255
9.274927492749274,209.71953948912324,1387.7565332493402,1.0,1.0,255
9.275927592759276,3752.379769174422,1398.7629339362488,1.0,1.0,255
9.276927692769277,3357.03596752759,1383.9836532868005,1.0,1.0,255
9.277927792779279,931.9140823036053,1392.4826997659318,1.0,1.0,255
9.278927892789278,663.412367008824,1379.2144524257556,1.0,1.0,255
9.27992799279928,3327.9980447436837,1390.5957175902015,1.0,1.0,255
9.280928092809281,4095.0,1409.407673750272,1.0,1.0,255
9.281928192819281,0.0,1423.1770534406862,1.0,1.0,255
9.282928292829283,2977.530750961505,1400.8276684599166,1.0,1.0,255
9.283928392839284,0.0,1427.3800229790802,1.0,1.0,255
9.284928492849286,0.0,1427.3800229790802,1.0,1.0,255
9.285928592859285,4095.0,1427.3800229790795,1.0,1.0,255
9.286928692869287,1367.300997811828,1426.5466921923862,1.0,1.0,255
9.287928792879288,2124.160073632312,1412.9582853014958,1.0,1.0,255
9.288928892889288,0.0,1442.1071954149345,1.0,1.0,255
9.28992899289929,2396.196591780461,1408.1111272505439,1.0,1.0,255
9.290929092909291,1938.0848764245986,1369.3694297220518,1.0,1.0,255
9.291929192919293,1198.2156694178761,1366.2906547306986,1.0,1.0,255
9.292929292929292,4095.0,1402.4408513088858,1.0,1.0,255
9.293929392939294,214.5049134116964,1398.1507530406518,1.0,1.0,255
9.294929492949295,0.0,1398.1507530406518,1.0,1.0,255
9.295929592959295,4095.0,1421.834256452658,1.0,1.0,255
9.296929692969297,783.2797075412093,1446.8530565594876,1.0,1.0,255
9.297929792979298,1273.3504137866216,1421.4917810531429,1.0,1.0,255
9.2989298929893,0.0,1445.1014518216773,1.0,1.0,255
9.2999299929993,121.96089862220583,1442.6822338492334,1.0,1.0,255
9.3009300930093,0.0,1466.676208950423,1.0,1.0,255
9.301930193019302,0.24438532910721733,1466.691321243841,1.0,1.0,255
9.302930293029304,3238.7325688606657,1480.1863074380096,1.0,1.0,255
9.303930393039304,449.0045330064197,1483.4598031555415,1.0,1.0,255
9.304930493049305,2358.772834028918,1448.7352598361203,1.0,1.0,255
9.305930593059307,4095.0,1448.7352598361203,1.0,1.0,255
9.306930693069306,3393.740606845705,1458.5929062029018,1.0,1.0,255
9.307930793079308,4095.0,1458.5729062029018,1.0,1.0,255
9.30893089308931,3376.9666692491196,1444.2122395878841,1.0,1.0,255
9.30993099309931,1613.6123647503646,1411.9399922928765,1.0,1.0,255
9.31093109310931,0.0,1411.9399922928765,1.0,1.0,255
9.311931193119312,804.9334116472096,1418.0675202002503,1.0,1.0,255
9.312931293129314,1834.411343178041,1387.6166212219177,1.0,1.0,255
9.313931393139313,297.0772763939042,1405.3373925909439,1.0,1.0,255
9.314931493149315,4095.0,1429.7164279234796,1.0,1.0,255
9.315931593159316,1428.7605425331312,1401.1612170728172,1.0,1.0,255
9.316931693169318,3446.0371943104806,1420.823004911276,1.0,1.0,255
9.317931793179318,0.0,1420.843004911276,1.0,1.0,255
9.318931893189319,3762.422244208114,1422.6686266719917,1.0,1.0,255
9.31993199319932,0.0,1436.997991150209,1.0,1.0,255
9.32093209320932,3440.334573955918,1423.9046826293272,1.0,1.0,255
9.321932193219322,3434.3574576801666,1442.9413368907487,1.0,1.0,255
9.322932293229323,4004.697851078087,1458.8109173605042,1.0,1.0,255
9.323932393239325,4095.0,1484.2715175076278,1.0,1.0,255
9.324932493249324,2059.914765773255,1447.7442036128755,1.0,1.0,255
9.325932593259326,4095.0,1454.5966082293871,1.0,1.0,255
9.326932693269328,1709.1125015344855,1435.1936388481454,1.0,1.0,255
9.327932793279327,4095.0,1453.8119204942177,1.0,1.0,255
9.328932893289329,2883.1133487777324,1442.8224348099486,1.0,1.0,255
9.32993299329933,960.1625804688106,1438.9792223056988,1.0,1.0,255
9.330933093309332,0.0,1438.9992223056988,1.0,1.0,255
9.331933193319331,1949.3325761622839,1400.0125707824532,1.0,1.0,255
9.332933293329333,2570.7013544601523,1391.875982852426,1.0,1.0,255
9.333933393339334,1728.7994376096467,1357.299994100233,1.0,1.0,255
9.334933493349334,3275.5861341994423,1340.8917167842221,1.0,1.0,255
9.335933593359336,2059.4832975172953,1300.181382734568,1.0,1.0,255
9.336933693369337,0.0,1327.5274026908044,1.0,1.0,255
9.337933793379339,4095.0,1366.944201218158,1.0,1.0,255
9.338933893389338,2576.08480975659,1336.5458974132898,1.0,1.0,255
9.33993399339934,1381.936184165376,1342.9032418943732,1.0,1.0,255
9.340934093409341,4095.0,1381.6449394228653,1.0,1.0,255
9.341934193419341,80.20585845178448,1404.005135642187,1.0,1.0,255
9.342934293429343,2548.767354363104,1373.0804827294494,1.0,1.0,255
9.343934393439344,4095.0,1377.350580997683,1.0,1.0,255
9.344934493449346,284.3973963545302,1371.6626330705924,1.0,1.0,255
9.345934593459345,2361.74612850621,1336.9975556407164,1.0,1.0,255
9.346934693469347,1192.9264432690068,1328.8046209261604,1.0,1.0,255
9.347934793479348,0.0,1354.271629201893,1.0,1.0,255
9.348934893489348,310.68466910789016,1348.0579358197353,1.0,1.0,255
9.34993499349935,0.0,1350.4971537921792,1.0,1.0,255
9.350935093509351,0.0,1350.4971537921792,1.0,1.0,255
9.351935193519353,2111.8168227542237,1310.8183779538458,1.0,1.0,255
9.352935293529352,1784.8498155113564,1292.2667302664056,1.0,1.0,255
9.353935393539354,714.7634705019925,1286.9515515164942,1.0,1.0,255
9.354935493549355,2617.167392434165,1292.119442684599,1.0,1.0,255
9.355935593559355,345.8631631598528,1285.2221794214022,1.0,1.0,255
9.356935693569357,0.0,1299.267367284488,1.0,1.0,255
9.357935793579358,1183.3801866505844,1275.6197635514764,1.0,1.0,255
9.35893589358936,459.48367112830965,1280.8107567439274,1.0,1.0,255
9.35993599359936,527.6738884868698,1302.5295262691975,1.0,1.0,255
9.36093609360936,2567.229308985106,1271.9541124488997,1.0,1.0,255
9.361936193619362,3034.805188195518,1266.828884445754,1.0,1.0,255
9.362936293629364,0.0,1303.517111309315,1.0,1.0,255
9.363936393639364,146.65811821710145,1306.525494472851,1.0,1.0,255
9.364936493649365,2306.716072474884,1270.759815922349,1.0,1.0,255
9.365936593659367,1790.284482829544,1263.5293371164207,1.0,1.0,255
9.366936693669366,3307.253768153575,1260.7536685932826,1.0,1.0,255
9.367936793679368,2997.9331453217533,1238.7923314997176,1.0,1.0,255
9.36893689368937,445.1733699353065,1236.5604192168494,1.0,1.0,255
9.36993699369937,4095.0,1236.5404192168492,1.0,1.0,255
9.37093709370937,728.6981392647833,1235.0797649524352,1.0,1.0,255
9.371937193719372,0.0,1248.3126157988318,1.0,1.0,255
9.372937293729374,4095.0,1250.11865877727,1.0,1.0,255
9.373937393739373,3415.273217710557,1236.524123131481,1.0,1.0,255
9.374937493749375,3893.756092959932,1273.2009496752146,1.0,1.0,255
9.375937593759376,3750.9589976922452,1266.3201296290595,1.0,1.0,255
9.376937693769378,556.4595035075833,1289.3731895895976,1.0,1.0,255
9.377937793779378,0.0,1289.3931895895976,1.0,1.0,255
9.378937893789379,4095.0,1313.6309226140427,1.0,1.0,255
9.37993799379938,0.0,1332.8341742234195,1.0,1.0,255
9.38093809380938,2361.5875222592936,1298.145924668605,1.0,1.0,255
9.381938193819382,2461.061367686674,1304.4338035455842,1.0,1.0,255
9.382938293829383,1679.9005180876534,1301.341766094628,1.0,1.0,255
9.383938393839385,4095.0,1335.8977548468208,1.0,1.0,255
9.384938493849384,0.0,1352.306032162832,1.0,1.0,255
9.385938593859386,908.723091625023,1374.8619043799856,1.0,1.0,255
9.386938693869388,893.7492555967692,1356.98691926805,1.0,1.0,255
9.387938793879387,4095.0,1356.98691926805,1.0,1.0,255
9.388938893889389,4095.0,1387.365223072918,1.0,1.0,255
9.38993899389939,3414.3930525003307,1401.3718078062323,1.0,1.0,255
9.390939093909392,2417.5472615299773,1367.822753036832,1.0,1.0,255
9.391939193919391,3965.7181943576734,1366.8212340930213,1.0,1.0,255
9.392939293929393,4095.0,1397.745887005759,1.0,1.0,255
9.393939393939394,1788.9219892727217,1361.9874472203044,1.0,1.0,255
9.394939493949394,4095.0,1367.6553951473952,1.0,1.0,255
9.395939593959396,4095.0,1402.320472577271,1.0,1.0,255
9.396939693969397,2720.2105152399126,1398.6632117474499,1.0,1.0,255
9.397939793979399,921.0969052607318,1380.2412736422352,1.0,1.0,255
9.398939893989398,1211.0712284006995,1362.2335424563787,1.0,1.0,255
9.3999399939994,0.0,1362.2335424563787,1.0,1.0,255
9.400940094009401,1597.1843673898684,1330.289855108581,1.0,1.0,255
9.401940194019401,0.0,1369.9735186534965,1.0,1.0,255
9.402940294029403,1048.5309970420099,1384.699895022884,1.0,1.0,255
9.403940394039404,379.62653979382594,1391.402633637047,1.0,1.0,255
9.404940494049406,4095.0,1420.959285788364,1.0,1.0,255
9.405940594059405,70.12975950062241,1426.4739538615481,1.0,1.0,255
9.406940694069407,664.1482765773114,1413.190988330002,1.0,1.0,255
9.407940794079408,456.81223353561063,1427.7223473923016,1.0,1.0,255
9.408940894089408,1837.5983509123707,1400.1600537966203,1.0,1.0,255
9.40994099409941,4095.0,1410.6935315663575,1.0,1.0,255
9.410941094109411,841.076465839837,1424.4474160698585,1.0,1.0,255
9.411941194119413,1539.45986718794,1414.88211496219,1.0,1.0,255
9.412941294129412,0.0,1414.8821149621901,1.0,1.0,255
9.413941394139414,832.6050685057444,1401.1631759564175,1.0,1.0,255
9.414941494149415,463.3074225135017,1427.6827060566495,1.0,1.0,255
9.415941594159415,2560.281278136982,1432.77402127598,1.0,1.0,255
9.416941694169417,1212.1412006870978,1424.3061218991663,1.0,1.0,255
9.417941794179418,3410.3310647787025,1432.5540802883054,1.0,1.0,255
9.41894189418942,0.0,1441.4575476870114,1.0,1.0,255
9.41994199419942,2224.773919797811,1404.0530260829673,1.0,1.0,255
9.42094209420942,0.0,1418.6269888682632,1.0,1.0,255
9.421942194219422,3571.114519470218,1408.1292792576673,1.0,1.0,255
9.422942294229424,0.0,1408.1492792576673,1.0,1.0,255
9.423942394239424,4095.0,1421.743814903456,1.0,1.0,255
9.424942494249425,1886.9768699500494,1388.0491556452566,1.0,1.0,255
9.425942594259427,2959.097657729089,1372.2119288459935,1.0,1.0,255
9.426942694269426,4095.0,1383.321118916145,1.0,1.0,255
9.427942794279428,0.0,1383.321118916145,1.0,1.0,255
9.42894289428943,1761.7078969631355,1348.1069609768826,1.0,1.0,255
9.42994299429943,1559.6515823867505,1316.9139293291478,1.0,1.0,255
9.43094309430943,3184.6373771840395,1333.3749264276425,1.0,1.0,255
9.431943194319432,2355.2186421932324,1331.2580719177736,1.0,1.0,255
9.432943294329434,2865.622208174738,1340.2485264430215,1.0,1.0,255
9.433943394339433,1082.2362761302984,1318.6238009204158,1.0,1.0,255
9.434943494349435,1587.9857731056898,1286.8640854583018,1.0,1.0,255
9.435943594359436,2385.367465482857,1270.8258966004594,1.0,1.0,255
9.436943694369438,0.0,1288.7008817123947,1.0,1.0,255
9.437943794379438,3196.3757375723376,1270.7283964638416,1.0,1.0,255
9.438943894389439,3568.0278002510604,1260.188952468863,1.0,1.0,255
9.43994399439944,1471.0971246019344,1244.3991489268176,1.0,1.0,255
9.44094409440944,2656.000902212301,1249.1682217404639,1.0,1.0,255
9.441944194419442,912.1977519102363,1233.5299028151055,1.0,1.0,255
9.442944294429443,1004.7177180568217,1213.4555484539692,1.0,1.0,255
9.443944394439445,3310.1068665758175,1233.5161255709402,1.0,1.0,255
9.444944494449445,4030.2876300126018,1232.2218781711922,1.0,1.0,255
9.445944594459446,0.0,1232.2418781711922,1.0,1.0,255
9.446944694469448,3143.1955544584916,1240.7015789555637,1.0,1.0,255
9.447944794479447,4095.0,1259.1035170607784,1.0,1.0,255
9.448944894489449,822.461199186487,1266.8757176450627,1.0,1.0,255
9.44994499449945,1300.3031094858707,1240.869655455345,1.0,1.0,255
9.450945094509452,4095.0,1272.7933428031424,1.0,1.0,255
9.451945194519451,3748.8950143171514,1265.8512430894857,1.0,1.0,255
9.452945294529453,0.0,1286.8218630303259,1.0,1.0,255
9.453945394539454,3845.511432954784,1289.4046224852982,1.0,1.0,255
9.454945494549454,759.4120684967168,1274.2363811153634,1.0,1.0,255
9.455945594559456,2965.2677105926323,1253.0243305172285,1.0,1.0,255
9.456945694569457,1560.6508648762224,1235.0942787512502,1.0,1.0,255
9.457945794579459,0.0,1244.2305234219625,1.0,1.0,255
9.458945894589458,4095.0,1280.96249044021,1.0,1.0,255
9.45994599459946,3878.7567956534203,1276.6376263532784,1.0,1.0,255
9.460946094609461,0.0,1293.459155670075,1.0,1.0,255
9.461946194619461,0.0,1324.248353013834,1.0,1.0,255
9.462946294629463,0.0,1324.248353013834,1.0,1.0,255
9.463946394639464,2853.7915130369242,1316.0562846446874,1.0,1.0,255
9.464946494649466,2604.6221764534985,1295.4948766240275,1.0,1.0,255
9.465946594659465,4095.0,1326.189251061288,1.0,1.0,255
9.466946694669467,2327.7566846877344,1315.0672087687844,1.0,1.0,255
9.467946794679468,4095.0,1328.7605874732105,1.0,1.0,255
9.468946894689468,896.3646772690827,1310.833293927829,1.0,1.0,255
9.46994699469947,4095.0,1348.2378155318727,1.0,1.0,255
9.470947094709471,1009.2225230187748,1328.0533650714972,1.0,1.0,255
9.471947194719473,0.0,1338.5510746820928,1.0,1.0,255
9.472947294729472,4095.0,1338.5310746820928,1.0,1.0,255
9.473947394739474,3509.9676850473343,1326.8304283830396,1.0,1.0,255
9.474947494749475,94.30048504651336,1362.6839560811102,1.0,1.0,255
9.475947594759475,3801.105445597966,1379.5241118384877,1.0,1.0,255
9.476947694769477,0.0,1379.5441118384877,1.0,1.0,255
9.477947794779478,3239.780503283091,1362.4197219041496,1.0,1.0,255
9.47894789478948,1455.278780423777,1368.5483042349367,1.0,1.0,255
9.47994799479948,2682.6576186862744,1371.4744882563973,1.0,1.0,255
9.48094809480948,2853.9331509068847,1364.8604037308544,1.0,1.0,255
9.481948194819482,3750.673547250601,1392.7695018320017,1.0,1.0,255
9.482948294829484,461.46994794985017,1408.1476587095096,1.0,1.0,255
9.483948394839484,2945.890728124788,1406.7901987946111,1.0,1.0,255
9.484948494849485,2433.0432812753024,1405.290779882231,1.0,1.0,255
9.485948594859487,2710.164381083175,1411.7867181942377,1.0,1.0,255
9.486948694869486,3144.416240484161,1392.755043003921,1.0,1.0,255
9.487948794879488,3857.0376177982725,1405.9682806084395,1.0,1.0,255
9.48894889488949,3560.1934786602,1405.8115941766227,1.0,1.0,255
9.48994899489949,526.5044440059075,1424.7034477885431,1.0,1.0,255
9.49094909490949,2009.394780277161,1413.315534138754,1.0,1.0,255
9.491949194919492,0.0,1431.5594891769588,1.0,1.0,255
9.492949294929494,4095.0,1451.6338435380953,1.0,1.0,255
9.493949394939493,0.0,1467.351706206579,1.0,1.0,255
9.494949494949495,4095.0,1468.6459536063267,1.0,1.0,255
9.495949594959496,958.0331362534807,1449.485290881257,1.0,1.0,255
9.496949694969498,2242.7378895621923,1431.4761375833311,1.0,1.0,255
9.497949794979498,3238.6893499479447,1414.3499245822902,1.0,1.0,255
9.498949894989499,3834.3690933255275,1425.5665304325305,1.0,1.0,255
9.4999499949995,0.0,1451.5725926222478,1.0,1.0,255
9.5009500950095,1575.045628584297,1420.0916800505618,1.0,1.0,255
9.501950195019502,435.72694287024683,1418.3192409068142,1.0,1.0,255
9.502950295029503,4095.0,1418.2992409068142,1.0,1.0,255
9.503950395039505,482.3850211606307,1413.6613118245057,1.0,1.0,255
9.504950495049505,1620.2496148843966,1396.4445608967521,1.0,1.0,255
9.505950595059506,3361.7884945067817,1404.374976575035,1.0,1.0,255
9.506950695069508,4095.0,1435.5679938725596,1.0,1.0,255
9.507950795079507,0.0,1435.5679938725596,1.0,1.0,255
9.508950895089509,3381.0313808246497,1421.2886214890518,1.0,1.0,255
9.50995099509951,3715.340443670301,1418.0202944493894,1.0,1.0,255
9.510951095109512,1489.3723608213454,1388.2328472329623,1.0,1.0,255
9.511951195119511,4095.0,1388.2128472329628,1.0,1.0,255
9.512951295129513,3896.9249777758387,1384.2313467884792,1.0,1.0,255
9.513951395139514,1337.0460680828505,1382.334595166084,1.0,1.0,255
9.514951495149514,2045.3375497299965,1371.2554006424139,1.0,1.0,255
9.515951595159516,4095.0,1371.2554006424139,1.0,1.0,255
9.516951695169517,4095.0,1406.6002669486593,1.0,1.0,255
9.517951795179519,1501.7135231862785,1376.585996484934,1.0,1.0,255
9.518951895189518,2236.1933279830305,1357.3171565899759,1.0,1.0,255
9.51995199519952,0.0,1357.3371565899758,1.0,1.0,255
9.520952095209521,1233.140337497544,1352.8588003004008,1.0,1.0,255
9.521952195219521,0.0,1352.8588003004008,1.0,1.0,255
9.522952295229523,4095.0,1352.8588003004004,1.0,1.0,255
9.523952395239524,4095.0,1364.5594465994543,1.0,1.0,255
9.524952495249526,2955.7028301664172,1343.6395129037126,1.0,1.0,255
9.525952595259525,0.0,1349.5374039917535,1.0,1.0,255
9.526952695269527,4095.0,1349.5174039917536,1.0,1.0,255
9.527952795279528,1530.3367590375824,1336.03505874534,1.0,1.0,255
9.528952895289528,463.6923531757734,1355.8667872902997,1.0,1.0,255
9.52995299529953,1381.3486628346918,1356.5066616598808,1.0,1.0,255
9.530953095309531,4095.0,1381.327998641743,1.0,1.0,255
9.531953195319533,1069.108860199463,1366.852350492742,1.0,1.0,255
9.532953295329532,1909.6780011650842,1337.8881894284373,1.0,1.0,255
9.533953395339534,2836.481465115342,1335.7000041682484,1.0,1.0,255
9.534953495349535,2630.390494247597,1339.646948427694,1.0,1.0,255
9.535953595359535,0.0,1367.3636608060303,1.0,1.0,255
9.536953695369537,4095.0,1386.3753359963478,1.0,1.0,255
9.537953795379538,3167.5088679038154,1372.5847609984585,1.0,1.0,255
9.53895389538954,4095.0,1383.2808914252546,1.0,1.0,255
9.53995399539954,994.8821272378427,1373.9133377606156,1.0,1.0,255
9.54095409540954,2176.1267376817677,1375.7037681197942,1.0,1.0,255
9.541954195419542,2858.6067580956706,1350.9559032817078,1.0,1.0,255
9.542954295429544,3808.722639170882,1345.2303560651253,1.0,1.0,255
9.543954395439544,3073.337520408678,1324.777106473299,1.0,1.0,255
9.544954495449545,0.0,1324.797106473299,1.0,1.0,255
9.545954595459547,0.0,1343.9577691983684,1.0,1.0,255
9.546954695469546,2569.0507034213188,1350.484025475551,1.0,1.0,255
9.547954795479548,3423.3784005427233,1354.177806487447,1.0,1.0,255
9.54895489548955,1023.1032572324627,1338.948359476287,1.0,1.0,255
9.54995499549955,4095.0,1338.9283594762865,1.0,1.0,255
9.55095509550955,0.0,1370.4292720479727,1.0,1.0,255
9.551955195519552,4095.0,1379.1238109053777,1.0,1.0,255
9.552955295529554,4095.0,1379.1238109053777,1.0,1.0,255
9.553955395539553,2092.653898658219,1348.7045893017544,1.0,1.0,255
9.554955495549555,833.9000257681985,1364.4315810840783,1.0,1.0,255
9.555955595559556,17.56029713478165,1378.7646052512468,1.0,1.0,255
9.556955695569558,0.0,1378.784605251247,1.0,1.0,255
9.557955795579558,1938.1263219579878,1340.0220788120878,1.0,1.0,255
9.558955895589559,1037.7274785055213,1333.5669016254842,1.0,1.0,255
9.55995599559956,816.6286458187724,1324.8475198357028,1.0,1.0,255
9.56095609560956,3712.5778346887055,1346.9665237459037,1.0,1.0,255
9.561956195619562,0.0,1346.9865237459037,1.0,1.0,255
9.562956295629563,976.1974462427677,1331.4440752655314,1.0,1.0,255
9.563956395639565,1385.835278777336,1330.468291051642,1.0,1.0,255
9.564956495649565,3379.190007705103,1357.038842200344,1.0,1.0,255
9.565956595659566,2328.504059152696,1321.7089233833974,1.0,1.0,255
9.566956695669568,3163.7639319965515,1303.0842020233283,1.0,1.0,255
9.567956795679567,2138.5449508789434,1293.9693715046328,1.0,1.0,255
9.568956895689569,356.87379942102393,1324.028028956552,1.0,1.0,255
9.56995699569957,3862.5135072302483,1319.358299101157,1.0,1.0,255
9.570957095709572,3243.347911347516,1326.9680640780582,1.0,1.0,255
9.571957195719571,174.295463368916,1323.4821548106797,1.0,1.0,255
9.572957295729573,2270.7006921278903,1286.9961686532376,1.0,1.0,255
9.573957395739574,1049.1700730137677,1266.0327671929624,1.0,1.0,255
9.574957495749574,0.0,1288.838710589634,1.0,1.0,255
9.575957595759576,2460.5106571175897,1256.128923731986,1.0,1.0,255
9.576957695769577,4095.0,1256.128923731986,1.0,1.0,255
9.577957795779579,2456.8642585635953,1253.9529440840095,1.0,1.0,255
9.578957895789578,1266.02391323918,1237.9063128827413,1.0,1.0,255
9.57995799579958,2212.5829283781522,1227.8649447069981,1.0,1.0,255
9.580958095809581,2032.3910295911237,1187.237124115176,1.0,1.0,255
9.581958195819581,0.0,1208.619301319165,1.0,1.0,255
9.582958295829583,1140.1492189524383,1224.0098769634178,1.0,1.0,255
9.583958395839584,2989.512908020526,1227.0705058215215,1.0,1.0,255
9.584958495849586,4095.0,1256.3626959365693,1.0,1.0,255
9.585958595859585,786.8079292272564,1240.6265373520246,1.0,1.0,255
9.586958695869587,4095.0,1240.6265373520246,1.0,1.0,255
9.587958795879588,2867.11379795202,1234.6186359529886,1.0,1.0,255
9.588958895889588,4095.0,1234.6186359529886,1.0,1.0,255
9.58995899589959,1708.679233687304,1220.3426938239993,1.0,1.0,255
9.590959095909591,1208.9368611190894,1234.561421847982,1.0,1.0,255
9.591959195919593,1657.1143985191832,1226.166998715685,1.0,1.0,255
9.592959295929592,773.1804466361148,1216.4489369995451,1.0,1.0,255
9.593959395939594,4095.0,1236.8821865913715,1.0,1.0,255
9.594959495949595,0.0,1236.8821865913715,1.0,1.0,255
9.595959595959595,1677.778665300754,1203.3266132853564,1.0,1.0,255
9.596959695969597,1539.247097875886,1203.0806572594122,1.0,1.0,255
9.597959795979598,2170.197622644913,1178.0170417014563,1.0,1.0,255
9.5989598959896,1189.6006806692978,1174.6870932327195,1.0,1.0,255
9.5999599959996,3061.1553236598766,1154.0101997059166,1.0,1.0,255
9.6009600960096,3508.735751375358,1142.264914733424,1.0,1.0,255
9.601960196019602,936.556392860387,1123.5537868762165,1.0,1.0,255
9.602960296029604,2821.837485235652,1098.0905365809294,1.0,1.0,255
9.603960396039604,0.0,1138.157458607765,1.0,1.0,255
9.604960496049605,0.0,1154.8354591231289,1.0,1.0,255
9.605960596059607,2583.33433815425,1124.9333518289095,1.0,1.0,255
9.606960696069606,2667.55661144603,1096.3644840578302,1.0,1.0,255
9.607960796079608,1741.0609173867692,1100.3057921492546,1.0,1.0,255
9.60896089608961,3713.4359304685836,1113.4090603287366,1.0,1.0,255
9.60996099609961,0.0,1129.741633245112,1.0,1.0,255
9.61096109610961,798.583965118266,1121.4383972489727,1.0,1.0,255
9.611961196119612,0.0,1121.4383972489727,1.0,1.0,255
9.612961296129614,988.4054396409626,1121.1942373810086,1.0,1.0,255
9.613961396139613,0.0,1148.9109429565556,1.0,1.0,255
9.614961496149615,3496.7905764899615,1151.2629543322525,1.0,1.0,255
9.615961596159616,1399.7965005043916,1158.6169431391108,1.0,1.0,255
9.616961696169618,2761.4419195979203,1150.5705028911382,1.0,1.0,255
9.617961796179618,377.96140346579614,1182.1603758042436,1.0,1.0,255
9.618961896189619,4095.0,1189.2778517926643,1.0,1.0,255
9.61996199619962,1742.6351888466238,1159.0948778711268,1.0,1.0,255
9.62096209620962,2822.4741829443115,1150.6774033030624,1.0,1.0,255
9.621962196219622,1764.9384892871244,1118.8645427846984,1.0,1.0,255
9.622962296229623,3695.1690549450223,1147.353910041041,1.0,1.0,255
9.623962396239625,0.0,1168.3373115013162,1.0,1.0,255
9.624962496249625,4095.0,1168.3173115013162,1.0,1.0,255
9.625962596259626,2263.7237563549506,1164.3815734860636,1.0,1.0,255
9.626962696269628,1175.0708500573041,1140.9001564849175,1.0,1.0,255
9.627962796279627,1872.3883136542784,1136.23510504056,1.0,1.0,255
9.628962896289629,4095.0,1161.5355833053438,1.0,1.0,255
9.62996299629963,3821.821971610794,1193.7203641699964,1.0,1.0,255
9.630963096309632,0.0,1234.368184761819,1.0,1.0,255
9.631963196319631,1747.8217444836398,1199.4117498721462,1.0,1.0,255
9.632963296329633,286.89944092604924,1216.4767454326739,1.0,1.0,255
9.633963396339634,2473.2136873130635,1206.1507610185247,1.0,1.0,255
9.634963496349634,3745.782538743105,1199.1664117933867,1.0,1.0,255
9.635963596359636,0.0,1214.902570377932,1.0,1.0,255
9.636963696369637,1234.737189973199,1190.227826578468,1.0,1.0,255
9.637963796379639,909.4512610824311,1196.6165253977788,1.0,1.0,255
9.638963896389638,3844.1191041078127,1191.598907479935,1.0,1.0,255
9.63996399639964,3836.3457648421536,1220.579407450524,1.0,1.0,255
9.640964096409641,4095.0,1244.738144672906,1.0,1.0,255
9.641964196419641,0.0,1277.8804326432896,1.0,1.0,255
9.642964296429643,2455.613077032942,1260.5363031166708,1.0,1.0,255
9.643964396439644,0.0,1260.556303116671,1.0,1.0,255
9.644964496449646,1288.3188568148894,1234.789925980373,1.0,1.0,255
9.645964596459645,3744.1147156811508,1261.307793600011,1.0,1.0,255
9.646964696469647,0.0,1292.0927355575288,1.0,1.0,255
9.647964796479648,1683.2389583424883,1296.9440039377807,1.0,1.0,255
9.648964896489648,3697.0191584169324,1312.7564007195053,1.0,1.0,255
9.64996499649965,1058.2396885111377,1312.288500476085,1.0,1.0,255
9.650965096509651,0.0,1324.0337854485779,1.0,1.0,255
9.651965196519653,2998.88492408206,1320.822611787427,1.0,1.0,255
9.652965296529652,3051.126740708107,1325.4083968968757,1.0,1.0,255
9.653965396539654,1424.152519074389,1296.925346515388,1.0,1.0,255
9.654965496549655,3404.7094714177347,1283.0995359437425,1.0,1.0,255
9.655965596559655,1590.5301644673664,1281.5422458913101,1.0,1.0,255
9.656965696569657,3957.859647451386,1307.3483066114175,1.0,1.0,255
9.657965796579658,0.0,1342.169524959153,1.0,1.0,255
9.65896589658966,3607.1948155163655,1340.0447026601082,1.0,1.0,255
9.65996599659966,497.35914942635213,1330.097519671581,1.0,1.0,255
9.66096609660966,3725.7388588252784,1338.6639761504518,1.0,1.0,255
9.661966196619662,3824.051473468967,1333.225005619831,1.0,1.0,255
9.662966296629664,3314.851210771263,1337.3701386280757,1.0,1.0,255
9.663966396639664,2686.49036857573,1309.1799459995905,1.0,1.0,255
9.664966496649665,2377.2764719170345,1286.789663908132,1.0,1.0,255
9.665966596659667,0.0,1314.78559391822,1.0,1.0,255
9.666966696669666,0.0,1341.4767555262615,1.0,1.0,255
9.667966796679668,2523.536729039907,1317.5867181763754,1.0,1.0,255
9.66896689668967,0.0,1317.6067181763758,1.0,1.0,255
9.66996699669967,2891.848498167619,1328.3763919166604,1.0,1.0,255
9.67096709670967,3223.635250847464,1336.3996132747238,1.0,1.0,255
9.671967196719672,2124.6253635069575,1332.270890330605,1.0,1.0,255
9.672967296729674,2100.137256552392,1300.3702543627523,1.0,1.0,255
9.673967396739673,0.0,1300.3702543627523,1.0,1.0,255
9.674967496749675,664.6858912436398,1287.0965365378797,1.0,1.0,255
9.675967596759676,4095.0,1323.722061410781,1.0,1.0,255
9.676967696769678,0.0,1347.2234784119269,1.0,1.0,255
9.677967796779678,0.0,1384.6712446850124,1.0,1.0,255
9.678967896789679,194.2603642675433,1380.8060373996618,1.0,1.0,255
9.67996799679968,3502.6534502209533,1374.422666971865,1.0,1.0,255
9.68096809680968,4095.0,1374.4026669718648,1.0,1.0,255
9.681968196819682,3276.636529121318,1392.971832443964,1.0,1.0,255
9.682968296829683,369.9878491559184,1391.310064279367,1.0,1.0,255
9.683968396839685,392.8897214190572,1415.9079961047244,1.0,1.0,255
9.684968496849685,2967.9391250391045,1400.3511278306448,1.0,1.0,255
9.685968596859686,4078.128689967545,1399.9937016299955,1.0,1.0,255
9.686968696869688,769.8895122289332,1409.2906551848805,1.0,1.0,255
9.687968796879687,4095.0,1427.4596804065293,1.0,1.0,255
9.688968896889689,2796.594407996719,1406.5091864843073,1.0,1.0,255
9.68996899689969,2017.7083319290373,1371.3481045488836,1.0,1.0,255
9.690969096909692,0.0,1371.3681045488836,1.0,1.0,255
9.691969196919691,0.0,1371.3681045488836,1.0,1.0,255
9.692969296929693,4095.0,1404.1558430082246,1.0,1.0,255
9.693969396939695,744.954052504602,1389.2567619581325,1.0,1.0,255
9.694969496949694,598.5380072196799,1403.0523789500369,1.0,1.0,255
9.695969596959696,2954.3792825214973,1387.2576702868437,1.0,1.0,255
9.696969696969697,1173.5303016678718,1363.7870642534863,1.0,1.0,255
9.697969796979699,3080.392292024866,1377.1396892608336,1.0,1.0,255
9.698969896989698,2522.4152989848185,1353.647612072191,1.0,1.0,255
9.6999699969997,1346.1028235587446,1347.8903493712392,1.0,1.0,255
9.700970097009701,0.0,1347.890349371239,1.0,1.0,255
9.701970197019701,1922.0677867232823,1331.391295155132,1.0,1.0,255
9.702970297029703,3965.6652800142692,1349.6820659412554,1.0,1.0,255
9.703970397039704,1615.7471267756737,1345.8501737872296,1.0,1.0,255
9.704970497049706,0.0,1359.6759843588748,1.0,1.0,255
9.705970597059705,2591.2662836410173,1361.3919133210427,1.0,1.0,255
9.706970697069707,1359.621706353578,1336.9622862449435,1.0,1.0,255
9.707970797079708,2187.0095973898265,1298.7824781927397,1.0,1.0,255
9.708970897089708,1777.1706848738006,1273.0151681849366,1.0,1.0,255
9.70997099709971,0.0,1282.9623511734637,1.0,1.0,255
9.710971097109711,1633.8884599463051,1257.689804798032,1.0,1.0,255
9.711971197119713,4095.0,1263.1087753286524,1.0,1.0,255
9.712971297129712,609.9180170121363,1266.5333907729844,1.0,1.0,255
9.713971397139714,4095.0,1294.7035834014698,1.0,1.0,255
9.714971497149715,3137.0828248566036,1309.899710460261,1.0,1.0,255
9.715971597159715,2657.3744586182083,1281.1271996326252,1.0,1.0,255
9.716971697169717,4095.0,1281.1071996326255,1.0,1.0,255
9.717971797179718,130.16116607120694,1309.953241730403,1.0,1.0,255
9.71897189718972,2868.4013094825877,1285.4012679200548,1.0,1.0,255
9.71997199719972,4095.0,1309.4642979567025,1.0,1.0,255
9.72097209720972,3970.208860049509,1324.3957701407435,1.0,1.0,255
9.721972197219722,2183.8108755552817,1325.5794803817098,1.0,1.0,255
9.722972297229724,557.995312331187,1354.3368290040382,1.0,1.0,255
9.723972397239724,3037.3697817989932,1333.1642246400181,1.0,1.0,255
9.724972497249725,3953.5777918851268,1343.6094983025937,1.0,1.0,255
9.725972597259727,0.0,1343.6294983025937,1.0,1.0,255
9.726972697269726,2582.4913105270116,1313.359324513134,1.0,1.0,255
9.727972797279728,0.0,1313.3593245131335,1.0,1.0,255
9.72897289728973,2558.1912207296104,1286.4883562130772,1.0,1.0,255
9.72997299729973,2138.685103021823,1259.2089892690944,1.0,1.0,255
9.73097309730973,0.0,1259.2289892690944,1.0,1.0,255
9.731973197319732,2897.461325903304,1251.6454852047343,1.0,1.0,255
9.732973297329734,563.564248124771,1247.7739572253572,1.0,1.0,255
9.733973397339733,2481.6717474484954,1223.3451866027083,1.0,1.0,255
9.734973497349735,1400.3648714771261,1217.8991066723836,1.0,1.0,255
9.735973597359736,1357.007532622753,1191.1163822205779,1.0,1.0,255
9.736973697369738,1795.9998083269804,1170.5941762986167,1.0,1.0,255
9.737973797379738,4095.0,1170.5941762986167,1.0,1.0,255
9.738973897389739,873.3876981638359,1179.1145341754057,1.0,1.0,255
9.73997399739974,4095.0,1219.4487008139863,1.0,1.0,255
9.74097409740974,4095.0,1219.4287008139866,1.0,1.0,255
9.741974197419742,1211.9509412964076,1195.1896819880583,1.0,1.0,255
9.742974297429743,962.5170800990222,1175.9593403860777,1.0,1.0,255
9.743974397439745,3380.8032586562076,1176.5544866092937,1.0,1.0,255
9.744974497449745,3771.4670764363236,1182.034588282414,1.0,1.0,255
9.745974597459746,4095.0,1204.8470026319837,1.0,1.0,255
9.746974697469748,4095.0,1228.2976086653412,1.0,1.0,255
9.747974797479747,2491.329582574459,1216.5163544763334,1.0,1.0,255
9.748974897489749,1522.6344873252633,1217.5353587501318,1.0,1.0,255
9.74997499749975,2122.8978609537994,1204.9953724403827,1.0,1.0,255
9.750975097509752,2801.307097610753,1179.1015143925977,1.0,1.0,255
9.751975197519752,0.0,1217.5428701270635,1.0,1.0,255
9.752975297529753,1584.9208946964034,1188.45114663285,1.0,1.0,255
9.753975397539755,4034.4568125212304,1219.535225418788,1.0,1.0,255
9.754975497549754,3785.590176536608,1213.32702894952,1.0,1.0,255
9.755975597559756,2662.426193866415,1214.750227154028,1.0,1.0,255
9.756975697569757,2210.670468741854,1204.2360706559366,1.0,1.0,255
9.757975797579759,1721.8610044198126,1207.9786586197438,1.0,1.0,255
9.758975897589758,297.2194742233389,1237.577682832753,1.0,1.0,255
9.75997599759976,1614.0537025598665,1205.2966087815555,1.0,1.0,255
9.760976097609761,4083.9824642344315,1237.7340272651702,1.0,1.0,255
9.761976197619761,4027.423291322074,1236.3824930916119,1.0,1.0,255
9.762976297629763,2930.6609986708318,1225.2740734052713,1.0,1.0,255
9.763976397639764,1410.0593895105515,1197.0928856150604,1.0,1.0,255
9.764976497649766,762.3124575444185,1201.02497996704,1.0,1.0,255
9.765976597659765,704.8190040931868,1215.7011107128121,1.0,1.0,255
9.766976697669767,3300.120349356871,1199.8035176999495,1.0,1.0,255
9.767976797679768,2383.3777562703567,1168.1542961467808,1.0,1.0,255
9.768976897689768,2487.2458538509727,1160.5311870341484,1.0,1.0,255
9.76997699769977,3025.55215618478,1139.1422301578439,1.0,1.0,255
9.770977097709771,4095.0,1141.6380529568537,1.0,1.0,255
9.771977197719773,0.0,1179.881835445748,1.0,1.0,255
9.772977297729772,4095.0,1191.0217416923715,1.0,1.0,255
9.773977397739774,2886.64708495428,1188.0072877554774,1.0,1.0,255
9.774977497749775,537.3255924480748,1180.1092200688136,1.0,1.0,255
9.775977597759775,2907.832865430805,1156.3458773774296,1.0,1.0,255
9.776977697769777,4095.0,1186.5960511668893,1.0,1.0,255
9.777977797779778,1777.782128746816,1151.040408591953,1.0,1.0,255
9.77897789778978,3354.0257034085466,1166.9570982455316,1.0,1.0,255
9.77997799779978,2452.793472123172,1173.2392656275586,1.0,1.0,255
9.780978097809781,0.0,1173.2392656275586,1.0,1.0,255
9.781978197819782,0.0,1197.2100391094925,1.0,1.0,255
9.782978297829784,4095.0,1208.461324071988,1.0,1.0,255
9.783978397839784,987.0553156272895,1221.0067828104725,1.0,1.0,255
9.784978497849785,4095.0,1248.994080240015,1.0,1.0,255
9.785978597859787,4095.0,1276.11423089247,1.0,1.0,255
9.786978697869786,2517.096556638236,1280.4561581917742,1.0,1.0,255
9.787978797879788,4095.0,1280.4561581917742,1.0,1.0,255
9.78897889788979,0.0,1297.9239121550509,1.0,1.0,255
9.78997899789979,1547.70442445741,1266.989823665903,1.0,1.0,255
9.79097909790979,2072.3349267925187,1226.5365222017533,1.0,1.0,255
9.791979197919792,4095.0,1250.7555410276814,1.0,1.0,255
9.792979297929794,1006.0611361834374,1249.8846599059932,1.0,1.0,255
9.793979397939793,1104.0623115556994,1242.107348501755,1.0,1.0,255
9.794979497949795,0.0,1248.5980069730285,1.0,1.0,255
9.795979597959796,567.0987014800578,1237.2760329434275,1.0,1.0,255
9.796979697969798,0.0,1237.2960329434275,1.0,1.0,255
9.797979797979798,3443.0289390114663,1256.3300200721676,1.0,1.0,255
9.798979897989799,3474.803049359255,1274.3587708058578,1.0,1.0,255
9.7999799979998,2164.437600357695,1275.1895655939359,1.0,1.0,255
9.8009800980098,4095.0,1301.0634236417206,1.0,1.0,255
9.801980198019802,4095.0,1301.0434236417207,1.0,1.0,255
9.802980298029803,4095.0,1332.7218415356488,1.0,1.0,255
9.803980398039805,3088.90700925929,1313.8108454704097,1.0,1.0,255
9.804980498049805,1201.8971502482123,1295.9810989347136,1.0,1.0,255
9.805980598059806,2816.059672424849,1299.0537685058823,1.0,1.0,255
9.806980698069808,4095.0,1336.7403591310454,1.0,1.0,255
9.807980798079807,1039.237282619145,1350.3928335670585,1.0,1.0,255
9.808980898089809,0.0,1356.3372230515251,1.0,1.0,255
9.80998099809981,4095.0,1388.5982971027227,1.0,1.0,255
9.810981098109812,0.0,1388.838647818034,1.0,1.0,255
9.811981198119812,4095.0,1390.1901819915925,1.0,1.0,255
9.812981298129813,4095.0,1413.476962018176,1.0,1.0,255
9.813981398139815,0.0,1441.6781498083867,1.0,1.0,255
9.814981498149814,384.1327410707945,1449.2417441378598,1.0,1.0,255
9.815981598159816,4081.571440269996,1463.0495530251233,1.0,1.0,255
9.816981698169817,4095.0,1478.9471460379857,1.0,1.0,255
9.817981798179819,26.937787604450705,1512.6608351604896,1.0,1.0,255
9.818981898189818,3406.678304432856,1531.0494841721272,1.0,1.0,255
9.81998199819982,3548.841168540306,1541.515264419238,1.0,1.0,255
9.820982098209821,2880.0361734956296,1517.2159878891505,1.0,1.0,255
9.821982198219821,2365.86436158364,1482.6132751208233,1.0,1.0,255
9.822982298229823,1693.2112011000545,1448.769051098822,1.0,1.0,255
9.823982398239824,3691.5732013764878,1464.8675734272663,1.0,1.0,255
9.824982498249826,4095.0,1475.5940852762278,1.0,1.0,255
9.825982598259825,1548.265193538901,1468.3921240968336,1.0,1.0,255
9.826982698269827,0.0,1468.4121240968334,1.0,1.0,255
9.827982798279828,3238.451787034004,1486.81680241245,1.0,1.0,255
9.828982898289828,0.0,1501.6562883442791,1.0,1.0,255
9.82998299829983,3915.6877392200154,1530.9141736862157,1.0,1.0,255
9.830983098309831,2551.7802629356243,1500.0297789449282,1.0,1.0,255
9.831983198319833,2296.737030270991,1464.044519550348,1.0,1.0,255
9.832983298329832,623.0513468013432,1451.6034926143213,1.0,1.0,255
9.833983398339834,2968.7702519888553,1448.8000039666442,1.0,1.0,255
9.834983498349835,3316.309344334547,1433.226190853335,1.0,1.0,255
9.835983598359835,2320.6342826610144,1397.7388765065555,1.0,1.0,255
9.836983698369837,266.47958218254576,1423.9873537301398,1.0,1.0,255
9.837983798379838,3193.0053227387343,1405.9474601849145,1.0,1.0,255
9.83898389838984,1950.0460415958148,1366.9465393529983,1.0,1.0,255
9.83998399839984,2582.366559366563,1367.627959029478,1.0,1.0,255
9.840984098409841,1316.4172850360387,1381.772914792907,1.0,1.0,255
9.841984198419842,0.0,1381.7929147929067,1.0,1.0,255
9.842984298429844,0.0,1401.914137516575,1.0,1.0,255
9.843984398439844,1790.6725094609394,1388.1819335584703,1.0,1.0,255
9.844984498449845,2043.2432037139886,1347.3170694841904,1.0,1.0,255
9.845984598459847,0.0,1358.6590435137914,1.0,1.0,255
9.846984698469846,177.17975152605072,1355.1154484832703,1.0,1.0,255
9.847984798479848,484.04947575903657,1358.4938801878607,1.0,1.0,255
9.84898489848985,2920.7802961179987,1347.4134251230355,1.0,1.0,255
9.84998499849985,0.0,1386.0446731158818,1.0,1.0,255
9.85098509850985,1234.5727297511517,1361.3732185208587,1.0,1.0,255
9.851985198519852,0.0,1361.3932185208587,1.0,1.0,255
9.852985298529854,3111.210634175745,1341.7174312043737,1.0,1.0,255
9.853985398539853,0.0,1361.859291019188,1.0,1.0,255
9.854985498549855,3695.863323331868,1377.8945004907894,1.0,1.0,255
9.855985598559856,3901.522610024568,1399.6037592427838,1.0,1.0,255
9.856985698569858,2635.347752071884,1370.4107142842215,1.0,1.0,255
9.857985798579858,2945.4025971439287,1368.183511879483,1.0,1.0,255
9.858985898589859,1889.3286751099636,1330.3969383772835,1.0,1.0,255
9.85998599859986,1449.897692259061,1301.4189845321023,1.0,1.0,255
9.86098609860986,2825.3995096684725,1276.0069747254718,1.0,1.0,255
9.861986198619862,775.7621747999578,1260.5117312294726,1.0,1.0,255
9.862986298629863,4095.0,1260.5117312294726,1.0,1.0,255
9.863986398639865,4095.0,1260.4917312294729,1.0,1.0,255
9.864986498649865,4095.0,1268.1543860508887,1.0,1.0,255
9.865986598659866,3037.4917828362322,1247.2727929022133,1.0,1.0,255
9.866986698669868,0.0,1247.2927929022133,1.0,1.0,255
9.867986798679867,925.6074947056486,1229.3193987601894,1.0,1.0,255
9.868986898689869,4095.0,1243.0858326715322,1.0,1.0,255
9.86998699869987,1761.916827045493,1218.7906727598163,1.0,1.0,255
9.870987098709872,2869.8459884730396,1218.5868690593645,1.0,1.0,255
9.871987198719872,1787.299788368011,1217.4435860603317,1.0,1.0,255
9.872987298729873,4095.0,1251.287810082333,1.0,1.0,255
9.873987398739875,1108.8451866080648,1237.1994423226417,1.0,1.0,255
9.874987498749874,18.219106645175543,1236.8550601897377,1.0,1.0,255
9.875987598759876,2672.292026674783,1239.3462045940114,1.0,1.0,255
9.876987698769877,2077.516281524006,1198.9765302244916,1.0,1.0,255
9.877987798779879,3282.8906460326443,1199.8653074044646,1.0,1.0,255
9.878987898789878,0.0,1199.8653074044646,1.0,1.0,255
9.87998799879988,0.0,1203.4715526200644,1.0,1.0,255
9.880988098809881,935.8377433434327,1215.639192494483,1.0,1.0,255
9.881988198819881,2414.908740518754,1218.0026266994385,1.0,1.0,255
9.882988298829883,3133.607110525071,1211.2157958459666,1.0,1.0,255
9.883988398839884,4095.0,1233.7403908061895,1.0,1.0,255
9.884988498849886,10.592437169704226,1249.1223551761045,1.0,1.0,255
9.885988598859885,4095.0,1284.6096695228841,1.0,1.0,255
9.886988698869887,1417.3943525203103,1261.591374116129,1.0,1.0,255
9.887988798879888,566.650036512827,1268.3182669310977,1.0,1.0,255
9.888988898889888,118.40988416840378,1304.950990079646,1.0,1.0,255
9.88998899889989,4095.0,1335.2036588923147,1.0,1.0,255
9.890989098909891,1678.8822202548135,1327.954360187939,1.0,1.0,255
9.891989198919893,4095.0,1327.934360187939,1.0,1.0,255
9.892989298929892,1753.6067680273457,1292.8622248273923,1.0,1.0,255
9.893989398939894,3700.9177644054544,1320.7740303047203,1.0,1.0,255
9.894989498949895,0.0,1361.6388943789998,1.0,1.0,255
9.895989598959895,1094.0846803716333,1339.7572007715673,1.0,1.0,255
9.896989698969897,0.0,1343.300795802088,1.0,1.0,255
9.897989798979898,1499.2989373852076,1322.9958065695648,1.0,1.0,255
9.8989898989899,196.94459608923694,1342.56130872542,1.0,1.0,255
9.8999899989999,4095.0,1342.54130872542,1.0,1.0,255
9.900990099009901,0.0,1367.2327633204434,1.0,1.0,255
9.901990199019902,0.0,1367.2327633204432,1.0,1.0,255
9.902990299029904,2793.571778000428,1360.8799861969371,1.0,1.0,255
9.903990399039904,3618.3760777621083,1351.3275077521791,1.0,1.0,255
9.904990499049905,4095.0,1359.310241285542,1.0,1.0,255
9.905990599059907,679.640535055717,1349.6069783839362,1.0,1.0,255
9.906990699069906,2426.7108622271166,1345.434240587041,1.0,1.0,255
9.907990799079908,2836.2013846293785,1343.2502163367496,1.0,1.0,255
9.90899089908991,911.584811601314,1362.8050936069228,1.0,1.0,255
9.90999099909991,4095.0,1391.783047452104,1.0,1.0,255
9.91099109910991,4095.0,1417.1750572587346,1.0,1.0,255
9.911991199119912,2947.7278259152295,1409.724857273038,1.0,1.0,255
9.912991299129914,0.0,1409.7448572730382,1.0,1.0,255
9.913991399139913,2071.6245621595367,1369.2773485162286,1.0,1.0,255
9.914991499149915,0.0,1369.2973485162286,1.0,1.0,255
9.915991599159916,159.0016036981342,1387.2874807855414,1.0,1.0,255
9.916991699169918,3208.7206813593966,1369.5418944127293,1.0,1.0,255
9.917991799179918,0.0,1388.0540443068423,1.0,1.0,255
9.918991899189919,4095.0,1388.0540443068423,1.0,1.0,255
9.91999199919992,2296.0050335041283,1387.2924815178349,1.0,1.0,255
9.92099209920992,3914.111692554929,1408.1777955994726,1.0,1.0,255
9.921992199219922,0.0,1443.923791366833,1.0,1.0,255
9.922992299229923,4095.0,1443.923791366833,1.0,1.0,255
9.923992399239925,1180.7477918703332,1442.4857392615875,1.0,1.0,255
9.924992499249925,1928.4452411583711,1404.2812165713235,1.0,1.0,255
9.925992599259926,3381.184496364951,1418.4590659651267,1.0,1.0,255
9.926992699269928,2578.6175843837364,1428.4810920223215,1.0,1.0,255
9.927992799279927,0.0,1444.7432791016683,1.0,1.0,255
9.928992899289929,4095.0,1444.7232791016684,1.0,1.0,255
9.92999299929993,4095.0,1444.703279101669,1.0,1.0,255
9.930993099309932,3868.5233171012715,1458.8705003105629,1.0,1.0,255
9.931993199319932,3109.017155468332,1472.7526686095543,1.0,1.0,255
9.932993299329933,0.0,1492.0005263990527,1.0,1.0,255
9.933993399339935,0.0,1492.0205263990529,1.0,1.0,255
9.934993499349934,0.0,1492.232375142447,1.0,1.0,255
9.935993599359936,3545.265858734422,1481.2376923171353,1.0,1.0,255
9.936993699369937,0.0,1509.5855793675414,1.0,1.0,255
9.937993799379939,3313.718446407437,1505.2729490259467,1.0,1.0,255
9.938993899389938,4095.0,1507.621146709315,1.0,1.0,255
9.93999399939994,1819.931238690516,1471.2425219355046,1.0,1.0,255
9.940994099409941,2721.6297914593383,1477.3327621697877,1.0,1.0,255
9.941994199419941,1391.5524189868443,1449.5217137900506,1.0,1.0,255
9.942994299429943,0.0,1484.5938491505976,1.0,1.0,255
9.943994399439944,4095.0,1492.4754938624883,1.0,1.0,255
9.944994499449946,4095.0,1492.4554938624888,1.0,1.0,255
9.945994599459945,454.1010130701793,1505.255167208518,1.0,1.0,255
9.946994699469947,3442.1953337464383,1492.1790738834463,1.0,1.0,255
9.947994799479948,2465.026278426461,1489.54557819968,1.0,1.0,255
9.948994899489948,2412.9388351524644,1459.8232468245142,1.0,1.0,255
9.94999499949995,2600.3738327031756,1429.9307234785776,1.0,1.0,255
9.950995099509951,2304.1437199980014,1394.0935978785374,1.0,1.0,255
9.951995199519953,616.1271318723998,1381.7710552410895,1.0,1.0,255
9.952995299529952,2873.265373660076,1383.3649271542824,1.0,1.0,255
9.953995399539954,3099.22847033817,1372.9819750058036,1.0,1.0,255
9.954995499549955,1726.9544787929422,1338.4628854299447,1.0,1.0,255
9.955995599559955,3667.662008817316,1343.4889363074055,1.0,1.0,255
9.956995699569957,2949.3580589144667,1353.9418802411526,1.0,1.0,255
9.957995799579958,920.1969909229945,1360.733912730105,1.0,1.0,255
9.95899589958996,3405.5953136587195,1365.1575152353055,1.0,1.0,255
9.95999599959996,4095.0,1365.1575152353057,1.0,1.0,255
9.960996099609961,1859.8343149684445,1327.9808289359366,1.0,1.0,255
9.961996199619962,0.0,1350.9462724176324,1.0,1.0,255
9.962996299629964,1767.4046061228437,1315.5981802951753,1.0,1.0,255
9.963996399639964,2958.9730034951426,1333.3451491218868,1.0,1.0,255
9.964996499649965,3574.4352960601354,1322.91385504309,1.0,1.0,255
9.965996599659967,2255.462879170069,1289.2831447004542,1.0,1.0,255
9.966996699669966,422.4635376384199,1298.579460320498,1.0,1.0,255
9.967996799679968,0.0,1298.579460320498,1.0,1.0,255
9.96899689968997,0.0,1298.5994603204979,1.0,1.0,255
9.96999699969997,0.0,1334.5993596504152,1.0,1.0,255
9.97099709970997,3475.853467790025,1325.8341951551172,1.0,1.0,255
9.971997199719972,2131.4176529527263,1286.5425482141718,1.0,1.0,255
9.972997299729974,0.0,1286.5625482141718,1.0,1.0,255
9.973997399739973,4095.0,1310.1575040515784,1.0,1.0,255
9.974997499749975,4095.0,1348.7064088747459,1.0,1.0,255
9.975997599759976,1857.3613896108336,1325.85549115523,1.0,1.0,255
9.976997699769978,0.0,1356.2031394675555,1.0,1.0,255
9.977997799779978,2039.9929296756252,1315.4032808740428,1.0,1.0,255
9.978997899789979,4095.0,1315.403280874043,1.0,1.0,255
9.97999799979998,0.0,1315.423280874043,1.0,1.0,255
9.98099809980998,4095.0,1319.9528145320173,1.0,1.0,255
9.981998199819982,3561.810876853624,1329.0086889597233,1.0,1.0,255
9.982998299829983,3565.0662861418086,1318.3900146825595,1.0,1.0,255
9.983998399839985,0.0,1318.3900146825595,1.0,1.0,255
9.984998499849985,2724.1970446281234,1290.9539555751219,1.0,1.0,255
9.985998599859986,4095.0,1301.9486384004335,1.0,1.0,255
9.986998699869988,4095.0,1301.9286384004336,1.0,1.0,255
9.987998799879987,3651.372605363732,1308.6817215795593,1.0,1.0,255
9.988998899889989,1072.2521087595367,1287.2566794043685,1.0,1.0,255
9.98999899989999,3918.630256779831,1320.1079093137755,1.0,1.0,255
9.990999099909992,1609.289270637489,1315.409528071839,1.0,1.0,255
9.991999199919992,1116.8768691394343,1320.9030390687872,1.0,1.0,255
9.992999299929993,571.6900723397207,1309.469237621993,1.0,1.0,255
9.993999399939995,4095.0,1309.469237621993,1.0,1.0,255
9.994999499949994,2575.9820613972315,1279.0888788499376,1.0,1.0,255
9.995999599959996,1831.790419167785,1251.5350907279853,1.0,1.0,255
9.996999699969997,3076.525653362135,1244.2216971202993,1.0,1.0,255
9.997999799979999,2938.9420416610737,1253.7000123849916,1.0,1.0,255
9.998999899989998,2314.778655510675,1251.736808792156,1.0,1.0,255
10.0,2556.865077355286,1250.866633685198,1.0,1.0,255
