Timestamp_ms,EMG_Value
pe:17.75
Rectified_Signal:12.97,Rectwin_Envelope:19.00,Hanning_Envelope:17.63
Rectified_Signal:3.03,Rectwin_Envelope:18.81,Hanning_Envelope:17.54
Rectified_Signal:54.92,Rectwin_Envelope:19.64,Hanning_Envelope:17.48
Rectified_Signal:51.81,Rectwin_Envelope:20.09,Hanning_Envelope:17.43
Rectified_Signal:29.75,Rectwin_Envelope:19.81,Hanning_Envelope:17.42
Rectified_Signal:5.74,Rectwin_Envelope:19.78,Hanning_Envelope:17.46
Rectified_Signal:10.72,Rectwin_Envelope:19.73,Hanning_Envelope:17.53
Rectified_Signal:2.72,Rectwin_Envelope:19.49,Hanning_Envelope:17.64
Rectified_Signal:0.72,Rectwin_Envelope:19.05,Hanning_Envelope:17.77
Rectified_Signal:41.63,Rectwin_Envelope:19.18,Hanning_Envelope:17.93
Rectified_Signal:35.56,Rectwin_Envelope:19.22,Hanning_Envelope:18.11
Rectified_Signal:13.41,Rectwin_Envelope:19.26,Hanning_Envelope:18.30
Rectified_Signal:2.41,Rectwin_Envelope:19.07,Hanning_Envelope:18.51
Rectified_Signal:1.40,Rectwin_Envelope:18.56,Hanning_Envelope:18.73
Rectified_Signal:3.59,Rectwin_Envelope:18.37,Hanning_Envelope:18.96
Rectified_Signal:13.56,Rectwin_Envelope:18.63,Hanning_Envelope:19.18
Rectified_Signal:17.53,Rectwin_Envelope:18.70,Hanning_Envelope:19.38
Rectified_Signal:6.46,Rectwin_Envelope:18.23,Hanning_Envelope:19.56
Rectified_Signal:6.45,Rectwin_Envelope:18.13,Hanning_Envelope:19.73
Rectified_Signal:25.50,Rectwin_Envelope:17.59,Hanning_Envelope:19.88
Rectified_Signal:34.43,Rectwin_Envelope:17.54,Hanning_Envelope:20.00
Rectified_Signal:17.53,Rectwin_Envelope:17.71,Hanning_Envelope:20.10
Rectified_Signal:8.45,Rectwin_Envelope:17.48,Hanning_Envelope:20.15
Rectified_Signal:37.47,Rectwin_Envelope:17.89,Hanning_Envelope:20.18
Rectified_Signal:30.41,Rectwin_Envelope:18.46,Hanning_Envelope:20.16
Rectified_Signal:19.55,Rectwin_Envelope:18.76,Hanning_Envelope:20.11
Rectified_Signal:26.49,Rectwin_Envelope:18.85,Hanning_Envelope:20.02
Rectified_Signal:26.45,Rectwin_Envelope:18.74,Hanning_Envelope:19.92
Rectified_Signal:3.54,Rectwin_Envelope:18.55,Hanning_Envelope:19.81
Rectified_Signal:0.54,Rectwin_Envelope:18.37,Hanning_Envelope:19.68
Rectified_Signal:17.43,Rectwin_Envelope:18.50,Hanning_Envelope:19.53
Rectified_Signal:11.40,Rectwin_Envelope:18.47,Hanning_Envelope:19.36
Rectified_Signal:17.56,Rectwin_Envelope:18.74,Hanning_Envelope:19.18
Rectified_Signal:16.53,Rectwin_Envelope:18.94,Hanning_Envelope:18.98
Rectified_Signal:10.45,Rectwin_Envelope:18.84,Hanning_Envelope:18.77
Rectified_Signal:0.55,Rectwin_Envelope:18.61,Hanning_Envelope:18.57
Rectified_Signal:51.45,Rectwin_Envelope:19.10,Hanning_Envelope:18.37
Rectified_Signal:32.38,Rectwin_Envelope:19.28,Hanning_Envelope:18.17
Rectified_Signal:26.56,Rectwin_Envelope:19.58,Hanning_Envelope:18.00
Rectified_Signal:7.42,Rectwin_Envelope:19.60,Hanning_Envelope:17.84
Rectified_Signal:15.55,Rectwin_Envelope:19.48,Hanning_Envelope:17.70
Rectified_Signal:30.49,Rectwin_Envelope:19.57,Hanning_Envelope:17.60
Rectified_Signal:20.47,Rectwin_Envelope:19.32,Hanning_Envelope:17.52
Rectified_Signal:42.39,Rectwin_Envelope:19.12,Hanning_Envelope:17.47
Rectified_Signal:3.60,Rectwin_Envelope:18.82,Hanning_Envelope:17.46
Rectified_Signal:14.58,Rectwin_Envelope:18.87,Hanning_Envelope:17.48
Rectified_Signal:28.37,Rectwin_Envelope:19.10,Hanning_Envelope:17.52
Rectified_Signal:15.34,Rectwin_Envelope:19.17,Hanning_Envelope:17.57
Rectified_Signal:19.30,Rectwin_Envelope:19.13,Hanning_Envelope:17.65
Rectified_Signal:34.23,Rectwin_Envelope:19.22,Hanning_Envelope:17.75
Rectified_Signal:14.74,Rectwin_Envelope:19.25,Hanning_Envelope:17.88
Rectified_Signal:15.71,Rectwin_Envelope:19.51,Hanning_Envelope:18.03
Rectified_Signal:38.21,Rectwin_Envelope:19.17,Hanning_Envelope:18.19
Rectified_Signal:34.15,Rectwin_Envelope:18.82,Hanning_Envelope:18.37
Rectified_Signal:1.85,Rectwin_Envelope:18.26,Hanning_Envelope:18.57
Rectified_Signal:16.12,Rectwin_Envelope:18.47,Hanning_Envelope:18.79
Rectified_Signal:24.83,Rectwin_Envelope:18.75,Hanning_Envelope:18.99
Rectified_Signal:1.83,Rectwin_Envelope:18.73,Hanning_Envelope:19.18
Rectified_Signal:1.82,Rectwin_Envelope:18.75,Hanning_Envelope:19.36
Rectified_Signal:30.11,Rectwin_Envelope:18.52,Hanning_Envelope:19.53
Rectified_Signal:45.02,Rectwin_Envelope:18.71,Hanning_Envelope:19.69
Rectified_Signal:15.94,Rectwin_Envelope:18.76,Hanning_Envelope:19.84
Rectified_Signal:16.91,Rectwin_Envelope:19.05,Hanning_Envelope:19.97
Rectified_Signal:4.08,Rectwin_Envelope:19.11,Hanning_Envelope:20.08
Rectified_Signal:27.86,Rectwin_Envelope:19.59,Hanning_Envelope:20.17
Rectified_Signal:1.14,Rectwin_Envelope:19.34,Hanning_Envelope:20.24
Rectified_Signal:17.10,Rectwin_Envelope:19.34,Hanning_Envelope:20.30
Rectified_Signal:18.86,Rectwin_Envelope:19.58,Hanning_Envelope:20.35
Rectified_Signal:21.82,Rectwin_Envelope:19.89,Hanning_Envelope:20.38
Rectified_Signal:32.12,Rectwin_Envelope:20.02,Hanning_Envelope:20.39
Rectified_Signal:44.03,Rectwin_Envelope:20.22,Hanning_Envelope:20.40
Rectified_Signal:7.02,Rectwin_Envelope:20.00,Hanning_Envelope:20.40
Rectified_Signal:11.99,Rectwin_Envelope:20.08,Hanning_Envelope:20.40
Rectified_Signal:7.99,Rectwin_Envelope:19.49,Hanning_Envelope:20.39
Rectified_Signal:12.96,Rectwin_Envelope:19.14,Hanning_Envelope:20.38
Rectified_Signal:24.99,Rectwin_Envelope:19.25,Hanning_Envelope:20.36
Rectified_Signal:41.90,Rectwin_Envelope:19.55,Hanning_Envelope:20.32
Rectified_Signal:6.08,Rectwin_Envelope:19.15,Hanning_Envelope:20.26
Rectified_Signal:13.06,Rectwin_Envelope:19.34,Hanning_Envelope:20.20
Rectified_Signal:8.92,Rectwin_Envelope:19.50,Hanning_Envelope:20.12
Rectified_Signal:11.90,Rectwin_Envelope:19.39,Hanning_Envelope:20.02
Rectified_Signal:9.88,Rectwin_Envelope:19.36,Hanning_Envelope:19.91
Rectified_Signal:18.84,Rectwin_Envelope:19.39,Hanning_Envelope:19.79
Rectified_Signal:21.80,Rectwin_Envelope:19.49,Hanning_Envelope:19.66
Rectified_Signal:13.18,Rectwin_Envelope:19.55,Hanning_Envelope:19.53
Rectified_Signal:2.82,Rectwin_Envelope:19.59,Hanning_Envelope:19.40
Rectified_Signal:39.74,Rectwin_Envelope:19.36,Hanning_Envelope:19.27
Rectified_Signal:41.66,Rectwin_Envelope:19.55,Hanning_Envelope:19.14
Rectified_Signal:8.64,Rectwin_Envelope:19.19,Hanning_Envelope:19.02
Rectified_Signal:9.62,Rectwin_Envelope:19.23,Hanning_Envelope:18.91
Rectified_Signal:40.30,Rectwin_Envelope:19.73,Hanning_Envelope:18.81
Rectified_Signal:31.24,Rectwin_Envelope:19.74,Hanning_Envelope:18.71
Rectified_Signal:28.71,Rectwin_Envelope:19.91,Hanning_Envelope:18.63
Rectified_Signal:53.60,Rectwin_Envelope:20.13,Hanning_Envelope:18.57
Rectified_Signal:32.34,Rectwin_Envelope:20.70,Hanning_Envelope:18.54
Rectified_Signal:0.34,Rectwin_Envelope:20.42,Hanning_Envelope:18.52
Rectified_Signal:5.65,Rectwin_Envelope:19.97,Hanning_Envelope:18.54
Rectified_Signal:16.31,Rectwin_Envelope:19.99,Hanning_Envelope:18.59
Rectified_Signal:2.68,Rectwin_Envelope:19.65,Hanning_Envelope:18.66
Rectified_Signal:17.65,Rectwin_Envelope:19.32,Hanning_Envelope:18.74
Rectified_Signal:28.30,Rectwin_Envelope:19.59,Hanning_Envelope:18.85
Rectified_Signal:11.27,Rectwin_Envelope:19.50,Hanning_Envelope:18.95
Rectified_Signal:27.67,Rectwin_Envelope:19.29,Hanning_Envelope:19.07
Rectified_Signal:15.64,Rectwin_Envelope:18.92,Hanning_Envelope:19.19
Rectified_Signal:17.33,Rectwin_Envelope:19.23,Hanning_Envelope:19.32
Rectified_Signal:1.67,Rectwin_Envelope:18.94,Hanning_Envelope:19.44
Rectified_Signal:18.29,Rectwin_Envelope:18.81,Hanning_Envelope:19.56
Rectified_Signal:19.25,Rectwin_Envelope:19.16,Hanning_Envelope:19.67
Rectified_Signal:35.67,Rectwin_Envelope:19.84,Hanning_Envelope:19.76
Rectified_Signal:28.62,Rectwin_Envelope:19.81,Hanning_Envelope:19.84
Rectified_Signal:2.38,Rectwin_Envelope:18.96,Hanning_Envelope:19.92
Rectified_Signal:2.62,Rectwin_Envelope:18.69,Hanning_Envelope:20.00
Rectified_Signal:8.60,Rectwin_Envelope:18.52,Hanning_Envelope:20.07
Rectified_Signal:14.37,Rectwin_Envelope:18.73,Hanning_Envelope:20.12
Rectified_Signal:16.34,Rectwin_Envelope:18.50,Hanning_Envelope:20.13
Rectified_Signal:16.63,Rectwin_Envelope:18.81,Hanning_Envelope:20.13
Rectified_Signal:11.60,Rectwin_Envelope:18.70,Hanning_Envelope:20.09
Rectified_Signal:12.37,Rectwin_Envelope:18.57,Hanning_Envelope:20.04
Rectified_Signal:3.36,Rectwin_Envelope:18.20,Hanning_Envelope:19.97
Rectified_Signal:23.59,Rectwin_Envelope:18.03,Hanning_Envelope:19.87
Rectified_Signal:22.54,Rectwin_Envelope:17.60,Hanning_Envelope:19.75
Rectified_Signal:18.42,Rectwin_Envelope:17.83,Hanning_Envelope:19.60
Rectified_Signal:4.57,Rectwin_Envelope:17.68,Hanning_Envelope:19.43
Rectified_Signal:27.37,Rectwin_Envelope:18.07,Hanning_Envelope:19.23
Rectified_Signal:32.31,Rectwin_Envelope:18.45,Hanning_Envelope:19.01
Rectified_Signal:28.63,Rectwin_Envelope:18.53,Hanning_Envelope:18.77
Rectified_Signal:43.55,Rectwin_Envelope:18.56,Hanning_Envelope:18.53
Rectified_Signal:22.41,Rectwin_Envelope:18.88,Hanning_Envelope:18.30
Rectified_Signal:6.58,Rectwin_Envelope:18.76,Hanning_Envelope:18.07
Rectified_Signal:17.54,Rectwin_Envelope:18.93,Hanning_Envelope:17.85
Rectified_Signal:2.45,Rectwin_Envelope:18.74,Hanning_Envelope:17.64
Rectified_Signal:8.43,Rectwin_Envelope:18.71,Hanning_Envelope:17.45
Rectified_Signal:19.53,Rectwin_Envelope:18.72,Hanning_Envelope:17.28
Rectified_Signal:28.42,Rectwin_Envelope:18.86,Hanning_Envelope:17.13
Rectified_Signal:22.37,Rectwin_Envelope:19.04,Hanning_Envelope:17.00
Rectified_Signal:47.53,Rectwin_Envelope:19.93,Hanning_Envelope:16.91
Rectified_Signal:17.50,Rectwin_Envelope:19.49,Hanning_Envelope:16.83
Rectified_Signal:8.48,Rectwin_Envelope:18.83,Hanning_Envelope:16.81
Rectified_Signal:11.49,Rectwin_Envelope:18.88,Hanning_Envelope:16.84
Rectified_Signal:11.47,Rectwin_Envelope:18.92,Hanning_Envelope:16.90
Rectified_Signal:10.51,Rectwin_Envelope:18.32,Hanning_Envelope:16.97
Rectified_Signal:3.48,Rectwin_Envelope:17.77,Hanning_Envelope:17.08
Rectified_Signal:29.43,Rectwin_Envelope:17.78,Hanning_Envelope:17.22
Rectified_Signal:48.33,Rectwin_Envelope:17.68,Hanning_Envelope:17.36
Rectified_Signal:28.61,Rectwin_Envelope:17.60,Hanning_Envelope:17.51
Rectified_Signal:12.59,Rectwin_Envelope:17.85,Hanning_Envelope:17.68
Rectified_Signal:7.57,Rectwin_Envelope:17.89,Hanning_Envelope:17.84
Rectified_Signal:22.53,Rectwin_Envelope:18.01,Hanning_Envelope:18.00
Rectified_Signal:18.43,Rectwin_Envelope:18.33,Hanning_Envelope:18.16
Rectified_Signal:7.42,Rectwin_Envelope:18.12,Hanning_Envelope:18.31
Rectified_Signal:31.52,Rectwin_Envelope:18.19,Hanning_Envelope:18.47
Rectified_Signal:13.49,Rectwin_Envelope:18.23,Hanning_Envelope:18.61
Rectified_Signal:29.45,Rectwin_Envelope:18.27,Hanning_Envelope:18.75
Rectified_Signal:28.39,Rectwin_Envelope:18.52,Hanning_Envelope:18.89
Rectified_Signal:15.57,Rectwin_Envelope:18.49,Hanning_Envelope:19.02
Rectified_Signal:1.42,Rectwin_Envelope:18.48,Hanning_Envelope:19.14
Rectified_Signal:23.53,Rectwin_Envelope:18.59,Hanning_Envelope:19.24
Rectified_Signal:30.47,Rectwin_Envelope:18.81,Hanning_Envelope:19.34
Rectified_Signal:19.49,Rectwin_Envelope:18.49,Hanning_Envelope:19.42
Rectified_Signal:43.41,Rectwin_Envelope:18.78,Hanning_Envelope:19.50
Rectified_Signal:23.55,Rectwin_Envelope:19.21,Hanning_Envelope:19.57
Rectified_Signal:13.52,Rectwin_Envelope:19.42,Hanning_Envelope:19.62
Rectified_Signal:12.46,Rectwin_Envelope:19.50,Hanning_Envelope:19.67
Rectified_Signal:3.54,Rectwin_Envelope:19.28,Hanning_Envelope:19.70
Rectified_Signal:12.44,Rectwin_Envelope:19.21,Hanning_Envelope:19.74
Rectified_Signal:18.40,Rectwin_Envelope:19.24,Hanning_Envelope:19.76
Rectified_Signal:18.36,Rectwin_Envelope:19.38,Hanning_Envelope:19.78
Rectified_Signal:39.56,Rectwin_Envelope:19.92,Hanning_Envelope:19.79
Rectified_Signal:22.51,Rectwin_Envelope:20.30,Hanning_Envelope:19.79
Rectified_Signal:31.43,Rectwin_Envelope:20.46,Hanning_Envelope:19.79
Rectified_Signal:22.38,Rectwin_Envelope:20.46,Hanning_Envelope:19.80
Rectified_Signal:4.61,Rectwin_Envelope:20.18,Hanning_Envelope:19.82
Rectified_Signal:11.37,Rectwin_Envelope:20.32,Hanning_Envelope:19.85
Rectified_Signal:15.60,Rectwin_Envelope:20.08,Hanning_Envelope:19.88
Rectified_Signal:10.58,Rectwin_Envelope:19.65,Hanning_Envelope:19.91
Rectified_Signal:23.37,Rectwin_Envelope:19.54,Hanning_Envelope:19.95
Rectified_Signal:40.29,Rectwin_Envelope:19.48,Hanning_Envelope:19.99
Rectified_Signal:8.69,Rectwin_Envelope:19.20,Hanning_Envelope:20.02
Rectified_Signal:8.67,Rectwin_Envelope:19.24,Hanning_Envelope:20.05
Rectified_Signal:11.30,Rectwin_Envelope:19.12,Hanning_Envelope:20.06
Rectified_Signal:15.27,Rectwin_Envelope:19.38,Hanning_Envelope:20.06
Rectified_Signal:1.27,Rectwin_Envelope:19.23,Hanning_Envelope:20.04
Rectified_Signal:30.21,Rectwin_Envelope:19.45,Hanning_Envelope:20.01
Rectified_Signal:14.76,Rectwin_Envelope:19.17,Hanning_Envelope:19.96
Rectified_Signal:3.75,Rectwin_Envelope:18.80,Hanning_Envelope:19.91
Rectified_Signal:46.16,Rectwin_Envelope:18.77,Hanning_Envelope:19.85
Rectified_Signal:39.08,Rectwin_Envelope:19.20,Hanning_Envelope:19.77
Rectified_Signal:2.92,Rectwin_Envelope:19.09,Hanning_Envelope:19.68
Rectified_Signal:7.07,Rectwin_Envelope:19.00,Hanning_Envelope:19.59
Rectified_Signal:7.06,Rectwin_Envelope:18.92,Hanning_Envelope:19.49
Rectified_Signal:5.05,Rectwin_Envelope:18.81,Hanning_Envelope:19.37
Rectified_Signal:35.97,Rectwin_Envelope:19.46,Hanning_Envelope:19.25
Rectified_Signal:42.89,Rectwin_Envelope:19.73,Hanning_Envelope:19.12
Rectified_Signal:48.79,Rectwin_Envelope:19.74,Hanning_Envelope:18.99
Rectified_Signal:21.17,Rectwin_Envelope:19.59,Hanning_Envelope:18.88
Rectified_Signal:8.15,Rectwin_Envelope:19.50,Hanning_Envelope:18.79
Rectified_Signal:15.12,Rectwin_Envelope:19.65,Hanning_Envelope:18.71
Rectified_Signal:9.10,Rectwin_Envelope:19.38,Hanning_Envelope:18.64
Rectified_Signal:18.86,Rectwin_Envelope:19.39,Hanning_Envelope:18.59
Rectified_Signal:31.80,Rectwin_Envelope:19.88,Hanning_Envelope:18.55
Rectified_Signal:19.16,Rectwin_Envelope:19.63,Hanning_Envelope:18.51
Rectified_Signal:14.14,Rectwin_Envelope:19.64,Hanning_Envelope:18.50
Rectified_Signal:33.80,Rectwin_Envelope:19.73,Hanning_Envelope:18.51
Rectified_Signal:32.73,Rectwin_Envelope:19.82,Hanning_Envelope:18.54
Rectified_Signal:14.24,Rectwin_Envelope:19.79,Hanning_Envelope:18.58
Rectified_Signal:11.22,Rectwin_Envelope:19.98,Hanning_Envelope:18.65
Rectified_Signal:29.16,Rectwin_Envelope:20.10,Hanning_Envelope:18.73
Rectified_Signal:27.11,Rectwin_Envelope:20.03,Hanning_Envelope:18.83
Rectified_Signal:43.81,Rectwin_Envelope:20.52,Hanning_Envelope:18.95
Rectified_Signal:49.71,Rectwin_Envelope:20.64,Hanning_Envelope:19.09
Rectified_Signal:14.26,Rectwin_Envelope:20.46,Hanning_Envelope:19.26
Rectified_Signal:3.26,Rectwin_Envelope:20.25,Hanning_Envelope:19.45
Rectified_Signal:8.73,Rectwin_Envelope:20.18,Hanning_Envelope:19.65
Rectified_Signal:11.70,Rectwin_Envelope:20.34,Hanning_Envelope:19.86
Rectified_Signal:2.70,Rectwin_Envelope:20.15,Hanning_Envelope:20.07
Rectified_Signal:17.66,Rectwin_Envelope:20.13,Hanning_Envelope:20.29
Rectified_Signal:37.26,Rectwin_Envelope:20.51,Hanning_Envelope:20.50
Rectified_Signal:18.23,Rectwin_Envelope:20.08,Hanning_Envelope:20.69
Rectified_Signal:56.66,Rectwin_Envelope:20.77,Hanning_Envelope:20.90
Rectified_Signal:46.57,Rectwin_Envelope:21.07,Hanning_Envelope:21.10
Rectified_Signal:14.40,Rectwin_Envelope:20.91,Hanning_Envelope:21.29
Rectified_Signal:17.56,Rectwin_Envelope:21.17,Hanning_Envelope:21.49
Rectified_Signal:17.53,Rectwin_Envelope:21.29,Hanning_Envelope:21.67
Rectified_Signal:14.45,Rectwin_Envelope:21.27,Hanning_Envelope:21.84
Rectified_Signal:11.42,Rectwin_Envelope:21.28,Hanning_Envelope:22.00
Rectified_Signal:38.50,Rectwin_Envelope:21.59,Hanning_Envelope:22.16
Rectified_Signal:46.41,Rectwin_Envelope:21.71,Hanning_Envelope:22.29
Rectified_Signal:19.55,Rectwin_Envelope:21.93,Hanning_Envelope:22.42
Rectified_Signal:1.44,Rectwin_Envelope:21.78,Hanning_Envelope:22.54
Rectified_Signal:17.41,Rectwin_Envelope:21.90,Hanning_Envelope:22.65
Rectified_Signal:9.57,Rectwin_Envelope:21.79,Hanning_Envelope:22.74
Rectified_Signal:20.39,Rectwin_Envelope:22.17,Hanning_Envelope:22.82
Rectified_Signal:33.32,Rectwin_Envelope:22.23,Hanning_Envelope:22.88
Rectified_Signal:10.30,Rectwin_Envelope:22.15,Hanning_Envelope:22.92
Rectified_Signal:2.30,Rectwin_Envelope:22.12,Hanning_Envelope:22.96
Rectified_Signal:49.20,Rectwin_Envelope:22.18,Hanning_Envelope:22.98
Rectified_Signal:24.15,Rectwin_Envelope:21.88,Hanning_Envelope:22.98
Rectified_Signal:0.15,Rectwin_Envelope:21.82,Hanning_Envelope:22.98
Rectified_Signal:5.84,Rectwin_Envelope:21.80,Hanning_Envelope:22.97
Rectified_Signal:5.83,Rectwin_Envelope:21.77,Hanning_Envelope:22.93
Rectified_Signal:14.80,Rectwin_Envelope:21.97,Hanning_Envelope:22.86
Rectified_Signal:23.16,Rectwin_Envelope:21.71,Hanning_Envelope:22.78
Rectified_Signal:38.08,Rectwin_Envelope:21.62,Hanning_Envelope:22.68
Rectified_Signal:32.85,Rectwin_Envelope:21.30,Hanning_Envelope:22.57
Rectified_Signal:2.85,Rectwin_Envelope:20.93,Hanning_Envelope:22.46
Rectified_Signal:17.12,Rectwin_Envelope:21.11,Hanning_Envelope:22.33
Rectified_Signal:4.87,Rectwin_Envelope:20.91,Hanning_Envelope:22.17
Rectified_Signal:10.85,Rectwin_Envelope:20.94,Hanning_Envelope:22.00
Rectified_Signal:1.85,Rectwin_Envelope:20.60,Hanning_Envelope:21.80
Rectified_Signal:18.12,Rectwin_Envelope:20.33,Hanning_Envelope:21.59
Rectified_Signal:12.86,Rectwin_Envelope:20.20,Hanning_Envelope:21.36
Rectified_Signal:12.83,Rectwin_Envelope:20.17,Hanning_Envelope:21.12
Rectified_Signal:32.10,Rectwin_Envelope:20.14,Hanning_Envelope:20.86
Rectified_Signal:49.01,Rectwin_Envelope:20.47,Hanning_Envelope:20.60
Rectified_Signal:5.98,Rectwin_Envelope:20.30,Hanning_Envelope:20.33
Rectified_Signal:11.99,Rectwin_Envelope:20.32,Hanning_Envelope:20.06
Rectified_Signal:7.99,Rectwin_Envelope:19.89,Hanning_Envelope:19.79
Rectified_Signal:9.97,Rectwin_Envelope:19.55,Hanning_Envelope:19.54
Rectified_Signal:33.96,Rectwin_Envelope:19.35,Hanning_Envelope:19.28
Rectified_Signal:45.87,Rectwin_Envelope:19.28,Hanning_Envelope:19.04
Rectified_Signal:16.10,Rectwin_Envelope:19.31,Hanning_Envelope:18.80
Rectified_Signal:2.09,Rectwin_Envelope:19.29,Hanning_Envelope:18.58
Rectified_Signal:9.89,Rectwin_Envelope:19.31,Hanning_Envelope:18.36
Rectified_Signal:1.88,Rectwin_Envelope:19.12,Hanning_Envelope:18.15
Rectified_Signal:2.88,Rectwin_Envelope:19.12,Hanning_Envelope:17.96
Rectified_Signal:29.82,Rectwin_Envelope:19.36,Hanning_Envelope:17.79
Rectified_Signal:21.14,Rectwin_Envelope:19.04,Hanning_Envelope:17.62
Rectified_Signal:25.09,Rectwin_Envelope:19.18,Hanning_Envelope:17.49
Rectified_Signal:38.83,Rectwin_Envelope:18.82,Hanning_Envelope:17.39
Rectified_Signal:39.75,Rectwin_Envelope:18.69,Hanning_Envelope:17.31
Rectified_Signal:10.23,Rectwin_Envelope:18.60,Hanning_Envelope:17.27
Rectified_Signal:5.76,Rectwin_Envelope:18.37,Hanning_Envelope:17.25
Rectified_Signal:18.20,Rectwin_Envelope:18.38,Hanning_Envelope:17.25
Rectified_Signal:32.14,Rectwin_Envelope:18.73,Hanning_Envelope:17.27
Rectified_Signal:26.08,Rectwin_Envelope:19.03,Hanning_Envelope:17.30
Rectified_Signal:37.84,Rectwin_Envelope:19.01,Hanning_Envelope:17.35
Rectified_Signal:27.78,Rectwin_Envelope:18.64,Hanning_Envelope:17.43
Rectified_Signal:30.15,Rectwin_Envelope:18.85,Hanning_Envelope:17.55
Rectified_Signal:4.84,Rectwin_Envelope:18.92,Hanning_Envelope:17.68
Rectified_Signal:10.14,Rectwin_Envelope:18.78,Hanning_Envelope:17.83
Rectified_Signal:2.14,Rectwin_Envelope:18.63,Hanning_Envelope:17.99
Rectified_Signal:3.13,Rectwin_Envelope:18.28,Hanning_Envelope:18.16
Rectified_Signal:16.83,Rectwin_Envelope:17.95,Hanning_Envelope:18.34
Rectified_Signal:17.13,Rectwin_Envelope:18.09,Hanning_Envelope:18.52
Rectified_Signal:12.84,Rectwin_Envelope:18.30,Hanning_Envelope:18.68
Rectified_Signal:46.75,Rectwin_Envelope:18.25,Hanning_Envelope:18.84
Rectified_Signal:35.68,Rectwin_Envelope:18.48,Hanning_Envelope:18.99
Rectified_Signal:1.67,Rectwin_Envelope:18.51,Hanning_Envelope:19.14
Rectified_Signal:21.63,Rectwin_Envelope:18.83,Hanning_Envelope:19.27
Rectified_Signal:33.30,Rectwin_Envelope:19.38,Hanning_Envelope:19.40
Rectified_Signal:30.24,Rectwin_Envelope:19.69,Hanning_Envelope:19.51
Rectified_Signal:21.71,Rectwin_Envelope:19.66,Hanning_Envelope:19.61
Rectified_Signal:48.62,Rectwin_Envelope:19.87,Hanning_Envelope:19.73
Rectified_Signal:12.36,Rectwin_Envelope:19.46,Hanning_Envelope:19.84
Rectified_Signal:5.63,Rectwin_Envelope:19.51,Hanning_Envelope:19.96
Rectified_Signal:1.63,Rectwin_Envelope:19.20,Hanning_Envelope:20.06
Rectified_Signal:3.37,Rectwin_Envelope:19.17,Hanning_Envelope:20.16
Rectified_Signal:1.63,Rectwin_Envelope:18.99,Hanning_Envelope:20.24
Rectified_Signal:7.62,Rectwin_Envelope:19.10,Hanning_Envelope:20.30
Rectified_Signal:22.34,Rectwin_Envelope:19.19,Hanning_Envelope:20.33
Rectified_Signal:2.33,Rectwin_Envelope:18.98,Hanning_Envelope:20.35
Rectified_Signal:1.66,Rectwin_Envelope:18.76,Hanning_Envelope:20.34
Rectified_Signal:43.58,Rectwin_Envelope:18.98,Hanning_Envelope:20.31
Rectified_Signal:16.54,Rectwin_Envelope:18.34,Hanning_Envelope:20.26
Rectified_Signal:14.51,Rectwin_Envelope:18.51,Hanning_Envelope:20.19
Rectified_Signal:21.47,Rectwin_Envelope:18.70,Hanning_Envelope:20.10
Rectified_Signal:16.50,Rectwin_Envelope:18.87,Hanning_Envelope:19.98
Rectified_Signal:21.45,Rectwin_Envelope:19.10,Hanning_Envelope:19.84
Rectified_Signal:33.48,Rectwin_Envelope:19.09,Hanning_Envelope:19.69
Rectified_Signal:38.40,Rectwin_Envelope:18.94,Hanning_Envelope:19.52
Rectified_Signal:13.57,Rectwin_Envelope:18.89,Hanning_Envelope:19.36
Rectified_Signal:5.42,Rectwin_Envelope:18.95,Hanning_Envelope:19.19
Rectified_Signal:14.39,Rectwin_Envelope:19.04,Hanning_Envelope:19.01
Rectified_Signal:8.59,Rectwin_Envelope:19.18,Hanning_Envelope:18.84
Rectified_Signal:7.39,Rectwin_Envelope:19.27,Hanning_Envelope:18.66
Rectified_Signal:31.33,Rectwin_Envelope:19.30,Hanning_Envelope:18.48
Rectified_Signal:14.64,Rectwin_Envelope:19.17,Hanning_Envelope:18.32
Rectified_Signal:26.59,Rectwin_Envelope:19.20,Hanning_Envelope:18.17
Rectified_Signal:48.32,Rectwin_Envelope:19.39,Hanning_Envelope:18.04
Rectified_Signal:31.25,Rectwin_Envelope:19.22,Hanning_Envelope:17.93
Rectified_Signal:4.74,Rectwin_Envelope:19.11,Hanning_Envelope:17.84
Rectified_Signal:25.21,Rectwin_Envelope:19.50,Hanning_Envelope:17.79
Rectified_Signal:14.76,Rectwin_Envelope:19.43,Hanning_Envelope:17.74
Rectified_Signal:12.73,Rectwin_Envelope:19.04,Hanning_Envelope:17.72
Rectified_Signal:31.21,Rectwin_Envelope:19.14,Hanning_Envelope:17.73
Rectified_Signal:43.12,Rectwin_Envelope:19.25,Hanning_Envelope:17.77
Rectified_Signal:15.85,Rectwin_Envelope:19.01,Hanning_Envelope:17.82
Rectified_Signal:21.81,Rectwin_Envelope:18.84,Hanning_Envelope:17.90
Rectified_Signal:6.79,Rectwin_Envelope:18.88,Hanning_Envelope:18.00
Rectified_Signal:8.77,Rectwin_Envelope:18.85,Hanning_Envelope:18.11
Rectified_Signal:0.77,Rectwin_Envelope:18.83,Hanning_Envelope:18.23
Rectified_Signal:20.19,Rectwin_Envelope:19.17,Hanning_Envelope:18.36
Rectified_Signal:29.13,Rectwin_Envelope:19.41,Hanning_Envelope:18.49
Rectified_Signal:15.84,Rectwin_Envelope:19.39,Hanning_Envelope:18.63
Rectified_Signal:5.83,Rectwin_Envelope:19.25,Hanning_Envelope:18.78
Rectified_Signal:33.11,Rectwin_Envelope:18.97,Hanning_Envelope:18.93
Rectified_Signal:27.05,Rectwin_Envelope:18.80,Hanning_Envelope:19.10
Rectified_Signal:1.94,Rectwin_Envelope:18.81,Hanning_Envelope:19.26
Rectified_Signal:2.05,Rectwin_Envelope:18.42,Hanning_Envelope:19.42
Rectified_Signal:20.91,Rectwin_Envelope:18.17,Hanning_Envelope:19.57
Rectified_Signal:22.86,Rectwin_Envelope:18.02,Hanning_Envelope:19.69
Rectified_Signal:22.10,Rectwin_Envelope:18.03,Hanning_Envelope:19.80
Rectified_Signal:48.00,Rectwin_Envelope:18.01,Hanning_Envelope:19.89
Rectified_Signal:15.97,Rectwin_Envelope:18.09,Hanning_Envelope:19.95
Rectified_Signal:6.95,Rectwin_Envelope:18.11,Hanning_Envelope:19.98
Rectified_Signal:22.00,Rectwin_Envelope:18.52,Hanning_Envelope:19.99
Rectified_Signal:4.99,Rectwin_Envelope:18.55,Hanning_Envelope:19.96
Rectified_Signal:5.00,Rectwin_Envelope:18.62,Hanning_Envelope:19.91
Rectified_Signal:4.99,Rectwin_Envelope:18.57,Hanning_Envelope:19.83
Rectified_Signal:18.97,Rectwin_Envelope:18.50,Hanning_Envelope:19.73
Rectified_Signal:14.94,Rectwin_Envelope:18.75,Hanning_Envelope:19.62
Rectified_Signal:47.96,Rectwin_Envelope:19.68,Hanning_Envelope:19.49
Rectified_Signal:31.90,Rectwin_Envelope:19.45,Hanning_Envelope:19.33
Rectified_Signal:1.90,Rectwin_Envelope:19.15,Hanning_Envelope:19.19
Rectified_Signal:29.84,Rectwin_Envelope:19.46,Hanning_Envelope:19.06
Rectified_Signal:4.83,Rectwin_Envelope:19.13,Hanning_Envelope:18.92
Rectified_Signal:10.15,Rectwin_Envelope:19.00,Hanning_Envelope:18.80
Rectified_Signal:19.11,Rectwin_Envelope:18.95,Hanning_Envelope:18.67
Rectified_Signal:21.84,Rectwin_Envelope:18.72,Hanning_Envelope:18.55
Rectified_Signal:40.76,Rectwin_Envelope:18.77,Hanning_Envelope:18.44
Rectified_Signal:19.20,Rectwin_Envelope:18.88,Hanning_Envelope:18.34
Rectified_Signal:7.19,Rectwin_Envelope:18.92,Hanning_Envelope:18.25
Rectified_Signal:9.17,Rectwin_Envelope:18.81,Hanning_Envelope:18.16
Rectified_Signal:15.14,Rectwin_Envelope:18.94,Hanning_Envelope:18.08
Rectified_Signal:9.84,Rectwin_Envelope:18.99,Hanning_Envelope:18.01
Rectified_Signal:34.77,Rectwin_Envelope:19.06,Hanning_Envelope:17.96
Rectified_Signal:30.17,Rectwin_Envelope:19.37,Hanning_Envelope:17.92
Rectified_Signal:16.13,Rectwin_Envelope:19.16,Hanning_Envelope:17.89
Rectified_Signal:26.81,Rectwin_Envelope:18.73,Hanning_Envelope:17.89
Rectified_Signal:17.78,Rectwin_Envelope:18.46,Hanning_Envelope:17.92
Rectified_Signal:2.77,Rectwin_Envelope:18.42,Hanning_Envelope:17.96
Rectified_Signal:13.75,Rectwin_Envelope:18.19,Hanning_Envelope:18.00
Rectified_Signal:33.19,Rectwin_Envelope:18.56,Hanning_Envelope:18.06
Rectified_Signal:16.16,Rectwin_Envelope:18.63,Hanning_Envelope:18.11
Rectified_Signal:40.76,Rectwin_Envelope:18.82,Hanning_Envelope:18.17
Rectified_Signal:21.72,Rectwin_Envelope:18.39,Hanning_Envelope:18.24
Rectified_Signal:16.25,Rectwin_Envelope:18.40,Hanning_Envelope:18.32
Rectified_Signal:11.23,Rectwin_Envelope:18.19,Hanning_Envelope:18.41
Rectified_Signal:14.74,Rectwin_Envelope:18.35,Hanning_Envelope:18.49
Rectified_Signal:3.25,Rectwin_Envelope:18.24,Hanning_Envelope:18.57
Rectified_Signal:13.72,Rectwin_Envelope:18.50,Hanning_Envelope:18.65
Rectified_Signal:28.67,Rectwin_Envelope:18.67,Hanning_Envelope:18.71
Rectified_Signal:31.60,Rectwin_Envelope:18.72,Hanning_Envelope:18.77
Rectified_Signal:26.34,Rectwin_Envelope:18.93,Hanning_Envelope:18.83
Rectified_Signal:17.31,Rectwin_Envelope:19.16,Hanning_Envelope:18.89
Rectified_Signal:48.59,Rectwin_Envelope:19.47,Hanning_Envelope:18.96
Rectified_Signal:34.52,Rectwin_Envelope:19.61,Hanning_Envelope:19.02
Rectified_Signal:14.50,Rectwin_Envelope:19.87,Hanning_Envelope:19.10
Rectified_Signal:10.47,Rectwin_Envelope:20.03,Hanning_Envelope:19.19
Rectified_Signal:5.51,Rectwin_Envelope:19.73,Hanning_Envelope:19.27
Rectified_Signal:28.46,Rectwin_Envelope:19.84,Hanning_Envelope:19.38
Rectified_Signal:40.46,Rectwin_Envelope:20.21,Hanning_Envelope:19.48
Rectified_Signal:38.39,Rectwin_Envelope:20.01,Hanning_Envelope:19.59
Rectified_Signal:1.38,Rectwin_Envelope:19.72,Hanning_Envelope:19.72
Rectified_Signal:6.60,Rectwin_Envelope:19.71,Hanning_Envelope:19.85
Rectified_Signal:6.38,Rectwin_Envelope:19.40,Hanning_Envelope:19.98
Rectified_Signal:0.62,Rectwin_Envelope:19.31,Hanning_Envelope:20.10
Rectified_Signal:15.35,Rectwin_Envelope:19.52,Hanning_Envelope:20.21
Rectified_Signal:16.32,Rectwin_Envelope:19.75,Hanning_Envelope:20.30
Rectified_Signal:19.64,Rectwin_Envelope:19.76,Hanning_Envelope:20.38
Rectified_Signal:23.59,Rectwin_Envelope:19.93,Hanning_Envelope:20.44
Rectified_Signal:40.33,Rectwin_Envelope:19.78,Hanning_Envelope:20.50
Rectified_Signal:36.25,Rectwin_Envelope:19.87,Hanning_Envelope:20.55
Rectified_Signal:1.74,Rectwin_Envelope:19.87,Hanning_Envelope:20.59
Rectified_Signal:33.19,Rectwin_Envelope:19.93,Hanning_Envelope:20.62
Rectified_Signal:18.77,Rectwin_Envelope:20.21,Hanning_Envelope:20.64
Rectified_Signal:6.76,Rectwin_Envelope:20.14,Hanning_Envelope:20.65
Rectified_Signal:16.21,Rectwin_Envelope:20.09,Hanning_Envelope:20.65
Rectified_Signal:29.15,Rectwin_Envelope:20.23,Hanning_Envelope:20.64
Rectified_Signal:10.83,Rectwin_Envelope:19.63,Hanning_Envelope:20.62
Rectified_Signal:1.82,Rectwin_Envelope:19.29,Hanning_Envelope:20.60
Rectified_Signal:4.17,Rectwin_Envelope:19.23,Hanning_Envelope:20.56
Rectified_Signal:4.16,Rectwin_Envelope:19.13,Hanning_Envelope:20.50
Rectified_Signal:16.80,Rectwin_Envelope:19.16,Hanning_Envelope:20.42
Rectified_Signal:4.80,Rectwin_Envelope:19.06,Hanning_Envelope:20.31
Rectified_Signal:22.16,Rectwin_Envelope:18.81,Hanning_Envelope:20.18
Rectified_Signal:13.81,Rectwin_Envelope:18.48,Hanning_Envelope:20.04
Rectified_Signal:18.77,Rectwin_Envelope:18.53,Hanning_Envelope:19.88
Rectified_Signal:46.13,Rectwin_Envelope:18.92,Hanning_Envelope:19.70
Rectified_Signal:25.08,Rectwin_Envelope:19.06,Hanning_Envelope:19.51
Rectified_Signal:5.90,Rectwin_Envelope:19.13,Hanning_Envelope:19.31
Rectified_Signal:3.90,Rectwin_Envelope:18.93,Hanning_Envelope:19.10
Rectified_Signal:2.89,Rectwin_Envelope:18.32,Hanning_Envelope:18.89
Rectified_Signal:14.86,Rectwin_Envelope:18.30,Hanning_Envelope:18.68
Rectified_Signal:21.10,Rectwin_Envelope:17.90,Hanning_Envelope:18.46
Rectified_Signal:44.01,Rectwin_Envelope:18.35,Hanning_Envelope:18.24
Rectified_Signal:5.98,Rectwin_Envelope:18.14,Hanning_Envelope:18.02
Rectified_Signal:5.97,Rectwin_Envelope:18.04,Hanning_Envelope:17.81
Rectified_Signal:18.00,Rectwin_Envelope:18.10,Hanning_Envelope:17.60
Rectified_Signal:14.97,Rectwin_Envelope:18.34,Hanning_Envelope:17.40
Rectified_Signal:12.94,Rectwin_Envelope:18.32,Hanning_Envelope:17.20
Rectified_Signal:14.91,Rectwin_Envelope:18.05,Hanning_Envelope:17.02
Rectified_Signal:13.06,Rectwin_Envelope:17.68,Hanning_Envelope:16.85
Rectified_Signal:8.05,Rectwin_Envelope:17.31,Hanning_Envelope:16.71
Rectified_Signal:31.89,Rectwin_Envelope:17.60,Hanning_Envelope:16.59
Rectified_Signal:33.82,Rectwin_Envelope:17.31,Hanning_Envelope:16.47
Rectified_Signal:37.75,Rectwin_Envelope:17.37,Hanning_Envelope:16.38
Rectified_Signal:2.25,Rectwin_Envelope:17.13,Hanning_Envelope:16.30
Rectified_Signal:14.72,Rectwin_Envelope:17.21,Hanning_Envelope:16.25
Rectified_Signal:34.21,Rectwin_Envelope:17.79,Hanning_Envelope:16.21
Rectified_Signal:27.15,Rectwin_Envelope:17.76,Hanning_Envelope:16.18
Rectified_Signal:31.78,Rectwin_Envelope:17.59,Hanning_Envelope:16.18
Rectified_Signal:31.72,Rectwin_Envelope:17.45,Hanning_Envelope:16.20
Rectified_Signal:13.25,Rectwin_Envelope:17.69,Hanning_Envelope:16.26
Rectified_Signal:7.73,Rectwin_Envelope:17.71,Hanning_Envelope:16.33
Rectified_Signal:3.72,Rectwin_Envelope:17.66,Hanning_Envelope:16.42
Rectified_Signal:0.72,Rectwin_Envelope:17.66,Hanning_Envelope:16.52
Rectified_Signal:10.70,Rectwin_Envelope:17.57,Hanning_Envelope:16.64
Rectified_Signal:23.65,Rectwin_Envelope:17.72,Hanning_Envelope:16.77
Rectified_Signal:17.31,Rectwin_Envelope:17.67,Hanning_Envelope:16.91
Rectified_Signal:15.28,Rectwin_Envelope:17.50,Hanning_Envelope:17.07
Rectified_Signal:25.67,Rectwin_Envelope:17.21,Hanning_Envelope:17.23
Rectified_Signal:19.63,Rectwin_Envelope:16.88,Hanning_Envelope:17.40
Rectified_Signal:4.36,Rectwin_Envelope:16.93,Hanning_Envelope:17.57
Rectified_Signal:14.61,Rectwin_Envelope:16.56,Hanning_Envelope:17.73
Rectified_Signal:18.36,Rectwin_Envelope:16.55,Hanning_Envelope:17.88
Rectified_Signal:18.32,Rectwin_Envelope:16.78,Hanning_Envelope:18.01
Rectified_Signal:23.63,Rectwin_Envelope:16.93,Hanning_Envelope:18.12
Rectified_Signal:40.55,Rectwin_Envelope:17.16,Hanning_Envelope:18.21
Rectified_Signal:4.44,Rectwin_Envelope:17.03,Hanning_Envelope:18.27
Rectified_Signal:13.41,Rectwin_Envelope:17.26,Hanning_Envelope:18.33
Rectified_Signal:15.56,Rectwin_Envelope:17.49,Hanning_Envelope:18.36
Rectified_Signal:11.42,Rectwin_Envelope:17.63,Hanning_Envelope:18.38
Rectified_Signal:13.39,Rectwin_Envelope:17.57,Hanning_Envelope:18.37
Rectified_Signal:1.60,Rectwin_Envelope:17.50,Hanning_Envelope:18.36
Rectified_Signal:4.59,Rectwin_Envelope:17.15,Hanning_Envelope:18.32
Rectified_Signal:23.36,Rectwin_Envelope:17.34,Hanning_Envelope:18.28
Rectified_Signal:17.32,Rectwin_Envelope:17.31,Hanning_Envelope:18.22
Rectified_Signal:35.60,Rectwin_Envelope:17.10,Hanning_Envelope:18.14
Rectified_Signal:14.58,Rectwin_Envelope:16.89,Hanning_Envelope:18.05
Rectified_Signal:10.40,Rectwin_Envelope:16.98,Hanning_Envelope:17.96
Rectified_Signal:3.59,Rectwin_Envelope:16.98,Hanning_Envelope:17.84
Rectified_Signal:27.36,Rectwin_Envelope:17.47,Hanning_Envelope:17.72
Rectified_Signal:24.31,Rectwin_Envelope:17.65,Hanning_Envelope:17.58
Rectified_Signal:33.63,Rectwin_Envelope:17.90,Hanning_Envelope:17.43
Rectified_Signal:21.58,Rectwin_Envelope:17.46,Hanning_Envelope:17.29
Rectified_Signal:12.39,Rectwin_Envelope:17.58,Hanning_Envelope:17.17
Rectified_Signal:27.34,Rectwin_Envelope:18.01,Hanning_Envelope:17.05
Rectified_Signal:19.62,Rectwin_Envelope:18.04,Hanning_Envelope:16.93
Rectified_Signal:5.61,Rectwin_Envelope:17.86,Hanning_Envelope:16.83
Rectified_Signal:16.58,Rectwin_Envelope:17.93,Hanning_Envelope:16.76
Rectified_Signal:26.53,Rectwin_Envelope:18.16,Hanning_Envelope:16.69
Rectified_Signal:17.44,Rectwin_Envelope:18.25,Hanning_Envelope:16.64
Rectified_Signal:22.39,Rectwin_Envelope:18.54,Hanning_Envelope:16.62
Rectified_Signal:24.56,Rectwin_Envelope:18.39,Hanning_Envelope:16.62
Rectified_Signal:25.51,Rectwin_Envelope:18.22,Hanning_Envelope:16.65
Rectified_Signal:23.45,Rectwin_Envelope:17.94,Hanning_Envelope:16.71
Rectified_Signal:9.53,Rectwin_Envelope:18.08,Hanning_Envelope:16.80
Rectified_Signal:28.41,Rectwin_Envelope:18.36,Hanning_Envelope:16.90
Rectified_Signal:11.39,Rectwin_Envelope:17.90,Hanning_Envelope:17.02
Rectified_Signal:33.55,Rectwin_Envelope:18.03,Hanning_Envelope:17.16
Rectified_Signal:30.49,Rectwin_Envelope:18.00,Hanning_Envelope:17.32
Rectified_Signal:16.48,Rectwin_Envelope:17.70,Hanning_Envelope:17.48
Rectified_Signal:4.47,Rectwin_Envelope:17.52,Hanning_Envelope:17.67
Rectified_Signal:1.47,Rectwin_Envelope:17.40,Hanning_Envelope:17.85
Rectified_Signal:4.52,Rectwin_Envelope:17.41,Hanning_Envelope:18.02
Rectified_Signal:4.47,Rectwin_Envelope:17.49,Hanning_Envelope:18.18
Rectified_Signal:5.46,Rectwin_Envelope:17.38,Hanning_Envelope:18.32
Rectified_Signal:3.54,Rectwin_Envelope:16.98,Hanning_Envelope:18.45
Rectified_Signal:26.41,Rectwin_Envelope:17.16,Hanning_Envelope:18.56
Rectified_Signal:15.38,Rectwin_Envelope:17.16,Hanning_Envelope:18.64
Rectified_Signal:19.58,Rectwin_Envelope:17.04,Hanning_Envelope:18.71
Rectified_Signal:39.50,Rectwin_Envelope:17.44,Hanning_Envelope:18.75
Rectified_Signal:3.49,Rectwin_Envelope:17.42,Hanning_Envelope:18.77
Rectified_Signal:1.51,Rectwin_Envelope:17.16,Hanning_Envelope:18.76
Rectified_Signal:6.48,Rectwin_Envelope:16.92,Hanning_Envelope:18.73
Rectified_Signal:2.51,Rectwin_Envelope:16.61,Hanning_Envelope:18.68
Rectified_Signal:39.43,Rectwin_Envelope:16.92,Hanning_Envelope:18.60
Rectified_Signal:27.38,Rectwin_Envelope:16.66,Hanning_Envelope:18.49
Rectified_Signal:26.57,Rectwin_Envelope:17.10,Hanning_Envelope:18.37
Rectified_Signal:17.53,Rectwin_Envelope:17.19,Hanning_Envelope:18.21
Rectified_Signal:22.42,Rectwin_Envelope:17.32,Hanning_Envelope:18.04
Rectified_Signal:14.40,Rectwin_Envelope:17.38,Hanning_Envelope:17.86
Rectified_Signal:7.38,Rectwin_Envelope:17.26,Hanning_Envelope:17.67
Rectified_Signal:18.34,Rectwin_Envelope:17.60,Hanning_Envelope:17.48
Rectified_Signal:11.63,Rectwin_Envelope:17.74,Hanning_Envelope:17.27
Rectified_Signal:19.59,Rectwin_Envelope:17.66,Hanning_Envelope:17.07
Rectified_Signal:43.32,Rectwin_Envelope:18.18,Hanning_Envelope:16.89
Rectified_Signal:41.24,Rectwin_Envelope:18.29,Hanning_Envelope:16.71
Rectified_Signal:28.18,Rectwin_Envelope:18.57,Hanning_Envelope:16.56
Rectified_Signal:0.18,Rectwin_Envelope:18.36,Hanning_Envelope:16.44
Rectified_Signal:23.13,Rectwin_Envelope:18.75,Hanning_Envelope:16.35
Rectified_Signal:16.83,Rectwin_Envelope:18.54,Hanning_Envelope:16.29
Rectified_Signal:11.81,Rectwin_Envelope:18.29,Hanning_Envelope:16.26
Rectified_Signal:31.13,Rectwin_Envelope:18.24,Hanning_Envelope:16.28
Rectified_Signal:58.01,Rectwin_Envelope:18.97,Hanning_Envelope:16.32
Rectified_Signal:17.95,Rectwin_Envelope:19.08,Hanning_Envelope:16.40
Rectified_Signal:12.92,Rectwin_Envelope:18.79,Hanning_Envelope:16.52
Rectified_Signal:11.05,Rectwin_Envelope:18.62,Hanning_Envelope:16.68
Rectified_Signal:2.05,Rectwin_Envelope:18.55,Hanning_Envelope:16.87
Rectified_Signal:3.04,Rectwin_Envelope:18.28,Hanning_Envelope:17.08
Rectified_Signal:19.01,Rectwin_Envelope:18.13,Hanning_Envelope:17.31
Rectified_Signal:17.96,Rectwin_Envelope:18.14,Hanning_Envelope:17.56
Rectified_Signal:6.94,Rectwin_Envelope:17.83,Hanning_Envelope:17.81
Rectified_Signal:30.99,Rectwin_Envelope:17.96,Hanning_Envelope:18.07
Rectified_Signal:38.92,Rectwin_Envelope:18.23,Hanning_Envelope:18.33
Rectified_Signal:17.05,Rectwin_Envelope:18.10,Hanning_Envelope:18.59
Rectified_Signal:6.94,Rectwin_Envelope:18.05,Hanning_Envelope:18.84
Rectified_Signal:18.03,Rectwin_Envelope:17.84,Hanning_Envelope:19.08
Rectified_Signal:1.03,Rectwin_Envelope:17.63,Hanning_Envelope:19.30
Rectified_Signal:21.93,Rectwin_Envelope:17.40,Hanning_Envelope:19.50
Rectified_Signal:28.87,Rectwin_Envelope:17.37,Hanning_Envelope:19.67
Rectified_Signal:20.09,Rectwin_Envelope:17.44,Hanning_Envelope:19.82
Rectified_Signal:24.04,Rectwin_Envelope:17.83,Hanning_Envelope:19.92
Rectified_Signal:23.91,Rectwin_Envelope:18.28,Hanning_Envelope:19.99
Rectified_Signal:2.08,Rectwin_Envelope:18.23,Hanning_Envelope:20.03
Rectified_Signal:4.91,Rectwin_Envelope:18.24,Hanning_Envelope:20.03
Rectified_Signal:2.90,Rectwin_Envelope:18.19,Hanning_Envelope:20.00
Rectified_Signal:20.86,Rectwin_Envelope:18.54,Hanning_Envelope:19.95
Rectified_Signal:18.10,Rectwin_Envelope:18.37,Hanning_Envelope:19.86
Rectified_Signal:7.09,Rectwin_Envelope:18.21,Hanning_Envelope:19.75
Rectified_Signal:36.84,Rectwin_Envelope:18.55,Hanning_Envelope:19.63
Rectified_Signal:16.80,Rectwin_Envelope:18.10,Hanning_Envelope:19.47
Rectified_Signal:13.78,Rectwin_Envelope:18.30,Hanning_Envelope:19.31
Rectified_Signal:6.21,Rectwin_Envelope:18.40,Hanning_Envelope:19.13
Rectified_Signal:24.16,Rectwin_Envelope:18.75,Hanning_Envelope:18.94
Rectified_Signal:5.15,Rectwin_Envelope:18.80,Hanning_Envelope:18.73
Rectified_Signal:19.81,Rectwin_Envelope:18.41,Hanning_Envelope:18.52
Rectified_Signal:38.73,Rectwin_Envelope:18.64,Hanning_Envelope:18.32
Rectified_Signal:2.27,Rectwin_Envelope:18.15,Hanning_Envelope:18.11
Rectified_Signal:6.25,Rectwin_Envelope:17.93,Hanning_Envelope:17.92
Rectified_Signal:26.69,Rectwin_Envelope:18.01,Hanning_Envelope:17.73
Rectified_Signal:3.30,Rectwin_Envelope:17.79,Hanning_Envelope:17.55
Rectified_Signal:13.67,Rectwin_Envelope:17.91,Hanning_Envelope:17.37
Rectified_Signal:10.65,Rectwin_Envelope:17.76,Hanning_Envelope:17.19
Rectified_Signal:29.29,Rectwin_Envelope:18.11,Hanning_Envelope:17.03
Rectified_Signal:8.27,Rectwin_Envelope:17.89,Hanning_Envelope:16.87
Rectified_Signal:23.68,Rectwin_Envelope:17.49,Hanning_Envelope:16.73
Rectified_Signal:45.59,Rectwin_Envelope:17.58,Hanning_Envelope:16.62
Rectified_Signal:1.41,Rectwin_Envelope:17.05,Hanning_Envelope:16.52
Rectified_Signal:6.58,Rectwin_Envelope:17.17,Hanning_Envelope:16.44
Rectified_Signal:13.55,Rectwin_Envelope:16.98,Hanning_Envelope:16.37
Rectified_Signal:31.39,Rectwin_Envelope:17.27,Hanning_Envelope:16.31
Rectified_Signal:17.35,Rectwin_Envelope:17.38,Hanning_Envelope:16.26
Rectified_Signal:30.59,Rectwin_Envelope:17.37,Hanning_Envelope:16.23
Rectified_Signal:38.51,Rectwin_Envelope:16.98,Hanning_Envelope:16.21
Rectified_Signal:2.48,Rectwin_Envelope:16.67,Hanning_Envelope:16.22
Rectified_Signal:4.51,Rectwin_Envelope:16.51,Hanning_Envelope:16.24
Rectified_Signal:6.49,Rectwin_Envelope:16.41,Hanning_Envelope:16.27
Rectified_Signal:4.50,Rectwin_Envelope:16.46,Hanning_Envelope:16.30
Rectified_Signal:13.48,Rectwin_Envelope:16.67,Hanning_Envelope:16.33
Rectified_Signal:18.44,Rectwin_Envelope:16.66,Hanning_Envelope:16.36
Rectified_Signal:21.52,Rectwin_Envelope:16.73,Hanning_Envelope:16.39
Rectified_Signal:12.49,Rectwin_Envelope:16.84,Hanning_Envelope:16.43
Rectified_Signal:43.42,Rectwin_Envelope:17.09,Hanning_Envelope:16.47
Rectified_Signal:31.36,Rectwin_Envelope:16.94,Hanning_Envelope:16.52
Rectified_Signal:29.58,Rectwin_Envelope:17.19,Hanning_Envelope:16.58
Rectified_Signal:3.57,Rectwin_Envelope:17.12,Hanning_Envelope:16.65
Rectified_Signal:15.54,Rectwin_Envelope:17.07,Hanning_Envelope:16.73
Rectified_Signal:13.52,Rectwin_Envelope:17.32,Hanning_Envelope:16.82
Rectified_Signal:14.46,Rectwin_Envelope:17.17,Hanning_Envelope:16.90
Rectified_Signal:30.39,Rectwin_Envelope:17.21,Hanning_Envelope:16.99
Rectified_Signal:5.59,Rectwin_Envelope:16.92,Hanning_Envelope:17.09
Rectified_Signal:6.58,Rectwin_Envelope:16.57,Hanning_Envelope:17.18
Rectified_Signal:13.39,Rectwin_Envelope:16.36,Hanning_Envelope:17.28
Rectified_Signal:11.37,Rectwin_Envelope:16.54,Hanning_Envelope:17.36
Rectified_Signal:0.63,Rectwin_Envelope:16.46,Hanning_Envelope:17.43
Rectified_Signal:13.34,Rectwin_Envelope:16.66,Hanning_Envelope:17.48
Rectified_Signal:20.30,Rectwin_Envelope:16.65,Hanning_Envelope:17.51
Rectified_Signal:20.65,Rectwin_Envelope:16.70,Hanning_Envelope:17.52
Rectified_Signal:2.65,Rectwin_Envelope:16.62,Hanning_Envelope:17.53
Rectified_Signal:35.28,Rectwin_Envelope:16.58,Hanning_Envelope:17.52
Rectified_Signal:24.23,Rectwin_Envelope:16.73,Hanning_Envelope:17.50
Rectified_Signal:7.75,Rectwin_Envelope:16.61,Hanning_Envelope:17.47
Rectified_Signal:19.21,Rectwin_Envelope:16.87,Hanning_Envelope:17.43
Rectified_Signal:7.78,Rectwin_Envelope:16.55,Hanning_Envelope:17.37
Rectified_Signal:0.77,Rectwin_Envelope:16.46,Hanning_Envelope:17.30
Rectified_Signal:28.17,Rectwin_Envelope:16.62,Hanning_Envelope:17.22
Rectified_Signal:47.08,Rectwin_Envelope:16.79,Hanning_Envelope:17.13
Rectified_Signal:6.06,Rectwin_Envelope:16.87,Hanning_Envelope:17.04
Rectified_Signal:13.04,Rectwin_Envelope:17.00,Hanning_Envelope:16.94
Rectified_Signal:8.02,Rectwin_Envelope:16.63,Hanning_Envelope:16.84
Rectified_Signal:13.00,Rectwin_Envelope:16.82,Hanning_Envelope:16.74
Rectified_Signal:27.94,Rectwin_Envelope:17.11,Hanning_Envelope:16.65
Rectified_Signal:18.90,Rectwin_Envelope:17.27,Hanning_Envelope:16.55
Rectified_Signal:29.04,Rectwin_Envelope:17.27,Hanning_Envelope:16.45
Rectified_Signal:6.03,Rectwin_Envelope:17.22,Hanning_Envelope:16.38
Rectified_Signal:30.91,Rectwin_Envelope:17.37,Hanning_Envelope:16.32
Rectified_Signal:18.87,Rectwin_Envelope:16.83,Hanning_Envelope:16.26
Rectified_Signal:4.12,Rectwin_Envelope:16.89,Hanning_Envelope:16.24
Rectified_Signal:2.11,Rectwin_Envelope:16.80,Hanning_Envelope:16.22
Rectified_Signal:20.07,Rectwin_Envelope:16.93,Hanning_Envelope:16.20
Rectified_Signal:24.03,Rectwin_Envelope:16.78,Hanning_Envelope:16.20
Rectified_Signal:12.95,Rectwin_Envelope:16.69,Hanning_Envelope:16.20
Rectified_Signal:39.87,Rectwin_Envelope:16.88,Hanning_Envelope:16.22
Rectified_Signal:22.82,Rectwin_Envelope:16.57,Hanning_Envelope:16.25
Rectified_Signal:13.15,Rectwin_Envelope:16.78,Hanning_Envelope:16.29
Rectified_Signal:3.14,Rectwin_Envelope:16.75,Hanning_Envelope:16.33
Rectified_Signal:3.14,Rectwin_Envelope:16.69,Hanning_Envelope:16.38
Rectified_Signal:17.10,Rectwin_Envelope:16.94,Hanning_Envelope:16.44
Rectified_Signal:18.07,Rectwin_Envelope:17.03,Hanning_Envelope:16.49
Rectified_Signal:9.91,Rectwin_Envelope:16.86,Hanning_Envelope:16.55
Rectified_Signal:1.91,Rectwin_Envelope:16.47,Hanning_Envelope:16.61
Rectified_Signal:12.88,Rectwin_Envelope:16.47,Hanning_Envelope:16.68
Rectified_Signal:44.79,Rectwin_Envelope:16.50,Hanning_Envelope:16.74
Rectified_Signal:24.74,Rectwin_Envelope:16.37,Hanning_Envelope:16.80
Rectified_Signal:16.22,Rectwin_Envelope:16.10,Hanning_Envelope:16.86
Rectified_Signal:3.22,Rectwin_Envelope:16.10,Hanning_Envelope:16.92
Rectified_Signal:48.12,Rectwin_Envelope:16.75,Hanning_Envelope:16.97
Rectified_Signal:9.10,Rectwin_Envelope:16.66,Hanning_Envelope:17.00
Rectified_Signal:22.85,Rectwin_Envelope:16.83,Hanning_Envelope:17.04
Rectified_Signal:39.77,Rectwin_Envelope:17.01,Hanning_Envelope:17.06
Rectified_Signal:3.22,Rectwin_Envelope:16.97,Hanning_Envelope:17.08
Rectified_Signal:0.22,Rectwin_Envelope:16.84,Hanning_Envelope:17.11
Rectified_Signal:12.76,Rectwin_Envelope:16.83,Hanning_Envelope:17.12
Rectified_Signal:5.23,Rectwin_Envelope:16.70,Hanning_Envelope:17.13
Rectified_Signal:12.74,Rectwin_Envelope:16.95,Hanning_Envelope:17.14
Rectified_Signal:21.70,Rectwin_Envelope:17.11,Hanning_Envelope:17.14
Rectified_Signal:10.28,Rectwin_Envelope:16.91,Hanning_Envelope:17.12
Rectified_Signal:3.28,Rectwin_Envelope:16.57,Hanning_Envelope:17.11
Rectified_Signal:3.27,Rectwin_Envelope:16.58,Hanning_Envelope:17.10
Rectified_Signal:29.67,Rectwin_Envelope:16.47,Hanning_Envelope:17.07
Rectified_Signal:17.64,Rectwin_Envelope:16.33,Hanning_Envelope:17.04
Rectified_Signal:3.63,Rectwin_Envelope:16.25,Hanning_Envelope:17.00
Rectified_Signal:15.60,Rectwin_Envelope:16.18,Hanning_Envelope:16.95
Rectified_Signal:12.38,Rectwin_Envelope:16.27,Hanning_Envelope:16.89
Rectified_Signal:20.34,Rectwin_Envelope:16.66,Hanning_Envelope:16.82
Rectified_Signal:21.62,Rectwin_Envelope:16.53,Hanning_Envelope:16.74
Rectified_Signal:25.57,Rectwin_Envelope:16.10,Hanning_Envelope:16.65
Rectified_Signal:18.39,Rectwin_Envelope:16.35,Hanning_Envelope:16.58
Rectified_Signal:12.37,Rectwin_Envelope:16.33,Hanning_Envelope:16.49
Rectified_Signal:5.62,Rectwin_Envelope:16.29,Hanning_Envelope:16.40
Rectified_Signal:16.35,Rectwin_Envelope:16.35,Hanning_Envelope:16.31
Rectified_Signal:5.64,Rectwin_Envelope:15.91,Hanning_Envelope:16.21
Rectified_Signal:0.64,Rectwin_Envelope:15.54,Hanning_Envelope:16.12
Rectified_Signal:19.32,Rectwin_Envelope:15.35,Hanning_Envelope:16.02
Rectified_Signal:19.28,Rectwin_Envelope:15.61,Hanning_Envelope:15.92
Rectified_Signal:23.67,Rectwin_Envelope:15.47,Hanning_Envelope:15.81
Rectified_Signal:20.63,Rectwin_Envelope:15.50,Hanning_Envelope:15.70
Rectified_Signal:4.36,Rectwin_Envelope:15.51,Hanning_Envelope:15.58
Rectified_Signal:27.58,Rectwin_Envelope:16.02,Hanning_Envelope:15.47
Rectified_Signal:10.40,Rectwin_Envelope:15.82,Hanning_Envelope:15.35
Rectified_Signal:13.37,Rectwin_Envelope:15.61,Hanning_Envelope:15.24
Rectified_Signal:22.59,Rectwin_Envelope:15.80,Hanning_Envelope:15.15
Rectified_Signal:45.50,Rectwin_Envelope:15.92,Hanning_Envelope:15.06
Rectified_Signal:22.46,Rectwin_Envelope:15.91,Hanning_Envelope:14.98
Rectified_Signal:10.44,Rectwin_Envelope:15.85,Hanning_Envelope:14.93
Rectified_Signal:12.54,Rectwin_Envelope:16.04,Hanning_Envelope:14.89
Rectified_Signal:6.52,Rectwin_Envelope:16.11,Hanning_Envelope:14.86
Rectified_Signal:1.47,Rectwin_Envelope:15.80,Hanning_Envelope:14.85
Rectified_Signal:10.51,Rectwin_Envelope:15.65,Hanning_Envelope:14.85
Rectified_Signal:12.48,Rectwin_Envelope:15.70,Hanning_Envelope:14.87
Rectified_Signal:10.50,Rectwin_Envelope:15.87,Hanning_Envelope:14.90
Rectified_Signal:18.46,Rectwin_Envelope:15.98,Hanning_Envelope:14.94
Rectified_Signal:37.46,Rectwin_Envelope:15.83,Hanning_Envelope:14.99
Rectified_Signal:27.41,Rectwin_Envelope:15.89,Hanning_Envelope:15.06
Rectified_Signal:0.41,Rectwin_Envelope:15.57,Hanning_Envelope:15.14
Rectified_Signal:2.40,Rectwin_Envelope:15.55,Hanning_Envelope:15.24
Rectified_Signal:20.56,Rectwin_Envelope:15.00,Hanning_Envelope:15.34
Rectified_Signal:19.52,Rectwin_Envelope:15.21,Hanning_Envelope:15.45
Rectified_Signal:30.42,Rectwin_Envelope:15.36,Hanning_Envelope:15.55
Rectified_Signal:28.37,Rectwin_Envelope:15.14,Hanning_Envelope:15.64
Rectified_Signal:21.59,Rectwin_Envelope:15.50,Hanning_Envelope:15.74
Rectified_Signal:17.55,Rectwin_Envelope:15.85,Hanning_Envelope:15.84
Rectified_Signal:2.44,Rectwin_Envelope:15.64,Hanning_Envelope:15.92
Rectified_Signal:1.44,Rectwin_Envelope:15.57,Hanning_Envelope:16.00
Rectified_Signal:9.42,Rectwin_Envelope:15.50,Hanning_Envelope:16.07
Rectified_Signal:25.37,Rectwin_Envelope:15.57,Hanning_Envelope:16.13
Rectified_Signal:19.59,Rectwin_Envelope:15.76,Hanning_Envelope:16.19
Rectified_Signal:1.40,Rectwin_Envelope:15.72,Hanning_Envelope:16.23
Rectified_Signal:25.35,Rectwin_Envelope:16.16,Hanning_Envelope:16.27
Rectified_Signal:22.31,Rectwin_Envelope:16.02,Hanning_Envelope:16.30
Rectified_Signal:2.69,Rectwin_Envelope:15.72,Hanning_Envelope:16.32
Rectified_Signal:7.30,Rectwin_Envelope:15.79,Hanning_Envelope:16.34
Rectified_Signal:1.30,Rectwin_Envelope:15.51,Hanning_Envelope:16.35
Rectified_Signal:28.64,Rectwin_Envelope:15.83,Hanning_Envelope:16.35
Rectified_Signal:19.61,Rectwin_Envelope:15.82,Hanning_Envelope:16.33
Rectified_Signal:26.34,Rectwin_Envelope:15.91,Hanning_Envelope:16.31
Rectified_Signal:34.27,Rectwin_Envelope:16.08,Hanning_Envelope:16.28
Rectified_Signal:22.68,Rectwin_Envelope:16.17,Hanning_Envelope:16.26
Rectified_Signal:19.64,Rectwin_Envelope:16.32,Hanning_Envelope:16.23
Rectified_Signal:14.33,Rectwin_Envelope:16.49,Hanning_Envelope:16.20
Rectified_Signal:12.31,Rectwin_Envelope:16.41,Hanning_Envelope:16.17
Rectified_Signal:7.29,Rectwin_Envelope:16.44,Hanning_Envelope:16.14
Rectified_Signal:22.25,Rectwin_Envelope:16.87,Hanning_Envelope:16.12
Rectified_Signal:19.71,Rectwin_Envelope:16.88,Hanning_Envelope:16.10
Rectified_Signal:6.70,Rectwin_Envelope:16.63,Hanning_Envelope:16.09
Rectified_Signal:29.24,Rectwin_Envelope:16.74,Hanning_Envelope:16.10
Rectified_Signal:26.19,Rectwin_Envelope:16.85,Hanning_Envelope:16.11
Rectified_Signal:8.79,Rectwin_Envelope:16.94,Hanning_Envelope:16.13
Rectified_Signal:12.18,Rectwin_Envelope:16.63,Hanning_Envelope:16.16
Rectified_Signal:22.77,Rectwin_Envelope:16.88,Hanning_Envelope:16.21
Rectified_Signal:19.73,Rectwin_Envelope:17.01,Hanning_Envelope:16.26
Rectified_Signal:44.18,Rectwin_Envelope:17.44,Hanning_Envelope:16.33
Rectified_Signal:42.09,Rectwin_Envelope:17.37,Hanning_Envelope:16.40
Rectified_Signal:5.89,Rectwin_Envelope:17.04,Hanning_Envelope:16.49
Rectified_Signal:12.08,Rectwin_Envelope:17.07,Hanning_Envelope:16.61
Rectified_Signal:1.08,Rectwin_Envelope:16.85,Hanning_Envelope:16.72
Rectified_Signal:12.89,Rectwin_Envelope:16.97,Hanning_Envelope:16.85
Rectified_Signal:3.10,Rectwin_Envelope:17.01,Hanning_Envelope:16.96
Rectified_Signal:11.08,Rectwin_Envelope:17.02,Hanning_Envelope:17.08
Rectified_Signal:10.06,Rectwin_Envelope:16.97,Hanning_Envelope:17.19
Rectified_Signal:7.04,Rectwin_Envelope:16.90,Hanning_Envelope:17.30
Rectified_Signal:13.93,Rectwin_Envelope:16.81,Hanning_Envelope:17.40
Rectified_Signal:25.02,Rectwin_Envelope:16.56,Hanning_Envelope:17.48
Rectified_Signal:23.97,Rectwin_Envelope:16.49,Hanning_Envelope:17.57
Rectified_Signal:3.97,Rectwin_Envelope:16.56,Hanning_Envelope:17.64
Rectified_Signal:0.96,Rectwin_Envelope:16.53,Hanning_Envelope:17.69
Rectified_Signal:29.98,Rectwin_Envelope:16.72,Hanning_Envelope:17.72
Rectified_Signal:10.95,Rectwin_Envelope:16.55,Hanning_Envelope:17.73
Rectified_Signal:22.00,Rectwin_Envelope:16.38,Hanning_Envelope:17.73
Rectified_Signal:41.92,Rectwin_Envelope:16.65,Hanning_Envelope:17.71
Rectified_Signal:22.04,Rectwin_Envelope:16.66,Hanning_Envelope:17.68
Rectified_Signal:3.03,Rectwin_Envelope:16.37,Hanning_Envelope:17.63
Rectified_Signal:11.95,Rectwin_Envelope:16.56,Hanning_Envelope:17.57
Rectified_Signal:11.03,Rectwin_Envelope:16.75,Hanning_Envelope:17.49
Rectified_Signal:15.94,Rectwin_Envelope:16.88,Hanning_Envelope:17.39
Rectified_Signal:12.91,Rectwin_Envelope:16.63,Hanning_Envelope:17.28
Rectified_Signal:8.07,Rectwin_Envelope:16.40,Hanning_Envelope:17.16
Rectified_Signal:20.03,Rectwin_Envelope:16.78,Hanning_Envelope:17.04
Rectified_Signal:43.88,Rectwin_Envelope:17.15,Hanning_Envelope:16.90
Rectified_Signal:21.83,Rectwin_Envelope:17.14,Hanning_Envelope:16.77
Rectified_Signal:7.82,Rectwin_Envelope:17.24,Hanning_Envelope:16.64
Rectified_Signal:4.81,Rectwin_Envelope:17.19,Hanning_Envelope:16.52
Rectified_Signal:6.18,Rectwin_Envelope:17.29,Hanning_Envelope:16.41
Rectified_Signal:13.15,Rectwin_Envelope:16.98,Hanning_Envelope:16.30
Rectified_Signal:16.81,Rectwin_Envelope:16.92,Hanning_Envelope:16.21
Rectified_Signal:46.72,Rectwin_Envelope:17.33,Hanning_Envelope:16.13
Rectified_Signal:45.63,Rectwin_Envelope:17.56,Hanning_Envelope:16.07
Rectified_Signal:4.36,Rectwin_Envelope:17.19,Hanning_Envelope:16.03
Rectified_Signal:11.62,Rectwin_Envelope:17.03,Hanning_Envelope:16.01
Rectified_Signal:1.61,Rectwin_Envelope:16.78,Hanning_Envelope:16.02
Rectified_Signal:2.61,Rectwin_Envelope:16.58,Hanning_Envelope:16.04
Rectified_Signal:2.60,Rectwin_Envelope:16.49,Hanning_Envelope:16.06
Rectified_Signal:16.57,Rectwin_Envelope:16.37,Hanning_Envelope:16.09
Rectified_Signal:39.35,Rectwin_Envelope:16.77,Hanning_Envelope:16.13
Rectified_Signal:21.31,Rectwin_Envelope:17.06,Hanning_Envelope:16.18
Rectified_Signal:28.63,Rectwin_Envelope:17.05,Hanning_Envelope:16.23
Rectified_Signal:26.58,Rectwin_Envelope:17.06,Hanning_Envelope:16.30
Rectified_Signal:3.41,Rectwin_Envelope:16.95,Hanning_Envelope:16.38
Rectified_Signal:26.53,Rectwin_Envelope:17.23,Hanning_Envelope:16.47
Rectified_Signal:19.43,Rectwin_Envelope:17.17,Hanning_Envelope:16.57
Rectified_Signal:17.39,Rectwin_Envelope:17.12,Hanning_Envelope:16.67
Rectified_Signal:25.56,Rectwin_Envelope:16.75,Hanning_Envelope:16.79
Rectified_Signal:48.46,Rectwin_Envelope:16.88,Hanning_Envelope:16.92
Rectified_Signal:21.50,Rectwin_Envelope:17.19,Hanning_Envelope:17.05
Rectified_Signal:14.47,Rectwin_Envelope:17.24,Hanning_Envelope:17.18
Rectified_Signal:11.51,Rectwin_Envelope:17.44,Hanning_Envelope:17.31
Rectified_Signal:13.48,Rectwin_Envelope:17.46,Hanning_Envelope:17.43
Rectified_Signal:6.47,Rectwin_Envelope:17.52,Hanning_Envelope:17.56
Rectified_Signal:21.43,Rectwin_Envelope:17.73,Hanning_Envelope:17.68
Rectified_Signal:9.55,Rectwin_Envelope:17.72,Hanning_Envelope:17.79
Rectified_Signal:15.52,Rectwin_Envelope:17.89,Hanning_Envelope:17.91
Rectified_Signal:38.40,Rectwin_Envelope:18.38,Hanning_Envelope:18.02
Rectified_Signal:38.32,Rectwin_Envelope:18.65,Hanning_Envelope:18.12
Rectified_Signal:11.65,Rectwin_Envelope:18.40,Hanning_Envelope:18.24
Rectified_Signal:2.34,Rectwin_Envelope:18.37,Hanning_Envelope:18.36
Rectified_Signal:9.32,Rectwin_Envelope:18.53,Hanning_Envelope:18.48
Rectified_Signal:9.66,Rectwin_Envelope:18.13,Hanning_Envelope:18.59
Rectified_Signal:11.63,Rectwin_Envelope:18.14,Hanning_Envelope:18.70
Rectified_Signal:35.30,Rectwin_Envelope:18.41,Hanning_Envelope:18.81
Rectified_Signal:43.21,Rectwin_Envelope:18.43,Hanning_Envelope:18.90
Rectified_Signal:33.72,Rectwin_Envelope:18.67,Hanning_Envelope:18.99
Rectified_Signal:9.70,Rectwin_Envelope:18.80,Hanning_Envelope:19.08
Rectified_Signal:3.70,Rectwin_Envelope:18.63,Hanning_Envelope:19.15
Rectified_Signal:20.65,Rectwin_Envelope:18.83,Hanning_Envelope:19.23
Rectified_Signal:1.65,Rectwin_Envelope:18.54,Hanning_Envelope:19.28
Rectified_Signal:20.31,Rectwin_Envelope:18.69,Hanning_Envelope:19.34
Rectified_Signal:29.63,Rectwin_Envelope:19.12,Hanning_Envelope:19.38
Rectified_Signal:13.60,Rectwin_Envelope:18.99,Hanning_Envelope:19.40
Rectified_Signal:12.37,Rectwin_Envelope:18.36,Hanning_Envelope:19.42
Rectified_Signal:28.31,Rectwin_Envelope:18.49,Hanning_Envelope:19.44
Rectified_Signal:13.66,Rectwin_Envelope:18.61,Hanning_Envelope:19.44
Rectified_Signal:7.64,Rectwin_Envelope:18.66,Hanning_Envelope:19.43
Rectified_Signal:37.57,Rectwin_Envelope:19.29,Hanning_Envelope:19.41
Rectified_Signal:35.50,Rectwin_Envelope:19.74,Hanning_Envelope:19.37
Rectified_Signal:34.43,Rectwin_Envelope:20.09,Hanning_Envelope:19.33
Rectified_Signal:33.37,Rectwin_Envelope:19.83,Hanning_Envelope:19.29
Rectified_Signal:11.61,Rectwin_Envelope:19.14,Hanning_Envelope:19.27
Rectified_Signal:17.57,Rectwin_Envelope:19.41,Hanning_Envelope:19.28
Rectified_Signal:8.41,Rectwin_Envelope:19.34,Hanning_Envelope:19.27
Rectified_Signal:19.55,Rectwin_Envelope:19.70,Hanning_Envelope:19.27
Rectified_Signal:14.52,Rectwin_Envelope:19.94,Hanning_Envelope:19.26
Rectified_Signal:13.49,Rectwin_Envelope:20.16,Hanning_Envelope:19.26
Rectified_Signal:29.45,Rectwin_Envelope:20.42,Hanning_Envelope:19.26
Rectified_Signal:20.51,Rectwin_Envelope:20.04,Hanning_Envelope:19.27
Rectified_Signal:0.49,Rectwin_Envelope:19.62,Hanning_Envelope:19.30
Rectified_Signal:27.43,Rectwin_Envelope:19.60,Hanning_Envelope:19.35
Rectified_Signal:34.36,Rectwin_Envelope:19.76,Hanning_Envelope:19.40
Rectified_Signal:14.33,Rectwin_Envelope:19.97,Hanning_Envelope:19.46
Rectified_Signal:2.66,Rectwin_Envelope:19.50,Hanning_Envelope:19.52
Rectified_Signal:6.65,Rectwin_Envelope:19.24,Hanning_Envelope:19.58
Rectified_Signal:6.63,Rectwin_Envelope:19.03,Hanning_Envelope:19.64
Rectified_Signal:32.30,Rectwin_Envelope:19.16,Hanning_Envelope:19.70
Rectified_Signal:46.21,Rectwin_Envelope:19.12,Hanning_Envelope:19.74
Rectified_Signal:0.79,Rectwin_Envelope:18.70,Hanning_Envelope:19.78
Rectified_Signal:20.75,Rectwin_Envelope:18.83,Hanning_Envelope:19.81
Rectified_Signal:13.72,Rectwin_Envelope:18.87,Hanning_Envelope:19.83
Rectified_Signal:7.70,Rectwin_Envelope:18.76,Hanning_Envelope:19.83
Rectified_Signal:9.28,Rectwin_Envelope:18.81,Hanning_Envelope:19.81
Rectified_Signal:34.21,Rectwin_Envelope:19.07,Hanning_Envelope:19.78
Rectified_Signal:19.75,Rectwin_Envelope:19.27,Hanning_Envelope:19.73
Rectified_Signal:11.73,Rectwin_Envelope:19.20,Hanning_Envelope:19.67
Rectified_Signal:26.22,Rectwin_Envelope:18.95,Hanning_Envelope:19.60
Rectified_Signal:28.16,Rectwin_Envelope:18.75,Hanning_Envelope:19.52
Rectified_Signal:4.83,Rectwin_Envelope:18.61,Hanning_Envelope:19.44
Rectified_Signal:5.16,Rectwin_Envelope:18.67,Hanning_Envelope:19.36
Rectified_Signal:29.78,Rectwin_Envelope:19.08,Hanning_Envelope:19.26
Rectified_Signal:0.22,Rectwin_Envelope:18.89,Hanning_Envelope:19.14
Rectified_Signal:14.75,Rectwin_Envelope:18.95,Hanning_Envelope:19.03
Rectified_Signal:27.20,Rectwin_Envelope:18.79,Hanning_Envelope:18.90
Rectified_Signal:31.14,Rectwin_Envelope:18.55,Hanning_Envelope:18.78
Rectified_Signal:20.82,Rectwin_Envelope:18.29,Hanning_Envelope:18.67
Rectified_Signal:10.16,Rectwin_Envelope:18.30,Hanning_Envelope:18.55
Rectified_Signal:0.84,Rectwin_Envelope:18.24,Hanning_Envelope:18.44
Rectified_Signal:0.16,Rectwin_Envelope:17.83,Hanning_Envelope:18.31
Rectified_Signal:0.16,Rectwin_Envelope:17.80,Hanning_Envelope:18.19
Rectified_Signal:23.11,Rectwin_Envelope:17.86,Hanning_Envelope:18.05
Rectified_Signal:46.79,Rectwin_Envelope:18.20,Hanning_Envelope:17.91
Rectified_Signal:20.75,Rectwin_Envelope:18.34,Hanning_Envelope:17.77
Rectified_Signal:17.21,Rectwin_Envelope:18.44,Hanning_Envelope:17.64
Rectified_Signal:28.16,Rectwin_Envelope:18.44,Hanning_Envelope:17.52
Rectified_Signal:6.14,Rectwin_Envelope:18.29,Hanning_Envelope:17.42
Rectified_Signal:28.09,Rectwin_Envelope:18.70,Hanning_Envelope:17.33
Rectified_Signal:8.07,Rectwin_Envelope:18.11,Hanning_Envelope:17.25
Rectified_Signal:10.91,Rectwin_Envelope:17.61,Hanning_Envelope:17.19
Rectified_Signal:39.02,Rectwin_Envelope:17.71,Hanning_Envelope:17.16
Rectified_Signal:46.92,Rectwin_Envelope:17.98,Hanning_Envelope:17.13
Rectified_Signal:21.04,Rectwin_Envelope:18.17,Hanning_Envelope:17.12
Rectified_Signal:10.02,Rectwin_Envelope:18.01,Hanning_Envelope:17.12
Rectified_Signal:4.01,Rectwin_Envelope:17.93,Hanning_Envelope:17.14
Rectified_Signal:23.96,Rectwin_Envelope:18.02,Hanning_Envelope:17.17
Rectified_Signal:11.02,Rectwin_Envelope:17.95,Hanning_Envelope:17.21
Rectified_Signal:17.98,Rectwin_Envelope:18.03,Hanning_Envelope:17.26
Rectified_Signal:7.00,Rectwin_Envelope:17.59,Hanning_Envelope:17.32
Rectified_Signal:3.99,Rectwin_Envelope:17.26,Hanning_Envelope:17.39
Rectified_Signal:5.98,Rectwin_Envelope:17.37,Hanning_Envelope:17.46
Rectified_Signal:37.94,Rectwin_Envelope:17.58,Hanning_Envelope:17.53
Rectified_Signal:24.89,Rectwin_Envelope:17.39,Hanning_Envelope:17.59
Rectified_Signal:11.09,Rectwin_Envelope:17.32,Hanning_Envelope:17.66
Rectified_Signal:1.91,Rectwin_Envelope:17.31,Hanning_Envelope:17.73
Rectified_Signal:44.00,Rectwin_Envelope:18.05,Hanning_Envelope:17.79
Rectified_Signal:20.96,Rectwin_Envelope:18.34,Hanning_Envelope:17.84
Rectified_Signal:27.98,Rectwin_Envelope:18.25,Hanning_Envelope:17.89
Rectified_Signal:25.93,Rectwin_Envelope:17.85,Hanning_Envelope:17.95
Rectified_Signal:26.02,Rectwin_Envelope:18.35,Hanning_Envelope:18.02
Rectified_Signal:18.98,Rectwin_Envelope:18.32,Hanning_Envelope:18.09
Rectified_Signal:7.96,Rectwin_Envelope:18.20,Hanning_Envelope:18.16
Rectified_Signal:20.92,Rectwin_Envelope:18.47,Hanning_Envelope:18.24
Rectified_Signal:11.06,Rectwin_Envelope:18.50,Hanning_Envelope:18.31
Rectified_Signal:11.04,Rectwin_Envelope:18.04,Hanning_Envelope:18.37
Rectified_Signal:21.92,Rectwin_Envelope:18.08,Hanning_Envelope:18.45
Rectified_Signal:11.90,Rectwin_Envelope:18.09,Hanning_Envelope:18.52
Rectified_Signal:33.04,Rectwin_Envelope:18.22,Hanning_Envelope:18.58
Rectified_Signal:32.97,Rectwin_Envelope:18.32,Hanning_Envelope:18.63
Rectified_Signal:3.96,Rectwin_Envelope:18.30,Hanning_Envelope:18.69
Rectified_Signal:10.94,Rectwin_Envelope:18.42,Hanning_Envelope:18.73
Rectified_Signal:27.00,Rectwin_Envelope:18.36,Hanning_Envelope:18.77
Rectified_Signal:20.96,Rectwin_Envelope:18.78,Hanning_Envelope:18.80
Rectified_Signal:19.00,Rectwin_Envelope:18.86,Hanning_Envelope:18.82
Rectified_Signal:39.92,Rectwin_Envelope:19.11,Hanning_Envelope:18.85
Rectified_Signal:31.02,Rectwin_Envelope:19.11,Hanning_Envelope:18.87
Rectified_Signal:10.00,Rectwin_Envelope:18.90,Hanning_Envelope:18.90
Rectified_Signal:17.97,Rectwin_Envelope:19.05,Hanning_Envelope:18.94
Rectified_Signal:9.01,Rectwin_Envelope:19.22,Hanning_Envelope:18.97
Rectified_Signal:7.00,Rectwin_Envelope:19.35,Hanning_Envelope:19.00
Rectified_Signal:3.99,Rectwin_Envelope:19.43,Hanning_Envelope:19.04
Rectified_Signal:24.94,Rectwin_Envelope:19.47,Hanning_Envelope:19.07
Rectified_Signal:35.99,Rectwin_Envelope:19.25,Hanning_Envelope:19.10
Rectified_Signal:19.95,Rectwin_Envelope:19.23,Hanning_Envelope:19.14
Rectified_Signal:20.01,Rectwin_Envelope:19.29,Hanning_Envelope:19.19
Rectified_Signal:29.95,Rectwin_Envelope:19.33,Hanning_Envelope:19.24
Rectified_Signal:0.05,Rectwin_Envelope:19.20,Hanning_Envelope:19.30
Rectified_Signal:9.94,Rectwin_Envelope:18.84,Hanning_Envelope:19.34
Rectified_Signal:8.05,Rectwin_Envelope:18.84,Hanning_Envelope:19.39
Rectified_Signal:18.01,Rectwin_Envelope:18.98,Hanning_Envelope:19.43
Rectified_Signal:27.93,Rectwin_Envelope:18.76,Hanning_Envelope:19.45
Rectified_Signal:43.84,Rectwin_Envelope:18.70,Hanning_Envelope:19.47
Rectified_Signal:21.11,Rectwin_Envelope:18.70,Hanning_Envelope:19.49
Rectified_Signal:3.11,Rectwin_Envelope:18.56,Hanning_Envelope:19.50
Rectified_Signal:10.09,Rectwin_Envelope:18.68,Hanning_Envelope:19.49
Rectified_Signal:3.91,Rectwin_Envelope:18.28,Hanning_Envelope:19.47
Rectified_Signal:0.09,Rectwin_Envelope:18.06,Hanning_Envelope:19.43
Rectified_Signal:10.88,Rectwin_Envelope:17.92,Hanning_Envelope:19.37
Rectified_Signal:21.07,Rectwin_Envelope:18.20,Hanning_Envelope:19.29
Rectified_Signal:22.03,Rectwin_Envelope:18.56,Hanning_Envelope:19.19
Rectified_Signal:42.88,Rectwin_Envelope:19.30,Hanning_Envelope:19.08
Rectified_Signal:13.86,Rectwin_Envelope:18.82,Hanning_Envelope:18.95
Rectified_Signal:10.12,Rectwin_Envelope:18.53,Hanning_Envelope:18.83
Rectified_Signal:0.12,Rectwin_Envelope:18.31,Hanning_Envelope:18.71
Rectified_Signal:10.86,Rectwin_Envelope:18.48,Hanning_Envelope:18.59
Rectified_Signal:47.05,Rectwin_Envelope:18.55,Hanning_Envelope:18.46
Rectified_Signal:27.99,Rectwin_Envelope:18.69,Hanning_Envelope:18.33
Rectified_Signal:25.95,Rectwin_Envelope:18.65,Hanning_Envelope:18.21
Rectified_Signal:32.89,Rectwin_Envelope:18.79,Hanning_Envelope:18.10
Rectified_Signal:38.04,Rectwin_Envelope:19.03,Hanning_Envelope:18.00
Rectified_Signal:4.03,Rectwin_Envelope:18.73,Hanning_Envelope:17.91
Rectified_Signal:10.01,Rectwin_Envelope:18.77,Hanning_Envelope:17.85
Rectified_Signal:20.97,Rectwin_Envelope:18.77,Hanning_Envelope:17.79
Rectified_Signal:1.03,Rectwin_Envelope:18.57,Hanning_Envelope:17.75
Rectified_Signal:0.03,Rectwin_Envelope:18.35,Hanning_Envelope:17.72
Rectified_Signal:14.94,Rectwin_Envelope:18.21,Hanning_Envelope:17.70
Rectified_Signal:15.91,Rectwin_Envelope:18.29,Hanning_Envelope:17.69
Rectified_Signal:32.03,Rectwin_Envelope:18.27,Hanning_Envelope:17.69
Rectified_Signal:31.97,Rectwin_Envelope:18.25,Hanning_Envelope:17.69
Rectified_Signal:7.95,Rectwin_Envelope:18.33,Hanning_Envelope:17.71
Rectified_Signal:10.93,Rectwin_Envelope:18.33,Hanning_Envelope:17.74
Rectified_Signal:14.04,Rectwin_Envelope:18.07,Hanning_Envelope:17.77
Rectified_Signal:11.02,Rectwin_Envelope:17.87,Hanning_Envelope:17.82
Rectified_Signal:29.92,Rectwin_Envelope:18.09,Hanning_Envelope:17.86
Rectified_Signal:44.83,Rectwin_Envelope:18.19,Hanning_Envelope:17.91
Rectified_Signal:19.13,Rectwin_Envelope:17.95,Hanning_Envelope:17.96
Rectified_Signal:2.13,Rectwin_Envelope:17.79,Hanning_Envelope:18.02
Rectified_Signal:19.83,Rectwin_Envelope:17.83,Hanning_Envelope:18.08
Rectified_Signal:3.16,Rectwin_Envelope:17.71,Hanning_Envelope:18.13
Rectified_Signal:0.16,Rectwin_Envelope:17.57,Hanning_Envelope:18.18
Rectified_Signal:16.81,Rectwin_Envelope:17.83,Hanning_Envelope:18.22
Rectified_Signal:12.78,Rectwin_Envelope:17.59,Hanning_Envelope:18.24
Rectified_Signal:23.17,Rectwin_Envelope:17.33,Hanning_Envelope:18.26
Rectified_Signal:11.15,Rectwin_Envelope:17.16,Hanning_Envelope:18.26
Rectified_Signal:13.82,Rectwin_Envelope:17.03,Hanning_Envelope:18.26
Rectified_Signal:11.80,Rectwin_Envelope:16.67,Hanning_Envelope:18.24
Rectified_Signal:20.16,Rectwin_Envelope:17.07,Hanning_Envelope:18.20
Rectified_Signal:4.83,Rectwin_Envelope:16.97,Hanning_Envelope:18.14
Rectified_Signal:16.14,Rectwin_Envelope:17.13,Hanning_Envelope:18.06
Rectified_Signal:37.06,Rectwin_Envelope:17.51,Hanning_Envelope:17.96
Rectified_Signal:28.88,Rectwin_Envelope:17.53,Hanning_Envelope:17.85
Rectified_Signal:32.81,Rectwin_Envelope:17.31,Hanning_Envelope:17.73
Rectified_Signal:23.14,Rectwin_Envelope:17.35,Hanning_Envelope:17.62
Rectified_Signal:8.12,Rectwin_Envelope:17.45,Hanning_Envelope:17.51
Rectified_Signal:4.11,Rectwin_Envelope:17.33,Hanning_Envelope:17.39
Rectified_Signal:12.09,Rectwin_Envelope:17.49,Hanning_Envelope:17.27
Rectified_Signal:2.09,Rectwin_Envelope:17.53,Hanning_Envelope:17.15
Rectified_Signal:14.88,Rectwin_Envelope:17.61,Hanning_Envelope:17.03
Rectified_Signal:23.07,Rectwin_Envelope:17.65,Hanning_Envelope:16.92
Rectified_Signal:21.03,Rectwin_Envelope:17.63,Hanning_Envelope:16.81
Rectified_Signal:20.93,Rectwin_Envelope:17.20,Hanning_Envelope:16.72
Rectified_Signal:24.88,Rectwin_Envelope:17.42,Hanning_Envelope:16.65
Rectified_Signal:25.07,Rectwin_Envelope:17.71,Hanning_Envelope:16.59
Rectified_Signal:14.04,Rectwin_Envelope:17.99,Hanning_Envelope:16.54
Rectified_Signal:35.97,Rectwin_Envelope:18.50,Hanning_Envelope:16.51
Rectified_Signal:34.90,Rectwin_Envelope:18.25,Hanning_Envelope:16.49
Rectified_Signal:12.08,Rectwin_Envelope:17.93,Hanning_Envelope:16.51
Rectified_Signal:22.03,Rectwin_Envelope:17.86,Hanning_Envelope:16.57
Rectified_Signal:38.89,Rectwin_Envelope:17.98,Hanning_Envelope:16.64
Rectified_Signal:17.85,Rectwin_Envelope:17.57,Hanning_Envelope:16.73
Rectified_Signal:11.83,Rectwin_Envelope:17.73,Hanning_Envelope:16.86
Rectified_Signal:14.80,Rectwin_Envelope:17.82,Hanning_Envelope:16.99
Rectified_Signal:2.20,Rectwin_Envelope:17.45,Hanning_Envelope:17.12
Rectified_Signal:1.80,Rectwin_Envelope:17.46,Hanning_Envelope:17.27
Rectified_Signal:4.19,Rectwin_Envelope:17.55,Hanning_Envelope:17.42
Rectified_Signal:11.78,Rectwin_Envelope:17.48,Hanning_Envelope:17.56
Rectified_Signal:21.74,Rectwin_Envelope:17.60,Hanning_Envelope:17.70
Rectified_Signal:14.23,Rectwin_Envelope:17.24,Hanning_Envelope:17.84
Rectified_Signal:42.15,Rectwin_Envelope:17.45,Hanning_Envelope:17.98
Rectified_Signal:2.14,Rectwin_Envelope:17.33,Hanning_Envelope:18.10
Rectified_Signal:30.08,Rectwin_Envelope:17.72,Hanning_Envelope:18.22
Rectified_Signal:29.86,Rectwin_Envelope:18.03,Hanning_Envelope:18.33
Rectified_Signal:21.81,Rectwin_Envelope:18.25,Hanning_Envelope:18.42
Rectified_Signal:22.14,Rectwin_Envelope:18.09,Hanning_Envelope:18.51
Rectified_Signal:34.07,Rectwin_Envelope:17.88,Hanning_Envelope:18.59
Rectified_Signal:7.91,Rectwin_Envelope:17.65,Hanning_Envelope:18.68
Rectified_Signal:7.89,Rectwin_Envelope:17.77,Hanning_Envelope:18.75
Rectified_Signal:5.10,Rectwin_Envelope:17.47,Hanning_Envelope:18.80
Rectified_Signal:11.88,Rectwin_Envelope:17.65,Hanning_Envelope:18.84
Rectified_Signal:8.10,Rectwin_Envelope:17.81,Hanning_Envelope:18.85
Rectified_Signal:11.08,Rectwin_Envelope:17.69,Hanning_Envelope:18.84
Rectified_Signal:20.88,Rectwin_Envelope:17.85,Hanning_Envelope:18.82
Rectified_Signal:13.85,Rectwin_Envelope:17.67,Hanning_Envelope:18.77
Rectified_Signal:45.06,Rectwin_Envelope:18.35,Hanning_Envelope:18.72
Rectified_Signal:35.99,Rectwin_Envelope:18.79,Hanning_Envelope:18.65
Rectified_Signal:12.96,Rectwin_Envelope:18.81,Hanning_Envelope:18.57
Rectified_Signal:23.92,Rectwin_Envelope:18.89,Hanning_Envelope:18.50
Rectified_Signal:15.88,Rectwin_Envelope:19.11,Hanning_Envelope:18.43
Rectified_Signal:2.11,Rectwin_Envelope:18.83,Hanning_Envelope:18.37
Rectified_Signal:0.89,Rectwin_Envelope:18.10,Hanning_Envelope:18.31
Rectified_Signal:26.83,Rectwin_Envelope:18.06,Hanning_Envelope:18.27
Rectified_Signal:32.77,Rectwin_Envelope:18.06,Hanning_Envelope:18.22
Rectified_Signal:10.21,Rectwin_Envelope:17.80,Hanning_Envelope:18.17
Rectified_Signal:2.21,Rectwin_Envelope:17.69,Hanning_Envelope:18.12
Rectified_Signal:12.18,Rectwin_Envelope:17.85,Hanning_Envelope:18.07
Rectified_Signal:11.16,Rectwin_Envelope:17.83,Hanning_Envelope:18.01
Rectified_Signal:5.15,Rectwin_Envelope:17.89,Hanning_Envelope:17.94
Rectified_Signal:16.82,Rectwin_Envelope:17.93,Hanning_Envelope:17.87
Rectified_Signal:38.11,Rectwin_Envelope:18.23,Hanning_Envelope:17.80
Rectified_Signal:26.06,Rectwin_Envelope:18.33,Hanning_Envelope:17.73
Rectified_Signal:28.89,Rectwin_Envelope:18.49,Hanning_Envelope:17.67
Rectified_Signal:21.84,Rectwin_Envelope:18.43,Hanning_Envelope:17.62
Rectified_Signal:7.14,Rectwin_Envelope:18.07,Hanning_Envelope:17.58
Rectified_Signal:0.14,Rectwin_Envelope:17.79,Hanning_Envelope:17.56
Rectified_Signal:32.08,Rectwin_Envelope:17.71,Hanning_Envelope:17.55
Rectified_Signal:21.04,Rectwin_Envelope:17.44,Hanning_Envelope:17.54
Rectified_Signal:29.90,Rectwin_Envelope:17.79,Hanning_Envelope:17.54
Rectified_Signal:35.83,Rectwin_Envelope:18.07,Hanning_Envelope:17.54
Rectified_Signal:20.13,Rectwin_Envelope:17.69,Hanning_Envelope:17.53
Rectified_Signal:4.12,Rectwin_Envelope:17.42,Hanning_Envelope:17.55
Rectified_Signal:0.12,Rectwin_Envelope:17.18,Hanning_Envelope:17.56
Rectified_Signal:12.09,Rectwin_Envelope:17.13,Hanning_Envelope:17.58
Rectified_Signal:11.88,Rectwin_Envelope:17.32,Hanning_Envelope:17.58
Rectified_Signal:27.83,Rectwin_Envelope:17.84,Hanning_Envelope:17.58
Rectified_Signal:7.81,Rectwin_Envelope:17.92,Hanning_Envelope:17.57
Rectified_Signal:22.14,Rectwin_Envelope:18.12,Hanning_Envelope:17.56
Rectified_Signal:11.12,Rectwin_Envelope:17.91,Hanning_Envelope:17.56
Rectified_Signal:19.84,Rectwin_Envelope:18.02,Hanning_Envelope:17.56
Rectified_Signal:10.82,Rectwin_Envelope:17.40,Hanning_Envelope:17.56
Rectified_Signal:5.17,Rectwin_Envelope:17.46,Hanning_Envelope:17.58
Rectified_Signal:10.81,Rectwin_Envelope:17.07,Hanning_Envelope:17.59
Rectified_Signal:22.15,Rectwin_Envelope:16.92,Hanning_Envelope:17.60
Rectified_Signal:32.09,Rectwin_Envelope:17.12,Hanning_Envelope:17.61
Rectified_Signal:33.85,Rectwin_Envelope:17.36,Hanning_Envelope:17.60
Rectified_Signal:46.75,Rectwin_Envelope:17.61,Hanning_Envelope:17.59
Rectified_Signal:19.21,Rectwin_Envelope:17.84,Hanning_Envelope:17.59
Rectified_Signal:8.19,Rectwin_Envelope:17.84,Hanning_Envelope:17.58
Rectified_Signal:6.79,Rectwin_Envelope:17.88,Hanning_Envelope:17.58
Rectified_Signal:0.79,Rectwin_Envelope:17.66,Hanning_Envelope:17.58
Rectified_Signal:14.76,Rectwin_Envelope:17.79,Hanning_Envelope:17.58
Rectified_Signal:10.74,Rectwin_Envelope:17.78,Hanning_Envelope:17.58
Rectified_Signal:21.22,Rectwin_Envelope:17.79,Hanning_Envelope:17.57
Rectified_Signal:3.78,Rectwin_Envelope:17.59,Hanning_Envelope:17.57
Rectified_Signal:28.72,Rectwin_Envelope:17.26,Hanning_Envelope:17.58
Rectified_Signal:24.67,Rectwin_Envelope:17.03,Hanning_Envelope:17.58
Rectified_Signal:0.33,Rectwin_Envelope:16.78,Hanning_Envelope:17.59
Rectified_Signal:10.65,Rectwin_Envelope:16.52,Hanning_Envelope:17.58
Rectified_Signal:9.33,Rectwin_Envelope:16.39,Hanning_Envelope:17.57
Rectified_Signal:21.29,Rectwin_Envelope:16.77,Hanning_Envelope:17.54
Rectified_Signal:28.65,Rectwin_Envelope:17.32,Hanning_Envelope:17.49
Rectified_Signal:35.58,Rectwin_Envelope:17.50,Hanning_Envelope:17.43
Rectified_Signal:32.52,Rectwin_Envelope:17.49,Hanning_Envelope:17.36
Rectified_Signal:21.44,Rectwin_Envelope:17.72,Hanning_Envelope:17.31
Rectified_Signal:5.43,Rectwin_Envelope:17.78,Hanning_Envelope:17.26
Rectified_Signal:18.39,Rectwin_Envelope:17.91,Hanning_Envelope:17.21
Rectified_Signal:21.35,Rectwin_Envelope:18.11,Hanning_Envelope:17.17
Rectified_Signal:11.63,Rectwin_Envelope:18.24,Hanning_Envelope:17.14
Rectified_Signal:27.57,Rectwin_Envelope:18.46,Hanning_Envelope:17.12
Rectified_Signal:21.38,Rectwin_Envelope:18.12,Hanning_Envelope:17.12
Rectified_Signal:23.34,Rectwin_Envelope:18.07,Hanning_Envelope:17.14
Rectified_Signal:36.59,Rectwin_Envelope:18.22,Hanning_Envelope:17.18
Rectified_Signal:21.55,Rectwin_Envelope:18.21,Hanning_Envelope:17.24
Rectified_Signal:11.52,Rectwin_Envelope:18.30,Hanning_Envelope:17.31
Rectified_Signal:9.51,Rectwin_Envelope:18.49,Hanning_Envelope:17.40
Rectified_Signal:10.47,Rectwin_Envelope:18.06,Hanning_Envelope:17.49
Rectified_Signal:15.44,Rectwin_Envelope:17.95,Hanning_Envelope:17.60
Rectified_Signal:47.46,Rectwin_Envelope:18.30,Hanning_Envelope:17.72
Rectified_Signal:37.39,Rectwin_Envelope:18.33,Hanning_Envelope:17.84
Rectified_Signal:21.57,Rectwin_Envelope:18.36,Hanning_Envelope:17.98
Rectified_Signal:10.55,Rectwin_Envelope:18.49,Hanning_Envelope:18.13
Rectified_Signal:4.54,Rectwin_Envelope:18.57,Hanning_Envelope:18.27
Rectified_Signal:1.46,Rectwin_Envelope:18.36,Hanning_Envelope:18.42
Rectified_Signal:6.45,Rectwin_Envelope:18.25,Hanning_Envelope:18.56
Rectified_Signal:4.44,Rectwin_Envelope:17.78,Hanning_Envelope:18.70
Rectified_Signal:2.56,Rectwin_Envelope:17.68,Hanning_Envelope:18.83
Rectified_Signal:22.51,Rectwin_Envelope:17.69,Hanning_Envelope:18.94
Rectified_Signal:40.41,Rectwin_Envelope:18.27,Hanning_Envelope:19.04
Rectified_Signal:20.37,Rectwin_Envelope:18.28,Hanning_Envelope:19.11
Rectified_Signal:18.33,Rectwin_Envelope:18.43,Hanning_Envelope:19.17
Rectified_Signal:7.31,Rectwin_Envelope:18.48,Hanning_Envelope:19.22
Rectified_Signal:10.29,Rectwin_Envelope:18.47,Hanning_Envelope:19.25
Rectified_Signal:38.63,Rectwin_Envelope:18.80,Hanning_Envelope:19.27
Rectified_Signal:21.58,Rectwin_Envelope:18.59,Hanning_Envelope:19.28
Rectified_Signal:42.33,Rectwin_Envelope:18.76,Hanning_Envelope:19.28
Rectified_Signal:43.24,Rectwin_Envelope:18.69,Hanning_Envelope:19.28
Rectified_Signal:21.71,Rectwin_Envelope:18.74,Hanning_Envelope:19.27
Rectified_Signal:5.70,Rectwin_Envelope:18.69,Hanning_Envelope:19.26
Rectified_Signal:3.29,Rectwin_Envelope:18.62,Hanning_Envelope:19.25
Rectified_Signal:1.70,Rectwin_Envelope:18.63,Hanning_Envelope:19.21
Rectified_Signal:15.27,Rectwin_Envelope:18.64,Hanning_Envelope:19.17
Rectified_Signal:20.22,Rectwin_Envelope:18.83,Hanning_Envelope:19.12
Rectified_Signal:7.76,Rectwin_Envelope:18.56,Hanning_Envelope:19.05
Rectified_Signal:6.75,Rectwin_Envelope:18.62,Hanning_Envelope:18.98
Rectified_Signal:40.17,Rectwin_Envelope:18.85,Hanning_Envelope:18.91
Rectified_Signal:20.13,Rectwin_Envelope:18.76,Hanning_Envelope:18.82
Rectified_Signal:4.86,Rectwin_Envelope:18.85,Hanning_Envelope:18.75
Rectified_Signal:16.11,Rectwin_Envelope:18.96,Hanning_Envelope:18.67
Rectified_Signal:2.88,Rectwin_Envelope:18.83,Hanning_Envelope:18.59
Rectified_Signal:6.87,Rectwin_Envelope:18.54,Hanning_Envelope:18.51
Rectified_Signal:17.10,Rectwin_Envelope:18.31,Hanning_Envelope:18.43
Rectified_Signal:50.99,Rectwin_Envelope:18.62,Hanning_Envelope:18.36
Rectified_Signal:5.99,Rectwin_Envelope:18.09,Hanning_Envelope:18.29
Rectified_Signal:2.99,Rectwin_Envelope:17.72,Hanning_Envelope:18.23
Rectified_Signal:9.99,Rectwin_Envelope:17.81,Hanning_Envelope:18.16
Rectified_Signal:15.98,Rectwin_Envelope:17.76,Hanning_Envelope:18.09
Rectified_Signal:18.94,Rectwin_Envelope:17.72,Hanning_Envelope:18.01
Rectified_Signal:5.05,Rectwin_Envelope:17.59,Hanning_Envelope:17.93
Rectified_Signal:24.00,Rectwin_Envelope:17.51,Hanning_Envelope:17.84
Rectified_Signal:15.96,Rectwin_Envelope:17.41,Hanning_Envelope:17.75
Rectified_Signal:21.92,Rectwin_Envelope:17.38,Hanning_Envelope:17.66
Rectified_Signal:10.06,Rectwin_Envelope:16.85,Hanning_Envelope:17.56
Rectified_Signal:35.99,Rectwin_Envelope:17.14,Hanning_Envelope:17.47
Rectified_Signal:9.99,Rectwin_Envelope:17.10,Hanning_Envelope:17.37
Rectified_Signal:6.99,Rectwin_Envelope:17.05,Hanning_Envelope:17.26
Rectified_Signal:10.98,Rectwin_Envelope:17.06,Hanning_Envelope:17.15
Rectified_Signal:6.97,Rectwin_Envelope:16.90,Hanning_Envelope:17.03
Rectified_Signal:36.96,Rectwin_Envelope:16.68,Hanning_Envelope:16.92
Rectified_Signal:41.87,Rectwin_Envelope:16.77,Hanning_Envelope:16.81
Rectified_Signal:19.09,Rectwin_Envelope:16.73,Hanning_Envelope:16.70
Rectified_Signal:7.07,Rectwin_Envelope:16.66,Hanning_Envelope:16.60
Rectified_Signal:2.92,Rectwin_Envelope:16.62,Hanning_Envelope:16.49
Rectified_Signal:17.05,Rectwin_Envelope:16.93,Hanning_Envelope:16.39
Rectified_Signal:1.04,Rectwin_Envelope:16.83,Hanning_Envelope:16.29
Rectified_Signal:31.89,Rectwin_Envelope:17.38,Hanning_Envelope:16.20
Rectified_Signal:21.07,Rectwin_Envelope:17.75,Hanning_Envelope:16.12
Rectified_Signal:23.02,Rectwin_Envelope:17.76,Hanning_Envelope:16.05
Rectified_Signal:26.93,Rectwin_Envelope:17.49,Hanning_Envelope:16.00
Rectified_Signal:19.89,Rectwin_Envelope:17.48,Hanning_Envelope:15.99
Rectified_Signal:16.08,Rectwin_Envelope:17.43,Hanning_Envelope:16.00
Rectified_Signal:7.90,Rectwin_Envelope:17.44,Hanning_Envelope:16.04
Rectified_Signal:7.89,Rectwin_Envelope:17.40,Hanning_Envelope:16.09
Rectified_Signal:29.05,Rectwin_Envelope:17.20,Hanning_Envelope:16.16
Rectified_Signal:27.00,Rectwin_Envelope:17.31,Hanning_Envelope:16.26
Rectified_Signal:34.93,Rectwin_Envelope:17.16,Hanning_Envelope:16.37
Rectified_Signal:39.85,Rectwin_Envelope:17.10,Hanning_Envelope:16.49
Rectified_Signal:13.12,Rectwin_Envelope:16.92,Hanning_Envelope:16.64
Rectified_Signal:13.10,Rectwin_Envelope:17.07,Hanning_Envelope:16.80
Rectified_Signal:12.07,Rectwin_Envelope:17.25,Hanning_Envelope:16.96
Rectified_Signal:4.92,Rectwin_Envelope:17.31,Hanning_Envelope:17.11
Rectified_Signal:13.89,Rectwin_Envelope:17.29,Hanning_Envelope:17.27
Rectified_Signal:19.85,Rectwin_Envelope:17.28,Hanning_Envelope:17.42
Rectified_Signal:29.09,Rectwin_Envelope:17.70,Hanning_Envelope:17.58
Rectified_Signal:7.08,Rectwin_Envelope:17.71,Hanning_Envelope:17.72
Rectified_Signal:16.89,Rectwin_Envelope:17.25,Hanning_Envelope:17.86
Rectified_Signal:9.87,Rectwin_Envelope:17.04,Hanning_Envelope:18.01
Rectified_Signal:0.13,Rectwin_Envelope:16.95,Hanning_Envelope:18.14
Rectified_Signal:6.86,Rectwin_Envelope:16.76,Hanning_Envelope:18.25
Rectified_Signal:22.10,Rectwin_Envelope:17.14,Hanning_Envelope:18.35
Rectified_Signal:13.07,Rectwin_Envelope:17.27,Hanning_Envelope:18.41
Rectified_Signal:29.87,Rectwin_Envelope:17.52,Hanning_Envelope:18.46
Rectified_Signal:39.79,Rectwin_Envelope:17.30,Hanning_Envelope:18.48
Rectified_Signal:22.17,Rectwin_Envelope:17.62,Hanning_Envelope:18.50
Rectified_Signal:12.14,Rectwin_Envelope:17.81,Hanning_Envelope:18.51
Rectified_Signal:5.13,Rectwin_Envelope:17.71,Hanning_Envelope:18.49
Rectified_Signal:17.10,Rectwin_Envelope:17.73,Hanning_Envelope:18.47
Rectified_Signal:3.89,Rectwin_Envelope:17.43,Hanning_Envelope:18.43
Rectified_Signal:10.87,Rectwin_Envelope:17.55,Hanning_Envelope:18.38
Rectified_Signal:19.83,Rectwin_Envelope:17.46,Hanning_Envelope:18.31
Rectified_Signal:21.13,Rectwin_Envelope:17.57,Hanning_Envelope:18.23
Rectified_Signal:22.08,Rectwin_Envelope:17.57,Hanning_Envelope:18.14
Rectified_Signal:26.86,Rectwin_Envelope:17.91,Hanning_Envelope:18.04
Rectified_Signal:9.84,Rectwin_Envelope:17.38,Hanning_Envelope:17.93
Rectified_Signal:3.15,Rectwin_Envelope:17.25,Hanning_Envelope:17.83
Rectified_Signal:11.83,Rectwin_Envelope:17.34,Hanning_Envelope:17.72
Rectified_Signal:19.13,Rectwin_Envelope:17.51,Hanning_Envelope:17.60
Rectified_Signal:22.09,Rectwin_Envelope:17.81,Hanning_Envelope:17.47
Rectified_Signal:25.86,Rectwin_Envelope:17.59,Hanning_Envelope:17.34
Rectified_Signal:37.78,Rectwin_Envelope:17.51,Hanning_Envelope:17.22
Rectified_Signal:6.20,Rectwin_Envelope:17.25,Hanning_Envelope:17.11
Rectified_Signal:7.19,Rectwin_Envelope:17.25,Hanning_Envelope:17.01
Rectified_Signal:0.19,Rectwin_Envelope:17.20,Hanning_Envelope:16.91
Rectified_Signal:16.16,Rectwin_Envelope:17.18,Hanning_Envelope:16.82
Rectified_Signal:16.81,Rectwin_Envelope:17.49,Hanning_Envelope:16.73
Rectified_Signal:19.77,Rectwin_Envelope:17.25,Hanning_Envelope:16.64
Rectified_Signal:24.18,Rectwin_Envelope:17.31,Hanning_Envelope:16.56
Rectified_Signal:22.14,Rectwin_Envelope:17.29,Hanning_Envelope:16.50
Rectified_Signal:15.83,Rectwin_Envelope:17.07,Hanning_Envelope:16.45
Rectified_Signal:10.81,Rectwin_Envelope:16.89,Hanning_Envelope:16.41
Rectified_Signal:1.19,Rectwin_Envelope:16.59,Hanning_Envelope:16.39
Rectified_Signal:4.80,Rectwin_Envelope:16.53,Hanning_Envelope:16.37
Rectified_Signal:33.13,Rectwin_Envelope:17.04,Hanning_Envelope:16.36
Rectified_Signal:37.06,Rectwin_Envelope:17.20,Hanning_Envelope:16.34
Rectified_Signal:26.89,Rectwin_Envelope:17.19,Hanning_Envelope:16.34
Rectified_Signal:37.81,Rectwin_Envelope:17.25,Hanning_Envelope:16.35
Rectified_Signal:50.71,Rectwin_Envelope:17.47,Hanning_Envelope:16.39
Rectified_Signal:26.23,Rectwin_Envelope:17.73,Hanning_Envelope:16.44
Rectified_Signal:4.23,Rectwin_Envelope:17.55,Hanning_Envelope:16.51
Rectified_Signal:26.17,Rectwin_Envelope:17.84,Hanning_Envelope:16.60
Rectified_Signal:11.15,Rectwin_Envelope:17.96,Hanning_Envelope:16.71
Rectified_Signal:4.14,Rectwin_Envelope:17.77,Hanning_Envelope:16.82
Rectified_Signal:4.85,Rectwin_Envelope:17.47,Hanning_Envelope:16.95
Rectified_Signal:50.05,Rectwin_Envelope:17.88,Hanning_Envelope:17.10
Rectified_Signal:28.99,Rectwin_Envelope:18.32,Hanning_Envelope:17.25
Rectified_Signal:27.95,Rectwin_Envelope:18.54,Hanning_Envelope:17.42
Rectified_Signal:6.94,Rectwin_Envelope:18.49,Hanning_Envelope:17.60
Rectified_Signal:5.05,Rectwin_Envelope:18.58,Hanning_Envelope:17.79
Rectified_Signal:9.93,Rectwin_Envelope:18.65,Hanning_Envelope:17.99
Rectified_Signal:25.02,Rectwin_Envelope:18.70,Hanning_Envelope:18.19
Rectified_Signal:24.97,Rectwin_Envelope:18.94,Hanning_Envelope:18.40
Rectified_Signal:10.01,Rectwin_Envelope:18.55,Hanning_Envelope:18.61
Rectified_Signal:19.97,Rectwin_Envelope:18.15,Hanning_Envelope:18.83
Rectified_Signal:7.02,Rectwin_Envelope:17.85,Hanning_Envelope:19.05
Rectified_Signal:10.99,Rectwin_Envelope:17.82,Hanning_Envelope:19.26
Rectified_Signal:9.99,Rectwin_Envelope:17.92,Hanning_Envelope:19.44
Rectified_Signal:20.97,Rectwin_Envelope:18.00,Hanning_Envelope:19.60
Rectified_Signal:16.99,Rectwin_Envelope:18.26,Hanning_Envelope:19.73
Rectified_Signal:15.96,Rectwin_Envelope:18.36,Hanning_Envelope:19.83
Rectified_Signal:21.99,Rectwin_Envelope:18.40,Hanning_Envelope:19.90
Rectified_Signal:12.97,Rectwin_Envelope:18.24,Hanning_Envelope:19.96
Rectified_Signal:35.96,Rectwin_Envelope:18.52,Hanning_Envelope:19.99
Rectified_Signal:30.90,Rectwin_Envelope:18.60,Hanning_Envelope:19.99
Rectified_Signal:28.84,Rectwin_Envelope:18.98,Hanning_Envelope:19.98
Rectified_Signal:8.82,Rectwin_Envelope:19.09,Hanning_Envelope:19.94
Rectified_Signal:10.80,Rectwin_Envelope:19.07,Hanning_Envelope:19.89
Rectified_Signal:27.14,Rectwin_Envelope:19.23,Hanning_Envelope:19.83
Rectified_Signal:13.12,Rectwin_Envelope:19.05,Hanning_Envelope:19.75
Rectified_Signal:19.84,Rectwin_Envelope:18.93,Hanning_Envelope:19.66
Rectified_Signal:30.78,Rectwin_Envelope:18.79,Hanning_Envelope:19.57
Rectified_Signal:27.17,Rectwin_Envelope:19.21,Hanning_Envelope:19.47
Rectified_Signal:22.12,Rectwin_Envelope:19.51,Hanning_Envelope:19.36
Rectified_Signal:12.10,Rectwin_Envelope:19.75,Hanning_Envelope:19.25
Rectified_Signal:22.05,Rectwin_Envelope:19.87,Hanning_Envelope:19.14
Rectified_Signal:1.05,Rectwin_Envelope:19.55,Hanning_Envelope:19.03
Rectified_Signal:9.93,Rectwin_Envelope:19.35,Hanning_Envelope:18.93
Rectified_Signal:13.04,Rectwin_Envelope:19.13,Hanning_Envelope:18.85
Rectified_Signal:9.03,Rectwin_Envelope:18.87,Hanning_Envelope:18.77
Rectified_Signal:29.91,Rectwin_Envelope:19.15,Hanning_Envelope:18.70
Rectified_Signal:6.90,Rectwin_Envelope:19.07,Hanning_Envelope:18.62
Rectified_Signal:0.10,Rectwin_Envelope:19.05,Hanning_Envelope:18.56
Rectified_Signal:6.09,Rectwin_Envelope:19.08,Hanning_Envelope:18.50
Rectified_Signal:37.01,Rectwin_Envelope:19.15,Hanning_Envelope:18.44
Rectified_Signal:26.96,Rectwin_Envelope:18.95,Hanning_Envelope:18.39
Rectified_Signal:16.01,Rectwin_Envelope:18.73,Hanning_Envelope:18.36
Rectified_Signal:24.96,Rectwin_Envelope:18.48,Hanning_Envelope:18.34
Rectified_Signal:6.03,Rectwin_Envelope:17.58,Hanning_Envelope:18.32
Rectified_Signal:21.98,Rectwin_Envelope:17.50,Hanning_Envelope:18.32
Rectified_Signal:10.00,Rectwin_Envelope:17.61,Hanning_Envelope:18.30
Rectified_Signal:3.99,Rectwin_Envelope:17.17,Hanning_Envelope:18.27
Rectified_Signal:5.00,Rectwin_Envelope:17.05,Hanning_Envelope:18.23
Rectified_Signal:3.99,Rectwin_Envelope:17.04,Hanning_Envelope:18.18
Rectified_Signal:28.93,Rectwin_Envelope:17.53,Hanning_Envelope:18.10
Rectified_Signal:27.01,Rectwin_Envelope:17.07,Hanning_Envelope:18.00
Rectified_Signal:6.00,Rectwin_Envelope:16.61,Hanning_Envelope:17.90
Rectified_Signal:9.98,Rectwin_Envelope:16.25,Hanning_Envelope:17.79
Rectified_Signal:20.94,Rectwin_Envelope:16.53,Hanning_Envelope:17.67
Rectified_Signal:20.02,Rectwin_Envelope:16.83,Hanning_Envelope:17.52
Rectified_Signal:9.96,Rectwin_Envelope:16.83,Hanning_Envelope:17.35
Rectified_Signal:13.02,Rectwin_Envelope:16.59,Hanning_Envelope:17.18
Rectified_Signal:6.00,Rectwin_Envelope:16.21,Hanning_Envelope:17.00
Rectified_Signal:26.94,Rectwin_Envelope:16.55,Hanning_Envelope:16.81
Rectified_Signal:34.87,Rectwin_Envelope:16.84,Hanning_Envelope:16.62
Rectified_Signal:23.08,Rectwin_Envelope:17.16,Hanning_Envelope:16.43
Rectified_Signal:5.07,Rectwin_Envelope:17.05,Hanning_Envelope:16.24
Rectified_Signal:5.92,Rectwin_Envelope:16.97,Hanning_Envelope:16.07
Rectified_Signal:14.05,Rectwin_Envelope:16.83,Hanning_Envelope:15.90
Rectified_Signal:2.94,Rectwin_Envelope:16.55,Hanning_Envelope:15.75
Rectified_Signal:12.91,Rectwin_Envelope:16.48,Hanning_Envelope:15.62
Rectified_Signal:4.08,Rectwin_Envelope:16.13,Hanning_Envelope:15.50
Rectified_Signal:9.06,Rectwin_Envelope:16.05,Hanning_Envelope:15.40
Rectified_Signal:22.89,Rectwin_Envelope:15.79,Hanning_Envelope:15.30
Rectified_Signal:30.83,Rectwin_Envelope:15.79,Hanning_Envelope:15.22
Rectified_Signal:3.16,Rectwin_Envelope:15.27,Hanning_Envelope:15.15
Rectified_Signal:6.83,Rectwin_Envelope:15.23,Hanning_Envelope:15.09
Rectified_Signal:10.15,Rectwin_Envelope:15.22,Hanning_Envelope:15.03
Rectified_Signal:22.11,Rectwin_Envelope:15.12,Hanning_Envelope:14.98
Rectified_Signal:26.06,Rectwin_Envelope:15.38,Hanning_Envelope:14.93
Rectified_Signal:24.89,Rectwin_Envelope:15.48,Hanning_Envelope:14.88
Rectified_Signal:35.82,Rectwin_Envelope:15.58,Hanning_Envelope:14.85
Rectified_Signal:17.14,Rectwin_Envelope:15.38,Hanning_Envelope:14.82
Rectified_Signal:2.14,Rectwin_Envelope:14.98,Hanning_Envelope:14.81
Rectified_Signal:6.13,Rectwin_Envelope:14.86,Hanning_Envelope:14.81
Rectified_Signal:19.09,Rectwin_Envelope:14.80,Hanning_Envelope:14.82
Rectified_Signal:9.89,Rectwin_Envelope:14.98,Hanning_Envelope:14.82
Rectified_Signal:14.86,Rectwin_Envelope:15.08,Hanning_Envelope:14.82
Rectified_Signal:12.11,Rectwin_Envelope:15.06,Hanning_Envelope:14.83
Rectified_Signal:8.10,Rectwin_Envelope:15.04,Hanning_Envelope:14.83
Rectified_Signal:26.85,Rectwin_Envelope:14.98,Hanning_Envelope:14.84
Rectified_Signal:14.82,Rectwin_Envelope:15.14,Hanning_Envelope:14.85
Rectified_Signal:6.17,Rectwin_Envelope:15.26,Hanning_Envelope:14.87
Rectified_Signal:9.81,Rectwin_Envelope:15.33,Hanning_Envelope:14.88
Rectified_Signal:12.16,Rectwin_Envelope:14.83,Hanning_Envelope:14.90
Rectified_Signal:13.14,Rectwin_Envelope:14.56,Hanning_Envelope:14.93
Rectified_Signal:15.83,Rectwin_Envelope:14.55,Hanning_Envelope:14.95
Rectified_Signal:32.77,Rectwin_Envelope:14.71,Hanning_Envelope:14.98
Rectified_Signal:22.19,Rectwin_Envelope:15.03,Hanning_Envelope:15.00
Rectified_Signal:8.17,Rectwin_Envelope:14.76,Hanning_Envelope:15.01
Rectified_Signal:9.81,Rectwin_Envelope:14.75,Hanning_Envelope:15.03
Rectified_Signal:9.79,Rectwin_Envelope:14.87,Hanning_Envelope:15.04
Rectified_Signal:2.78,Rectwin_Envelope:14.83,Hanning_Envelope:15.04
Rectified_Signal:12.76,Rectwin_Envelope:15.00,Hanning_Envelope:15.04
Rectified_Signal:22.71,Rectwin_Envelope:14.88,Hanning_Envelope:15.04
Rectified_Signal:7.27,Rectwin_Envelope:14.48,Hanning_Envelope:15.03
Rectified_Signal:19.24,Rectwin_Envelope:14.75,Hanning_Envelope:15.02
Rectified_Signal:20.72,Rectwin_Envelope:14.96,Hanning_Envelope:15.01
Rectified_Signal:29.66,Rectwin_Envelope:15.14,Hanning_Envelope:14.99
Rectified_Signal:2.33,Rectwin_Envelope:14.78,Hanning_Envelope:14.97
Rectified_Signal:9.65,Rectwin_Envelope:14.78,Hanning_Envelope:14.96
Rectified_Signal:24.30,Rectwin_Envelope:15.00,Hanning_Envelope:14.94
Rectified_Signal:22.26,Rectwin_Envelope:15.33,Hanning_Envelope:14.92
Rectified_Signal:19.70,Rectwin_Envelope:15.18,Hanning_Envelope:14.90
Rectified_Signal:39.62,Rectwin_Envelope:15.28,Hanning_Envelope:14.89
Rectified_Signal:31.31,Rectwin_Envelope:15.44,Hanning_Envelope:14.89
Rectified_Signal:12.29,Rectwin_Envelope:15.59,Hanning_Envelope:14.90
Rectified_Signal:0.29,Rectwin_Envelope:15.47,Hanning_Envelope:14.91
Rectified_Signal:13.26,Rectwin_Envelope:15.46,Hanning_Envelope:14.94
Rectified_Signal:10.72,Rectwin_Envelope:15.61,Hanning_Envelope:14.97
Rectified_Signal:10.70,Rectwin_Envelope:15.57,Hanning_Envelope:15.00
Rectified_Signal:10.28,Rectwin_Envelope:15.69,Hanning_Envelope:15.05
Rectified_Signal:1.28,Rectwin_Envelope:15.54,Hanning_Envelope:15.10
Rectified_Signal:41.64,Rectwin_Envelope:15.91,Hanning_Envelope:15.16
Rectified_Signal:31.57,Rectwin_Envelope:15.93,Hanning_Envelope:15.22
Rectified_Signal:14.54,Rectwin_Envelope:16.15,Hanning_Envelope:15.30
Rectified_Signal:14.52,Rectwin_Envelope:16.31,Hanning_Envelope:15.39
Rectified_Signal:22.44,Rectwin_Envelope:16.55,Hanning_Envelope:15.49
Rectified_Signal:37.36,Rectwin_Envelope:16.86,Hanning_Envelope:15.60
Rectified_Signal:36.56,Rectwin_Envelope:17.07,Hanning_Envelope:15.72
Rectified_Signal:48.46,Rectwin_Envelope:17.54,Hanning_Envelope:15.88
Rectified_Signal:52.36,Rectwin_Envelope:17.87,Hanning_Envelope:16.05
Rectified_Signal:6.63,Rectwin_Envelope:17.66,Hanning_Envelope:16.24
Rectified_Signal:4.36,Rectwin_Envelope:17.71,Hanning_Envelope:16.47
Rectified_Signal:7.62,Rectwin_Envelope:17.74,Hanning_Envelope:16.72
Rectified_Signal:15.59,Rectwin_Envelope:17.67,Hanning_Envelope:16.97
Rectified_Signal:4.40,Rectwin_Envelope:17.56,Hanning_Envelope:17.23
Rectified_Signal:22.36,Rectwin_Envelope:17.71,Hanning_Envelope:17.51
Rectified_Signal:24.59,Rectwin_Envelope:17.96,Hanning_Envelope:17.77
Rectified_Signal:5.58,Rectwin_Envelope:17.90,Hanning_Envelope:18.04
Rectified_Signal:40.34,Rectwin_Envelope:18.17,Hanning_Envelope:18.31
Rectified_Signal:22.29,Rectwin_Envelope:18.32,Hanning_Envelope:18.57
Rectified_Signal:2.29,Rectwin_Envelope:18.25,Hanning_Envelope:18.82
Rectified_Signal:10.27,Rectwin_Envelope:18.26,Hanning_Envelope:19.07
Rectified_Signal:23.68,Rectwin_Envelope:18.49,Hanning_Envelope:19.30
Rectified_Signal:22.64,Rectwin_Envelope:18.68,Hanning_Envelope:19.52
Rectified_Signal:27.31,Rectwin_Envelope:18.91,Hanning_Envelope:19.71
Rectified_Signal:23.26,Rectwin_Envelope:18.72,Hanning_Envelope:19.89
Rectified_Signal:23.69,Rectwin_Envelope:18.75,Hanning_Envelope:20.06
Rectified_Signal:3.68,Rectwin_Envelope:18.66,Hanning_Envelope:20.21
Rectified_Signal:6.67,Rectwin_Envelope:18.59,Hanning_Envelope:20.34
Rectified_Signal:6.66,Rectwin_Envelope:18.53,Hanning_Envelope:20.44
Rectified_Signal:2.34,Rectwin_Envelope:18.52,Hanning_Envelope:20.51
Rectified_Signal:11.32,Rectwin_Envelope:18.49,Hanning_Envelope:20.54
Rectified_Signal:17.65,Rectwin_Envelope:18.39,Hanning_Envelope:20.54
Rectified_Signal:13.62,Rectwin_Envelope:18.52,Hanning_Envelope:20.51
Rectified_Signal:37.30,Rectwin_Envelope:18.88,Hanning_Envelope:20.44
Rectified_Signal:28.25,Rectwin_Envelope:19.03,Hanning_Envelope:20.35
Rectified_Signal:27.19,Rectwin_Envelope:18.98,Hanning_Envelope:20.23
Rectified_Signal:1.80,Rectwin_Envelope:18.97,Hanning_Envelope:20.10
Rectified_Signal:17.16,Rectwin_Envelope:19.12,Hanning_Envelope:19.95
Rectified_Signal:10.82,Rectwin_Envelope:18.85,Hanning_Envelope:19.79
Rectified_Signal:13.79,Rectwin_Envelope:18.68,Hanning_Envelope:19.61
Rectified_Signal:23.17,Rectwin_Envelope:18.75,Hanning_Envelope:19.42
Rectified_Signal:25.11,Rectwin_Envelope:18.46,Hanning_Envelope:19.22
Rectified_Signal:9.87,Rectwin_Envelope:18.03,Hanning_Envelope:19.01
Rectified_Signal:4.86,Rectwin_Envelope:17.88,Hanning_Envelope:18.80
Rectified_Signal:1.85,Rectwin_Envelope:17.91,Hanning_Envelope:18.57
Rectified_Signal:21.81,Rectwin_Envelope:18.09,Hanning_Envelope:18.34
Rectified_Signal:12.17,Rectwin_Envelope:18.11,Hanning_Envelope:18.09
Rectified_Signal:26.12,Rectwin_Envelope:18.42,Hanning_Envelope:17.84
Rectified_Signal:22.84,Rectwin_Envelope:18.67,Hanning_Envelope:17.60
Rectified_Signal:4.15,Rectwin_Envelope:18.73,Hanning_Envelope:17.37
Rectified_Signal:31.09,Rectwin_Envelope:18.52,Hanning_Envelope:17.15
Rectified_Signal:24.04,Rectwin_Envelope:18.37,Hanning_Envelope:16.96
Rectified_Signal:11.02,Rectwin_Envelope:18.30,Hanning_Envelope:16.79
Rectified_Signal:5.97,Rectwin_Envelope:18.13,Hanning_Envelope:16.65
Rectified_Signal:17.93,Rectwin_Envelope:18.04,Hanning_Envelope:16.54
Rectified_Signal:16.90,Rectwin_Envelope:17.63,Hanning_Envelope:16.44
Rectified_Signal:40.02,Rectwin_Envelope:17.70,Hanning_Envelope:16.37
Rectified_Signal:35.95,Rectwin_Envelope:17.45,Hanning_Envelope:16.33
Rectified_Signal:26.00,Rectwin_Envelope:16.92,Hanning_Envelope:16.31
Rectified_Signal:22.95,Rectwin_Envelope:17.25,Hanning_Envelope:16.32
Rectified_Signal:9.03,Rectwin_Envelope:17.34,Hanning_Envelope:16.34
Rectified_Signal:22.92,Rectwin_Envelope:17.65,Hanning_Envelope:16.37
Rectified_Signal:1.92,Rectwin_Envelope:17.37,Hanning_Envelope:16.42
Rectified_Signal:8.90,Rectwin_Envelope:17.46,Hanning_Envelope:16.48
Rectified_Signal:21.06,Rectwin_Envelope:17.44,Hanning_Envelope:16.55
Rectified_Signal:22.90,Rectwin_Envelope:17.40,Hanning_Envelope:16.63
Rectified_Signal:4.09,Rectwin_Envelope:17.37,Hanning_Envelope:16.73
Rectified_Signal:27.04,Rectwin_Envelope:17.11,Hanning_Envelope:16.84
Rectified_Signal:33.97,Rectwin_Envelope:17.34,Hanning_Envelope:16.96
Rectified_Signal:7.01,Rectwin_Envelope:17.44,Hanning_Envelope:17.08
Rectified_Signal:8.97,Rectwin_Envelope:17.41,Hanning_Envelope:17.21
Rectified_Signal:22.99,Rectwin_Envelope:17.40,Hanning_Envelope:17.33
Rectified_Signal:19.94,Rectwin_Envelope:17.34,Hanning_Envelope:17.46
Rectified_Signal:23.01,Rectwin_Envelope:17.26,Hanning_Envelope:17.59
Rectified_Signal:38.93,Rectwin_Envelope:17.57,Hanning_Envelope:17.72
Rectified_Signal:9.05,Rectwin_Envelope:17.28,Hanning_Envelope:17.84
Rectified_Signal:2.94,Rectwin_Envelope:17.26,Hanning_Envelope:17.96
Rectified_Signal:4.05,Rectwin_Envelope:17.21,Hanning_Envelope:18.07
Rectified_Signal:7.03,Rectwin_Envelope:17.22,Hanning_Envelope:18.16
Rectified_Signal:0.03,Rectwin_Envelope:17.17,Hanning_Envelope:18.23
Rectified_Signal:11.94,Rectwin_Envelope:17.18,Hanning_Envelope:18.29
Rectified_Signal:30.00,Rectwin_Envelope:17.43,Hanning_Envelope:18.32
Rectified_Signal:10.98,Rectwin_Envelope:17.38,Hanning_Envelope:18.34
Rectified_Signal:27.97,Rectwin_Envelope:17.19,Hanning_Envelope:18.34
Rectified_Signal:23.92,Rectwin_Envelope:17.10,Hanning_Envelope:18.33
Rectified_Signal:1.92,Rectwin_Envelope:16.60,Hanning_Envelope:18.31
Rectified_Signal:6.90,Rectwin_Envelope:16.70,Hanning_Envelope:18.27
Rectified_Signal:3.90,Rectwin_Envelope:16.43,Hanning_Envelope:18.20
Rectified_Signal:42.02,Rectwin_Envelope:17.06,Hanning_Envelope:18.11
Rectified_Signal:19.98,Rectwin_Envelope:17.18,Hanning_Envelope:17.99
Rectified_Signal:35.95,Rectwin_Envelope:17.44,Hanning_Envelope:17.86
Rectified_Signal:43.86,Rectwin_Envelope:17.81,Hanning_Envelope:17.72
Rectified_Signal:14.11,Rectwin_Envelope:17.90,Hanning_Envelope:17.58
Rectified_Signal:3.88,Rectwin_Envelope:17.88,Hanning_Envelope:17.45
Rectified_Signal:7.86,Rectwin_Envelope:18.00,Hanning_Envelope:17.32
Rectified_Signal:7.12,Rectwin_Envelope:17.71,Hanning_Envelope:17.19
Rectified_Signal:7.11,Rectwin_Envelope:17.60,Hanning_Envelope:17.08
Rectified_Signal:17.86,Rectwin_Envelope:17.44,Hanning_Envelope:16.97
Rectified_Signal:20.10,Rectwin_Envelope:17.38,Hanning_Envelope:16.87
Rectified_Signal:22.06,Rectwin_Envelope:17.74,Hanning_Envelope:16.78
Rectified_Signal:24.89,Rectwin_Envelope:17.62,Hanning_Envelope:16.70
Rectified_Signal:8.88,Rectwin_Envelope:17.31,Hanning_Envelope:16.64
Rectified_Signal:8.86,Rectwin_Envelope:17.27,Hanning_Envelope:16.59
Rectified_Signal:23.81,Rectwin_Envelope:17.63,Hanning_Envelope:16.56
Rectified_Signal:6.18,Rectwin_Envelope:17.39,Hanning_Envelope:16.52
Rectified_Signal:5.17,Rectwin_Envelope:17.16,Hanning_Envelope:16.51
Rectified_Signal:25.78,Rectwin_Envelope:16.87,Hanning_Envelope:16.51
Rectified_Signal:43.69,Rectwin_Envelope:17.03,Hanning_Envelope:16.52
Rectified_Signal:8.29,Rectwin_Envelope:16.67,Hanning_Envelope:16.54
Rectified_Signal:9.27,Rectwin_Envelope:16.40,Hanning_Envelope:16.57
Rectified_Signal:8.71,Rectwin_Envelope:16.39,Hanning_Envelope:16.61
Rectified_Signal:9.27,Rectwin_Envelope:16.12,Hanning_Envelope:16.63
Rectified_Signal:8.25,Rectwin_Envelope:16.25,Hanning_Envelope:16.66
Rectified_Signal:11.72,Rectwin_Envelope:16.30,Hanning_Envelope:16.68
Rectified_Signal:23.68,Rectwin_Envelope:16.36,Hanning_Envelope:16.68
Rectified_Signal:10.30,Rectwin_Envelope:16.11,Hanning_Envelope:16.68
Rectified_Signal:2.69,Rectwin_Envelope:16.08,Hanning_Envelope:16.68
Rectified_Signal:26.64,Rectwin_Envelope:16.07,Hanning_Envelope:16.66
Rectified_Signal:23.59,Rectwin_Envelope:15.86,Hanning_Envelope:16.64
Rectified_Signal:7.39,Rectwin_Envelope:15.87,Hanning_Envelope:16.61
Rectified_Signal:1.60,Rectwin_Envelope:15.72,Hanning_Envelope:16.57
Rectified_Signal:26.34,Rectwin_Envelope:15.79,Hanning_Envelope:16.52
Rectified_Signal:38.27,Rectwin_Envelope:16.16,Hanning_Envelope:16.46
Rectified_Signal:40.65,Rectwin_Envelope:16.51,Hanning_Envelope:16.39
Rectified_Signal:49.55,Rectwin_Envelope:16.72,Hanning_Envelope:16.31
Rectified_Signal:11.42,Rectwin_Envelope:16.77,Hanning_Envelope:16.25
Rectified_Signal:2.42,Rectwin_Envelope:16.76,Hanning_Envelope:16.20
Rectified_Signal:12.40,Rectwin_Envelope:16.92,Hanning_Envelope:16.16
Rectified_Signal:13.37,Rectwin_Envelope:17.05,Hanning_Envelope:16.12
Rectified_Signal:18.59,Rectwin_Envelope:17.42,Hanning_Envelope:16.09
Rectified_Signal:15.56,Rectwin_Envelope:17.49,Hanning_Envelope:16.07
Rectified_Signal:7.42,Rectwin_Envelope:17.04,Hanning_Envelope:16.07
Rectified_Signal:14.39,Rectwin_Envelope:17.11,Hanning_Envelope:16.09
Rectified_Signal:20.57,Rectwin_Envelope:16.96,Hanning_Envelope:16.13
Rectified_Signal:8.55,Rectwin_Envelope:16.66,Hanning_Envelope:16.18
Rectified_Signal:2.45,Rectwin_Envelope:16.67,Hanning_Envelope:16.24
Rectified_Signal:1.44,Rectwin_Envelope:16.56,Hanning_Envelope:16.31
Rectified_Signal:14.41,Rectwin_Envelope:16.77,Hanning_Envelope:16.38
Rectified_Signal:24.37,Rectwin_Envelope:16.41,Hanning_Envelope:16.45
Rectified_Signal:15.33,Rectwin_Envelope:16.32,Hanning_Envelope:16.52
Rectified_Signal:33.60,Rectwin_Envelope:16.27,Hanning_Envelope:16.60
Rectified_Signal:43.51,Rectwin_Envelope:16.27,Hanning_Envelope:16.68
Rectified_Signal:14.46,Rectwin_Envelope:16.27,Hanning_Envelope:16.75
Rectified_Signal:2.45,Rectwin_Envelope:16.25,Hanning_Envelope:16.83
Rectified_Signal:11.43,Rectwin_Envelope:16.32,Hanning_Envelope:16.89
Rectified_Signal:26.38,Rectwin_Envelope:16.70,Hanning_Envelope:16.94
Rectified_Signal:21.58,Rectwin_Envelope:16.99,Hanning_Envelope:16.98
Rectified_Signal:31.52,Rectwin_Envelope:17.27,Hanning_Envelope:17.02
Rectified_Signal:30.42,Rectwin_Envelope:17.47,Hanning_Envelope:17.05
Rectified_Signal:10.40,Rectwin_Envelope:17.24,Hanning_Envelope:17.09
Rectified_Signal:30.54,Rectwin_Envelope:17.35,Hanning_Envelope:17.14
Rectified_Signal:15.51,Rectwin_Envelope:17.48,Hanning_Envelope:17.19
Rectified_Signal:0.50,Rectwin_Envelope:17.32,Hanning_Envelope:17.24
Rectified_Signal:1.49,Rectwin_Envelope:16.87,Hanning_Envelope:17.29
Rectified_Signal:24.44,Rectwin_Envelope:17.24,Hanning_Envelope:17.35
Rectified_Signal:18.41,Rectwin_Envelope:17.50,Hanning_Envelope:17.39
Rectified_Signal:25.54,Rectwin_Envelope:17.50,Hanning_Envelope:17.43
Rectified_Signal:39.46,Rectwin_Envelope:17.41,Hanning_Envelope:17.48
Rectified_Signal:23.49,Rectwin_Envelope:17.72,Hanning_Envelope:17.52
Rectified_Signal:6.48,Rectwin_Envelope:17.66,Hanning_Envelope:17.57
Rectified_Signal:12.45,Rectwin_Envelope:17.73,Hanning_Envelope:17.62
Rectified_Signal:2.45,Rectwin_Envelope:17.60,Hanning_Envelope:17.67
Rectified_Signal:7.43,Rectwin_Envelope:17.58,Hanning_Envelope:17.71
Rectified_Signal:13.54,Rectwin_Envelope:17.62,Hanning_Envelope:17.76
Rectified_Signal:5.53,Rectwin_Envelope:17.25,Hanning_Envelope:17.79
Rectified_Signal:8.51,Rectwin_Envelope:17.22,Hanning_Envelope:17.82
Rectified_Signal:7.50,Rectwin_Envelope:17.32,Hanning_Envelope:17.84
Rectified_Signal:33.43,Rectwin_Envelope:17.45,Hanning_Envelope:17.85
Rectified_Signal:27.38,Rectwin_Envelope:17.53,Hanning_Envelope:17.85
Rectified_Signal:0.62,Rectwin_Envelope:17.39,Hanning_Envelope:17.85
Rectified_Signal:0.62,Rectwin_Envelope:17.37,Hanning_Envelope:17.84
Rectified_Signal:41.54,Rectwin_Envelope:17.68,Hanning_Envelope:17.83
Rectified_Signal:23.49,Rectwin_Envelope:17.38,Hanning_Envelope:17.80
Rectified_Signal:29.45,Rectwin_Envelope:17.16,Hanning_Envelope:17.78
Rectified_Signal:21.41,Rectwin_Envelope:16.59,Hanning_Envelope:17.75
Rectified_Signal:29.53,Rectwin_Envelope:16.96,Hanning_Envelope:17.72
Rectified_Signal:23.48,Rectwin_Envelope:17.38,Hanning_Envelope:17.68
Rectified_Signal:27.43,Rectwin_Envelope:17.68,Hanning_Envelope:17.63
Rectified_Signal:12.40,Rectwin_Envelope:17.66,Hanning_Envelope:17.57
Rectified_Signal:5.39,Rectwin_Envelope:17.39,Hanning_Envelope:17.52
Rectified_Signal:20.57,Rectwin_Envelope:17.49,Hanning_Envelope:17.46
Rectified_Signal:21.39,Rectwin_Envelope:17.77,Hanning_Envelope:17.41
Rectified_Signal:11.37,Rectwin_Envelope:17.71,Hanning_Envelope:17.35
Rectified_Signal:14.60,Rectwin_Envelope:17.59,Hanning_Envelope:17.30
Rectified_Signal:9.58,Rectwin_Envelope:17.61,Hanning_Envelope:17.25
Rectified_Signal:0.42,Rectwin_Envelope:17.57,Hanning_Envelope:17.21
Rectified_Signal:2.41,Rectwin_Envelope:17.59,Hanning_Envelope:17.17
Rectified_Signal:32.35,Rectwin_Envelope:17.95,Hanning_Envelope:17.14
Rectified_Signal:22.30,Rectwin_Envelope:17.91,Hanning_Envelope:17.10
Rectified_Signal:21.66,Rectwin_Envelope:18.04,Hanning_Envelope:17.09
Rectified_Signal:14.63,Rectwin_Envelope:17.66,Hanning_Envelope:17.08
Rectified_Signal:10.35,Rectwin_Envelope:16.99,Hanning_Envelope:17.09
Rectified_Signal:6.63,Rectwin_Envelope:16.84,Hanning_Envelope:17.11
Rectified_Signal:8.62,Rectwin_Envelope:16.96,Hanning_Envelope:17.13
Rectified_Signal:23.34,Rectwin_Envelope:17.20,Hanning_Envelope:17.15
Rectified_Signal:20.30,Rectwin_Envelope:17.08,Hanning_Envelope:17.16
Rectified_Signal:38.63,Rectwin_Envelope:17.42,Hanning_Envelope:17.17
Rectified_Signal:14.60,Rectwin_Envelope:17.08,Hanning_Envelope:17.18
Rectified_Signal:3.40,Rectwin_Envelope:16.54,Hanning_Envelope:17.19
Rectified_Signal:8.38,Rectwin_Envelope:16.50,Hanning_Envelope:17.21
Rectified_Signal:17.59,Rectwin_Envelope:16.24,Hanning_Envelope:17.22
Rectified_Signal:27.53,Rectwin_Envelope:16.48,Hanning_Envelope:17.22
Rectified_Signal:3.52,Rectwin_Envelope:16.54,Hanning_Envelope:17.20
Rectified_Signal:9.51,Rectwin_Envelope:16.70,Hanning_Envelope:17.17
Rectified_Signal:27.44,Rectwin_Envelope:16.76,Hanning_Envelope:17.13
Rectified_Signal:16.41,Rectwin_Envelope:16.72,Hanning_Envelope:17.08
Rectified_Signal:26.54,Rectwin_Envelope:16.74,Hanning_Envelope:17.03
Rectified_Signal:34.47,Rectwin_Envelope:16.64,Hanning_Envelope:16.97
Rectified_Signal:29.47,Rectwin_Envelope:16.76,Hanning_Envelope:16.92
Rectified_Signal:21.43,Rectwin_Envelope:17.06,Hanning_Envelope:16.86
Rectified_Signal:19.39,Rectwin_Envelope:17.20,Hanning_Envelope:16.81
Rectified_Signal:10.37,Rectwin_Envelope:17.36,Hanning_Envelope:16.76
Rectified_Signal:1.63,Rectwin_Envelope:17.24,Hanning_Envelope:16.71
Rectified_Signal:10.61,Rectwin_Envelope:17.18,Hanning_Envelope:16.67
Rectified_Signal:38.31,Rectwin_Envelope:17.84,Hanning_Envelope:16.64
Rectified_Signal:23.27,Rectwin_Envelope:18.13,Hanning_Envelope:16.61
Rectified_Signal:23.69,Rectwin_Envelope:18.46,Hanning_Envelope:16.60
Rectified_Signal:1.68,Rectwin_Envelope:17.82,Hanning_Envelope:16.61
Rectified_Signal:16.29,Rectwin_Envelope:17.60,Hanning_Envelope:16.66
Rectified_Signal:8.70,Rectwin_Envelope:17.76,Hanning_Envelope:16.72
Rectified_Signal:3.69,Rectwin_Envelope:17.82,Hanning_Envelope:16.79
Rectified_Signal:14.28,Rectwin_Envelope:17.28,Hanning_Envelope:16.87
Rectified_Signal:18.24,Rectwin_Envelope:17.17,Hanning_Envelope:16.97
Rectified_Signal:26.70,Rectwin_Envelope:17.12,Hanning_Envelope:17.07
Rectified_Signal:49.60,Rectwin_Envelope:17.68,Hanning_Envelope:17.18
Rectified_Signal:10.38,Rectwin_Envelope:17.30,Hanning_Envelope:17.29
Rectified_Signal:7.61,Rectwin_Envelope:16.98,Hanning_Envelope:17.41
Rectified_Signal:13.36,Rectwin_Envelope:16.70,Hanning_Envelope:17.53
Rectified_Signal:23.32,Rectwin_Envelope:16.92,Hanning_Envelope:17.64
Rectified_Signal:3.31,Rectwin_Envelope:16.88,Hanning_Envelope:17.73
Rectified_Signal:21.65,Rectwin_Envelope:16.90,Hanning_Envelope:17.82
Rectified_Signal:20.31,Rectwin_Envelope:16.88,Hanning_Envelope:17.88
Rectified_Signal:5.30,Rectwin_Envelope:16.76,Hanning_Envelope:17.93
Rectified_Signal:26.64,Rectwin_Envelope:17.00,Hanning_Envelope:17.97
Rectified_Signal:17.61,Rectwin_Envelope:17.16,Hanning_Envelope:17.99
Rectified_Signal:0.39,Rectwin_Envelope:17.16,Hanning_Envelope:17.99
Rectified_Signal:3.60,Rectwin_Envelope:17.18,Hanning_Envelope:17.98
Rectified_Signal:23.35,Rectwin_Envelope:17.00,Hanning_Envelope:17.95
Rectified_Signal:24.30,Rectwin_Envelope:17.04,Hanning_Envelope:17.91
Rectified_Signal:10.68,Rectwin_Envelope:16.82,Hanning_Envelope:17.85
Rectified_Signal:21.63,Rectwin_Envelope:16.96,Hanning_Envelope:17.79
Rectified_Signal:17.33,Rectwin_Envelope:17.10,Hanning_Envelope:17.71
Rectified_Signal:13.30,Rectwin_Envelope:17.23,Hanning_Envelope:17.62
Rectified_Signal:24.65,Rectwin_Envelope:17.55,Hanning_Envelope:17.52
Rectified_Signal:12.62,Rectwin_Envelope:17.34,Hanning_Envelope:17.41
Rectified_Signal:2.62,Rectwin_Envelope:16.99,Hanning_Envelope:17.30
Rectified_Signal:38.54,Rectwin_Envelope:16.98,Hanning_Envelope:17.20
Rectified_Signal:25.49,Rectwin_Envelope:17.20,Hanning_Envelope:17.10
Rectified_Signal:10.49,Rectwin_Envelope:17.34,Hanning_Envelope:16.99
Rectified_Signal:5.50,Rectwin_Envelope:17.29,Hanning_Envelope:16.89
Rectified_Signal:18.46,Rectwin_Envelope:17.30,Hanning_Envelope:16.79
Rectified_Signal:21.42,Rectwin_Envelope:17.18,Hanning_Envelope:16.70
Rectified_Signal:2.41,Rectwin_Envelope:17.16,Hanning_Envelope:16.62
Rectified_Signal:8.40,Rectwin_Envelope:17.14,Hanning_Envelope:16.55
Rectified_Signal:11.58,Rectwin_Envelope:16.82,Hanning_Envelope:16.48
Rectified_Signal:34.51,Rectwin_Envelope:17.18,Hanning_Envelope:16.42
Rectified_Signal:45.40,Rectwin_Envelope:17.56,Hanning_Envelope:16.37
Rectified_Signal:40.32,Rectwin_Envelope:17.68,Hanning_Envelope:16.34
Rectified_Signal:10.66,Rectwin_Envelope:17.30,Hanning_Envelope:16.32
Rectified_Signal:13.63,Rectwin_Envelope:17.14,Hanning_Envelope:16.34
Rectified_Signal:12.61,Rectwin_Envelope:17.01,Hanning_Envelope:16.37
Rectified_Signal:10.59,Rectwin_Envelope:17.01,Hanning_Envelope:16.41
Rectified_Signal:13.39,Rectwin_Envelope:17.25,Hanning_Envelope:16.46
Rectified_Signal:8.37,Rectwin_Envelope:17.20,Hanning_Envelope:16.51
Rectified_Signal:36.56,Rectwin_Envelope:17.17,Hanning_Envelope:16.57
Rectified_Signal:18.52,Rectwin_Envelope:17.07,Hanning_Envelope:16.65
Rectified_Signal:23.43,Rectwin_Envelope:17.07,Hanning_Envelope:16.73
Rectified_Signal:25.38,Rectwin_Envelope:17.54,Hanning_Envelope:16.83
Rectified_Signal:6.60,Rectwin_Envelope:17.35,Hanning_Envelope:16.92
Rectified_Signal:5.59,Rectwin_Envelope:17.29,Hanning_Envelope:17.03
Rectified_Signal:36.52,Rectwin_Envelope:17.94,Hanning_Envelope:17.14
Rectified_Signal:30.46,Rectwin_Envelope:18.27,Hanning_Envelope:17.25
Rectified_Signal:23.50,Rectwin_Envelope:18.37,Hanning_Envelope:17.37
Rectified_Signal:17.46,Rectwin_Envelope:18.19,Hanning_Envelope:17.50
Rectified_Signal:25.41,Rectwin_Envelope:17.70,Hanning_Envelope:17.64
Rectified_Signal:36.52,Rectwin_Envelope:18.23,Hanning_Envelope:17.81
Rectified_Signal:16.48,Rectwin_Envelope:18.40,Hanning_Envelope:17.97
Rectified_Signal:12.46,Rectwin_Envelope:18.39,Hanning_Envelope:18.14
Rectified_Signal:12.43,Rectwin_Envelope:18.17,Hanning_Envelope:18.30
Rectified_Signal:8.55,Rectwin_Envelope:18.27,Hanning_Envelope:18.47
Rectified_Signal:29.49,Rectwin_Envelope:18.43,Hanning_Envelope:18.64
Rectified_Signal:23.46,Rectwin_Envelope:18.49,Hanning_Envelope:18.79
Rectified_Signal:10.44,Rectwin_Envelope:18.60,Hanning_Envelope:18.95
Rectified_Signal:29.50,Rectwin_Envelope:18.65,Hanning_Envelope:19.09
Rectified_Signal:31.44,Rectwin_Envelope:18.93,Hanning_Envelope:19.23
Rectified_Signal:1.56,Rectwin_Envelope:18.95,Hanning_Envelope:19.36
Rectified_Signal:9.42,Rectwin_Envelope:19.07,Hanning_Envelope:19.48
Rectified_Signal:29.52,Rectwin_Envelope:19.19,Hanning_Envelope:19.59
Rectified_Signal:22.48,Rectwin_Envelope:19.16,Hanning_Envelope:19.69
Rectified_Signal:38.45,Rectwin_Envelope:19.71,Hanning_Envelope:19.79
Rectified_Signal:45.36,Rectwin_Envelope:20.19,Hanning_Envelope:19.88
Rectified_Signal:11.62,Rectwin_Envelope:20.07,Hanning_Envelope:19.96
Rectified_Signal:12.59,Rectwin_Envelope:20.06,Hanning_Envelope:20.05
Rectified_Signal:17.56,Rectwin_Envelope:19.92,Hanning_Envelope:20.14
Rectified_Signal:22.51,Rectwin_Envelope:20.11,Hanning_Envelope:20.23
Rectified_Signal:6.50,Rectwin_Envelope:20.19,Hanning_Envelope:20.31
Rectified_Signal:13.47,Rectwin_Envelope:19.69,Hanning_Envelope:20.39
Rectified_Signal:25.48,Rectwin_Envelope:19.69,Hanning_Envelope:20.46
Rectified_Signal:8.46,Rectwin_Envelope:19.65,Hanning_Envelope:20.52
Rectified_Signal:25.49,Rectwin_Envelope:20.05,Hanning_Envelope:20.58
Rectified_Signal:25.44,Rectwin_Envelope:20.19,Hanning_Envelope:20.61
Rectified_Signal:2.56,Rectwin_Envelope:19.81,Hanning_Envelope:20.63
Rectified_Signal:4.44,Rectwin_Envelope:19.85,Hanning_Envelope:20.65
Rectified_Signal:11.41,Rectwin_Envelope:19.91,Hanning_Envelope:20.65
Rectified_Signal:8.40,Rectwin_Envelope:19.85,Hanning_Envelope:20.63
Rectified_Signal:1.60,Rectwin_Envelope:19.19,Hanning_Envelope:20.60
Rectified_Signal:35.33,Rectwin_Envelope:18.99,Hanning_Envelope:20.56
Rectified_Signal:40.25,Rectwin_Envelope:18.99,Hanning_Envelope:20.50
Rectified_Signal:23.70,Rectwin_Envelope:19.25,Hanning_Envelope:20.42
Rectified_Signal:5.69,Rectwin_Envelope:19.09,Hanning_Envelope:20.32
Rectified_Signal:6.68,Rectwin_Envelope:18.97,Hanning_Envelope:20.21
Rectified_Signal:37.60,Rectwin_Envelope:19.51,Hanning_Envelope:20.08
Rectified_Signal:9.38,Rectwin_Envelope:19.43,Hanning_Envelope:19.93
Rectified_Signal:25.33,Rectwin_Envelope:19.77,Hanning_Envelope:19.77
Rectified_Signal:32.61,Rectwin_Envelope:19.69,Hanning_Envelope:19.60
Rectified_Signal:24.56,Rectwin_Envelope:19.81,Hanning_Envelope:19.45
Rectified_Signal:34.37,Rectwin_Envelope:20.03,Hanning_Envelope:19.29
Rectified_Signal:14.34,Rectwin_Envelope:19.81,Hanning_Envelope:19.15
Rectified_Signal:14.63,Rectwin_Envelope:19.97,Hanning_Envelope:19.02
Rectified_Signal:8.61,Rectwin_Envelope:20.03,Hanning_Envelope:18.90
Rectified_Signal:39.53,Rectwin_Envelope:20.09,Hanning_Envelope:18.79
Rectified_Signal:42.44,Rectwin_Envelope:20.33,Hanning_Envelope:18.71
Rectified_Signal:11.53,Rectwin_Envelope:20.09,Hanning_Envelope:18.64
Rectified_Signal:26.48,Rectwin_Envelope:20.27,Hanning_Envelope:18.61
Rectified_Signal:36.45,Rectwin_Envelope:20.49,Hanning_Envelope:18.60
Rectified_Signal:14.42,Rectwin_Envelope:20.05,Hanning_Envelope:18.62
Rectified_Signal:18.38,Rectwin_Envelope:20.09,Hanning_Envelope:18.66
Rectified_Signal:2.38,Rectwin_Envelope:19.89,Hanning_Envelope:18.73
Rectified_Signal:5.61,Rectwin_Envelope:19.75,Hanning_Envelope:18.82
Rectified_Signal:24.56,Rectwin_Envelope:20.07,Hanning_Envelope:18.92
Rectified_Signal:24.51,Rectwin_Envelope:19.97,Hanning_Envelope:19.03
Rectified_Signal:26.43,Rectwin_Envelope:20.03,Hanning_Envelope:19.15
Rectified_Signal:2.43,Rectwin_Envelope:19.87,Hanning_Envelope:19.29
Rectified_Signal:31.51,Rectwin_Envelope:19.91,Hanning_Envelope:19.44
Rectified_Signal:14.48,Rectwin_Envelope:19.57,Hanning_Envelope:19.60
Rectified_Signal:7.47,Rectwin_Envelope:19.69,Hanning_Envelope:19.76
Rectified_Signal:5.45,Rectwin_Envelope:19.61,Hanning_Envelope:19.92
Rectified_Signal:34.48,Rectwin_Envelope:19.71,Hanning_Envelope:20.07
Rectified_Signal:19.44,Rectwin_Envelope:19.65,Hanning_Envelope:20.22
Rectified_Signal:20.52,Rectwin_Envelope:19.29,Hanning_Envelope:20.35
Rectified_Signal:43.43,Rectwin_Envelope:19.25,Hanning_Envelope:20.48
Rectified_Signal:30.50,Rectwin_Envelope:19.63,Hanning_Envelope:20.60
Rectified_Signal:17.47,Rectwin_Envelope:19.73,Hanning_Envelope:20.70
Rectified_Signal:2.53,Rectwin_Envelope:19.43,Hanning_Envelope:20.78
Rectified_Signal:1.52,Rectwin_Envelope:19.01,Hanning_Envelope:20.84
Rectified_Signal:2.52,Rectwin_Envelope:18.93,Hanning_Envelope:20.89
Rectified_Signal:25.47,Rectwin_Envelope:19.17,Hanning_Envelope:20.90
Rectified_Signal:28.48,Rectwin_Envelope:19.23,Hanning_Envelope:20.87
Rectified_Signal:23.43,Rectwin_Envelope:19.53,Hanning_Envelope:20.83
Rectified_Signal:21.53,Rectwin_Envelope:19.45,Hanning_Envelope:20.76
